#! /c/Source/iverilog-install/bin/vvp
:ivl_version "12.0 (devel)" "(s20150603-1539-g2693dd32b)";
:ivl_delay_selection "TYPICAL";
:vpi_time_precision - 12;
:vpi_module "C:\Users\rnish\vscode\PASUPA~1\PIVOTV~1\iverilog\lib\ivl\system.vpi";
:vpi_module "C:\Users\rnish\vscode\PASUPA~1\PIVOTV~1\iverilog\lib\ivl\vhdl_sys.vpi";
:vpi_module "C:\Users\rnish\vscode\PASUPA~1\PIVOTV~1\iverilog\lib\ivl\vhdl_textio.vpi";
:vpi_module "C:\Users\rnish\vscode\PASUPA~1\PIVOTV~1\iverilog\lib\ivl\v2005_math.vpi";
:vpi_module "C:\Users\rnish\vscode\PASUPA~1\PIVOTV~1\iverilog\lib\ivl\va_math.vpi";
S_0000026413aa3c70 .scope module, "test_3_3_i2c_loopback" "test_3_3_i2c_loopback" 2 4;
 .timescale -9 -12;
L_0000026413a625d0 .functor AND 1, L_0000026413b29c70, L_0000026413b28b90, C4<1>, C4<1>;
L_0000026413a63bb0 .functor AND 1, L_0000026413b2a8f0, L_0000026413b28af0, C4<1>, C4<1>;
L_0000026413a63590 .functor BUFT 1, C8<551>, C4<0>, C4<0>, C4<0>;
RS_0000026413ab9ae8 .resolv tri, L_0000026413b28ff0, L_0000026413a63590;
L_0000026413a63d00 .functor BUFZ 1, RS_0000026413ab9ae8, C4<0>, C4<0>, C4<0>;
L_0000026413a63750 .functor BUFT 1, C8<551>, C4<0>, C4<0>, C4<0>;
RS_0000026413ab9ab8 .resolv tri, L_0000026413b299f0, L_0000026413a63750;
L_0000026413a62db0 .functor BUFZ 1, RS_0000026413ab9ab8, C4<0>, C4<0>, C4<0>;
v0000026413b266b0_0 .net *"_ivl_1", 0 0, L_0000026413b29c70;  1 drivers
o0000026413ab97e8 .functor BUFZ 1, C4<z>; HiZ drive
; Elide local net with no drivers, v0000026413b26750_0 name=_ivl_10
v0000026413b26b10_0 .net *"_ivl_15", 0 0, L_0000026413b2a8f0;  1 drivers
v0000026413b270b0_0 .net *"_ivl_17", 0 0, L_0000026413b29e50;  1 drivers
v0000026413b27970_0 .net *"_ivl_19", 0 0, L_0000026413b28af0;  1 drivers
v0000026413b26d90_0 .net *"_ivl_21", 0 0, L_0000026413a63bb0;  1 drivers
L_0000026413b311d0 .functor BUFT 1, C4<0>, C4<0>, C4<0>, C4<0>;
v0000026413b275b0_0 .net/2u *"_ivl_22", 0 0, L_0000026413b311d0;  1 drivers
o0000026413ab9908 .functor BUFZ 1, C4<z>; HiZ drive
; Elide local net with no drivers, v0000026413b27510_0 name=_ivl_24
v0000026413b28910_0 .net *"_ivl_3", 0 0, L_0000026413b28a50;  1 drivers
v0000026413b27830_0 .net *"_ivl_33", 0 0, L_0000026413a63d00;  1 drivers
v0000026413b278d0_0 .net *"_ivl_37", 0 0, L_0000026413a62db0;  1 drivers
L_0000026413b31218 .functor BUFT 1, C4<000000>, C4<0>, C4<0>, C4<0>;
v0000026413b28870_0 .net/2s *"_ivl_41", 5 0, L_0000026413b31218;  1 drivers
v0000026413b26930_0 .net *"_ivl_5", 0 0, L_0000026413b28b90;  1 drivers
v0000026413b261b0_0 .net *"_ivl_7", 0 0, L_0000026413a625d0;  1 drivers
L_0000026413b31188 .functor BUFT 1, C4<0>, C4<0>, C4<0>, C4<0>;
v0000026413b28190_0 .net/2u *"_ivl_8", 0 0, L_0000026413b31188;  1 drivers
v0000026413b26bb0_0 .var "clk", 0 0;
v0000026413b264d0_0 .var "ena", 0 0;
v0000026413b271f0_0 .var "received_data", 7 0;
v0000026413b27a10_0 .var "rst_n", 0 0;
v0000026413b26430_0 .net8 "scl", 0 0, RS_0000026413ab9ab8;  2 drivers, strength-aware
v0000026413b27ab0_0 .net8 "sda", 0 0, RS_0000026413ab9ae8;  2 drivers, strength-aware
v0000026413b28230_0 .var "ui_in", 7 0;
v0000026413b282d0_0 .net "uio_in", 7 0, L_0000026413b294f0;  1 drivers
v0000026413b285f0_0 .net "uio_oe", 7 0, L_0000026413b983e0;  1 drivers
v0000026413b2a7b0_0 .net "uio_out", 7 0, L_0000026413b97620;  1 drivers
v0000026413b28f50_0 .net "uo_out", 7 0, L_0000026413b98ca0;  1 drivers
L_0000026413b29c70 .part L_0000026413b983e0, 0, 1;
L_0000026413b28a50 .part L_0000026413b97620, 0, 1;
L_0000026413b28b90 .reduce/nor L_0000026413b28a50;
L_0000026413b28ff0 .functor MUXZ 1, o0000026413ab97e8, L_0000026413b31188, L_0000026413a625d0, C4<>;
L_0000026413b2a8f0 .part L_0000026413b983e0, 1, 1;
L_0000026413b29e50 .part L_0000026413b97620, 1, 1;
L_0000026413b28af0 .reduce/nor L_0000026413b29e50;
L_0000026413b299f0 .functor MUXZ 1, o0000026413ab9908, L_0000026413b311d0, L_0000026413a63bb0, C4<>;
L_0000026413b294f0 .concat8 [ 1 1 6 0], L_0000026413a63d00, L_0000026413a62db0, L_0000026413b31218;
S_0000026413a9f940 .scope module, "dut" "top" 2 26, 3 3 0, S_0000026413aa3c70;
 .timescale 0 0;
    .port_info 0 /INPUT 8 "ui_in";
    .port_info 1 /OUTPUT 8 "uo_out";
    .port_info 2 /INPUT 8 "uio_in";
    .port_info 3 /OUTPUT 8 "uio_out";
    .port_info 4 /OUTPUT 8 "uio_oe";
    .port_info 5 /INPUT 1 "ena";
    .port_info 6 /INPUT 1 "clk";
    .port_info 7 /INPUT 1 "rst_n";
L_0000026413a63830 .functor BUFZ 1, v0000026413b16c70_0, C4<0>, C4<0>, C4<0>;
L_0000026413a63de0 .functor BUFZ 4, L_0000026413b29d10, C4<0000>, C4<0000>, C4<0000>;
L_0000026413a63c90 .functor AND 1, L_0000026413b2a850, v0000026413a3d180_0, C4<1>, C4<1>;
L_0000026413a63f30 .functor AND 1, L_0000026413a63c90, L_0000026413b2a490, C4<1>, C4<1>;
L_0000026413a63fa0 .functor AND 1, L_0000026413b29db0, v0000026413a3d4a0_0, C4<1>, C4<1>;
L_0000026413a64010 .functor AND 1, L_0000026413a63fa0, L_0000026413b2aa30, C4<1>, C4<1>;
L_0000026413a63210 .functor AND 1, L_0000026413b28e10, v0000026413a3d4a0_0, C4<1>, C4<1>;
L_0000026413a62800 .functor AND 1, L_0000026413b29590, v0000026413a3d4a0_0, C4<1>, C4<1>;
L_0000026413a62640 .functor AND 1, L_0000026413b29b30, v0000026413a3d180_0, C4<1>, C4<1>;
L_0000026413a62b80 .functor AND 1, L_0000026413a62640, L_0000026413b29ef0, C4<1>, C4<1>;
L_0000026413a63280 .functor AND 1, L_0000026413b29f90, v0000026413a3d4a0_0, C4<1>, C4<1>;
L_0000026413a62f00 .functor AND 1, L_0000026413a63280, L_0000026413b29770, C4<1>, C4<1>;
L_0000026413a633d0 .functor OR 1, L_0000026413a62b80, L_0000026413a62f00, C4<0>, C4<0>;
L_0000026413a62f70 .functor AND 1, L_0000026413b29090, v0000026413a3d180_0, C4<1>, C4<1>;
L_0000026413a64240 .functor AND 1, L_0000026413a62f70, L_0000026413b2acb0, C4<1>, C4<1>;
L_0000026413a642b0 .functor OR 1, L_0000026413a633d0, L_0000026413a64240, C4<0>, C4<0>;
L_0000026413a21e20 .functor BUFZ 4, L_0000026413b99d80, C4<0000>, C4<0000>, C4<0000>;
L_0000026413a20f40 .functor AND 1, L_0000026413b9a6e0, v0000026413b02b10_0, C4<1>, C4<1>;
L_0000026413a213a0 .functor AND 1, L_0000026413a20f40, L_0000026413b9a0a0, C4<1>, C4<1>;
L_0000026413a21b80 .functor AND 1, L_0000026413b9b4a0, v0000026413b031f0_0, C4<1>, C4<1>;
L_0000026413a20ae0 .functor AND 1, L_0000026413a21b80, L_0000026413b9b5e0, C4<1>, C4<1>;
L_00000264139d1b50 .functor AND 1, L_0000026413b9a320, v0000026413b031f0_0, C4<1>, C4<1>;
L_00000264139d14c0 .functor AND 1, L_0000026413b99380, v0000026413b031f0_0, C4<1>, C4<1>;
L_00000264139d0ff0 .functor AND 1, L_0000026413b9ad20, v0000026413b02b10_0, C4<1>, C4<1>;
L_00000264139d1060 .functor AND 1, L_00000264139d0ff0, L_0000026413b9ab40, C4<1>, C4<1>;
L_00000264139d1530 .functor AND 1, L_0000026413b99600, v0000026413b031f0_0, C4<1>, C4<1>;
L_00000264139d0490 .functor AND 1, L_00000264139d1530, L_0000026413b9abe0, C4<1>, C4<1>;
L_00000264139d06c0 .functor OR 1, L_00000264139d1060, L_00000264139d0490, C4<0>, C4<0>;
L_0000026413b9c5e0 .functor AND 1, L_0000026413b99ec0, v0000026413b02b10_0, C4<1>, C4<1>;
L_0000026413b9d840 .functor AND 1, L_0000026413b9c5e0, L_0000026413b9a640, C4<1>, C4<1>;
L_0000026413b9cc00 .functor OR 1, L_00000264139d06c0, L_0000026413b9d840, C4<0>, C4<0>;
L_0000026413b9d5a0 .functor BUFZ 4, L_0000026413b99240, C4<0000>, C4<0000>, C4<0000>;
L_0000026413b9d0d0 .functor AND 1, L_0000026413b9a5a0, v0000026413b04910_0, C4<1>, C4<1>;
L_0000026413b9c3b0 .functor AND 1, L_0000026413b9d0d0, L_0000026413b992e0, C4<1>, C4<1>;
L_0000026413b9d1b0 .functor AND 1, L_0000026413b99f60, v0000026413b04c30_0, C4<1>, C4<1>;
L_0000026413b9ce30 .functor AND 1, L_0000026413b9d1b0, L_0000026413b99ce0, C4<1>, C4<1>;
L_0000026413b9c650 .functor AND 1, L_0000026413b9bf40, v0000026413b04c30_0, C4<1>, C4<1>;
L_0000026413b9c6c0 .functor AND 1, L_0000026413b9bfe0, v0000026413b04c30_0, C4<1>, C4<1>;
L_0000026413b9d4c0 .functor AND 1, L_0000026413b9b900, v0000026413b04910_0, C4<1>, C4<1>;
L_0000026413b9c730 .functor AND 1, L_0000026413b9d4c0, L_0000026413b9aa00, C4<1>, C4<1>;
L_0000026413b9c9d0 .functor AND 1, L_0000026413b9bd60, v0000026413b04c30_0, C4<1>, C4<1>;
L_0000026413b9d6f0 .functor AND 1, L_0000026413b9c9d0, L_0000026413b9bcc0, C4<1>, C4<1>;
L_0000026413b9c500 .functor OR 1, L_0000026413b9c730, L_0000026413b9d6f0, C4<0>, C4<0>;
L_0000026413b9dbc0 .functor AND 1, L_0000026413b96360, v0000026413b04910_0, C4<1>, C4<1>;
L_0000026413b9c490 .functor AND 1, L_0000026413b9dbc0, L_0000026413b958c0, C4<1>, C4<1>;
L_0000026413b9d370 .functor OR 1, L_0000026413b9c500, L_0000026413b9c490, C4<0>, C4<0>;
L_0000026413b9d530 .functor BUFZ 4, L_0000026413b94420, C4<0000>, C4<0000>, C4<0000>;
L_0000026413b9d7d0 .functor AND 1, L_0000026413b947e0, v0000026413b0e8b0_0, C4<1>, C4<1>;
L_0000026413b9c810 .functor AND 1, L_0000026413b9d7d0, L_0000026413b95f00, C4<1>, C4<1>;
L_0000026413b9d060 .functor AND 1, L_0000026413b95b40, v0000026413b0fad0_0, C4<1>, C4<1>;
L_0000026413b9c880 .functor AND 1, L_0000026413b9d060, L_0000026413b95c80, C4<1>, C4<1>;
L_0000026413b9dae0 .functor AND 1, L_0000026413b95e60, v0000026413b0fad0_0, C4<1>, C4<1>;
L_0000026413b9c8f0 .functor AND 1, L_0000026413b95640, v0000026413b0fad0_0, C4<1>, C4<1>;
L_0000026413b9db50 .functor AND 1, L_0000026413b942e0, v0000026413b0e8b0_0, C4<1>, C4<1>;
L_0000026413b9dc30 .functor AND 1, L_0000026413b9db50, L_0000026413b95fa0, C4<1>, C4<1>;
L_0000026413b9d920 .functor AND 1, L_0000026413b94380, v0000026413b0fad0_0, C4<1>, C4<1>;
L_0000026413b9c2d0 .functor AND 1, L_0000026413b9d920, L_0000026413b95aa0, C4<1>, C4<1>;
L_0000026413b9d990 .functor OR 1, L_0000026413b9dc30, L_0000026413b9c2d0, C4<0>, C4<0>;
L_0000026413b9c960 .functor AND 1, L_0000026413b946a0, v0000026413b0e8b0_0, C4<1>, C4<1>;
L_0000026413b9c570 .functor AND 1, L_0000026413b9c960, L_0000026413b94ba0, C4<1>, C4<1>;
L_0000026413b9d140 .functor OR 1, L_0000026413b9d990, L_0000026413b9c570, C4<0>, C4<0>;
L_0000026413b9cff0 .functor OR 4, v0000026413a3ca00_0, v0000026413b036f0_0, C4<0000>, C4<0000>;
L_0000026413b9dca0 .functor OR 4, L_0000026413b9cff0, v0000026413b03fb0_0, C4<0000>, C4<0000>;
L_0000026413b9c180 .functor OR 4, L_0000026413b9dca0, v0000026413b0e9f0_0, C4<0000>, C4<0000>;
L_0000026413b9c1f0 .functor AND 4, v0000026413a3ca00_0, v00000264139bbbf0_0, C4<1111>, C4<1111>;
L_0000026413b9d290 .functor AND 4, v0000026413b036f0_0, v0000026413b029d0_0, C4<1111>, C4<1111>;
L_0000026413b9c260 .functor AND 4, v0000026413b03fb0_0, v0000026413b04cd0_0, C4<1111>, C4<1111>;
L_0000026413b9e410 .functor AND 4, v0000026413b0e9f0_0, v0000026413b0eb30_0, C4<1111>, C4<1111>;
L_0000026413b9df40 .functor OR 4, L_0000026413b9c1f0, L_0000026413b9d290, C4<0000>, C4<0000>;
L_0000026413b9e1e0 .functor OR 4, L_0000026413b9df40, L_0000026413b9c260, C4<0000>, C4<0000>;
L_0000026413b9e5d0 .functor OR 4, L_0000026413b9e1e0, L_0000026413b9e410, C4<0000>, C4<0000>;
L_0000026413b9f590 .functor BUFZ 1, L_0000026413b29ef0, C4<0>, C4<0>, C4<0>;
L_0000026413b9f7c0 .functor BUFZ 1, L_0000026413b9ab40, C4<0>, C4<0>, C4<0>;
L_0000026413b9eaa0 .functor BUFZ 1, L_0000026413b9aa00, C4<0>, C4<0>, C4<0>;
L_0000026413b9dfb0 .functor BUFZ 1, L_0000026413b95fa0, C4<0>, C4<0>, C4<0>;
L_0000026413b9e020 .functor BUFZ 1, L_0000026413b2a170, C4<0>, C4<0>, C4<0>;
L_0000026413b9e170 .functor BUFZ 1, L_0000026413b99740, C4<0>, C4<0>, C4<0>;
L_0000026413b9f4b0 .functor BUFZ 1, L_0000026413b9a140, C4<0>, C4<0>, C4<0>;
v0000026413b1dd10_0 .net *"_ivl_101", 0 0, L_0000026413b9a0a0;  1 drivers
L_0000026413b31e30 .functor BUFT 1, C4<0100>, C4<0>, C4<0>, C4<0>;
v0000026413b1d090_0 .net/2u *"_ivl_104", 3 0, L_0000026413b31e30;  1 drivers
v0000026413b1f110_0 .net *"_ivl_106", 0 0, L_0000026413b9b4a0;  1 drivers
v0000026413b1e2b0_0 .net *"_ivl_109", 0 0, L_0000026413a21b80;  1 drivers
v0000026413b1ddb0_0 .net *"_ivl_11", 0 0, L_0000026413a63830;  1 drivers
v0000026413b1de50_0 .net *"_ivl_111", 0 0, L_0000026413b9b5e0;  1 drivers
L_0000026413b31fe0 .functor BUFT 1, C4<0111>, C4<0>, C4<0>, C4<0>;
v0000026413b1e490_0 .net/2u *"_ivl_114", 3 0, L_0000026413b31fe0;  1 drivers
v0000026413b1e990_0 .net *"_ivl_116", 0 0, L_0000026413b9a320;  1 drivers
v0000026413b1e350_0 .net *"_ivl_12", 3 0, L_0000026413b29d10;  1 drivers
L_0000026413b32028 .functor BUFT 1, C4<1000>, C4<0>, C4<0>, C4<0>;
v0000026413b1f2f0_0 .net/2u *"_ivl_120", 3 0, L_0000026413b32028;  1 drivers
v0000026413b1ea30_0 .net *"_ivl_122", 0 0, L_0000026413b99380;  1 drivers
L_0000026413b32100 .functor BUFT 1, C4<0101>, C4<0>, C4<0>, C4<0>;
v0000026413b1eb70_0 .net/2u *"_ivl_126", 3 0, L_0000026413b32100;  1 drivers
v0000026413b1f250_0 .net *"_ivl_128", 0 0, L_0000026413b9ad20;  1 drivers
v0000026413b1f6b0_0 .net *"_ivl_131", 0 0, L_00000264139d0ff0;  1 drivers
v0000026413b1d8b0_0 .net *"_ivl_133", 0 0, L_00000264139d1060;  1 drivers
L_0000026413b32148 .functor BUFT 1, C4<0100>, C4<0>, C4<0>, C4<0>;
v0000026413b1d130_0 .net/2u *"_ivl_134", 3 0, L_0000026413b32148;  1 drivers
v0000026413b1df90_0 .net *"_ivl_136", 0 0, L_0000026413b99600;  1 drivers
v0000026413b1e3f0_0 .net *"_ivl_139", 0 0, L_00000264139d1530;  1 drivers
v0000026413b1d590_0 .net *"_ivl_14", 8 0, L_0000026413b2ad50;  1 drivers
v0000026413b1d950_0 .net *"_ivl_141", 0 0, L_00000264139d0490;  1 drivers
v0000026413b1d1d0_0 .net *"_ivl_143", 0 0, L_00000264139d06c0;  1 drivers
L_0000026413b32190 .functor BUFT 1, C4<0111>, C4<0>, C4<0>, C4<0>;
v0000026413b1d310_0 .net/2u *"_ivl_144", 3 0, L_0000026413b32190;  1 drivers
v0000026413b1d630_0 .net *"_ivl_146", 0 0, L_0000026413b99ec0;  1 drivers
v0000026413b1d6d0_0 .net *"_ivl_149", 0 0, L_0000026413b9c5e0;  1 drivers
v0000026413b1d770_0 .net *"_ivl_151", 0 0, L_0000026413b9a640;  1 drivers
v0000026413b1d9f0_0 .net *"_ivl_153", 0 0, L_0000026413b9d840;  1 drivers
v0000026413b1db30_0 .net *"_ivl_158", 3 0, L_0000026413b99240;  1 drivers
v0000026413b210f0_0 .net *"_ivl_160", 8 0, L_0000026413b9a500;  1 drivers
L_0000026413b32610 .functor BUFT 1, C4<00>, C4<0>, C4<0>, C4<0>;
v0000026413b20fb0_0 .net *"_ivl_163", 1 0, L_0000026413b32610;  1 drivers
L_0000026413b32658 .functor BUFT 1, C4<0101>, C4<0>, C4<0>, C4<0>;
v0000026413b20970_0 .net/2u *"_ivl_168", 3 0, L_0000026413b32658;  1 drivers
L_0000026413b31260 .functor BUFT 1, C4<00>, C4<0>, C4<0>, C4<0>;
v0000026413b1fbb0_0 .net *"_ivl_17", 1 0, L_0000026413b31260;  1 drivers
v0000026413b214b0_0 .net *"_ivl_170", 0 0, L_0000026413b9a5a0;  1 drivers
v0000026413b20e70_0 .net *"_ivl_173", 0 0, L_0000026413b9d0d0;  1 drivers
v0000026413b1fc50_0 .net *"_ivl_175", 0 0, L_0000026413b992e0;  1 drivers
L_0000026413b32808 .functor BUFT 1, C4<0100>, C4<0>, C4<0>, C4<0>;
v0000026413b206f0_0 .net/2u *"_ivl_178", 3 0, L_0000026413b32808;  1 drivers
v0000026413b20830_0 .net *"_ivl_180", 0 0, L_0000026413b99f60;  1 drivers
v0000026413b1fcf0_0 .net *"_ivl_183", 0 0, L_0000026413b9d1b0;  1 drivers
v0000026413b1fb10_0 .net *"_ivl_185", 0 0, L_0000026413b99ce0;  1 drivers
L_0000026413b329b8 .functor BUFT 1, C4<0111>, C4<0>, C4<0>, C4<0>;
v0000026413b1fd90_0 .net/2u *"_ivl_188", 3 0, L_0000026413b329b8;  1 drivers
v0000026413b20a10_0 .net *"_ivl_190", 0 0, L_0000026413b9bf40;  1 drivers
L_0000026413b32a00 .functor BUFT 1, C4<1000>, C4<0>, C4<0>, C4<0>;
v0000026413b20c90_0 .net/2u *"_ivl_194", 3 0, L_0000026413b32a00;  1 drivers
v0000026413b1fe30_0 .net *"_ivl_196", 0 0, L_0000026413b9bfe0;  1 drivers
L_0000026413b312a8 .functor BUFT 1, C4<0101>, C4<0>, C4<0>, C4<0>;
v0000026413b200b0_0 .net/2u *"_ivl_20", 3 0, L_0000026413b312a8;  1 drivers
L_0000026413b32ad8 .functor BUFT 1, C4<0101>, C4<0>, C4<0>, C4<0>;
v0000026413b20330_0 .net/2u *"_ivl_200", 3 0, L_0000026413b32ad8;  1 drivers
v0000026413b21910_0 .net *"_ivl_202", 0 0, L_0000026413b9b900;  1 drivers
v0000026413b219b0_0 .net *"_ivl_205", 0 0, L_0000026413b9d4c0;  1 drivers
v0000026413b21eb0_0 .net *"_ivl_207", 0 0, L_0000026413b9c730;  1 drivers
L_0000026413b32b20 .functor BUFT 1, C4<0100>, C4<0>, C4<0>, C4<0>;
v0000026413b20650_0 .net/2u *"_ivl_208", 3 0, L_0000026413b32b20;  1 drivers
v0000026413b1fed0_0 .net *"_ivl_210", 0 0, L_0000026413b9bd60;  1 drivers
v0000026413b20ab0_0 .net *"_ivl_213", 0 0, L_0000026413b9c9d0;  1 drivers
v0000026413b1f9d0_0 .net *"_ivl_215", 0 0, L_0000026413b9d6f0;  1 drivers
v0000026413b20790_0 .net *"_ivl_217", 0 0, L_0000026413b9c500;  1 drivers
L_0000026413b32b68 .functor BUFT 1, C4<0111>, C4<0>, C4<0>, C4<0>;
v0000026413b1ff70_0 .net/2u *"_ivl_218", 3 0, L_0000026413b32b68;  1 drivers
v0000026413b20150_0 .net *"_ivl_22", 0 0, L_0000026413b2a850;  1 drivers
v0000026413b201f0_0 .net *"_ivl_220", 0 0, L_0000026413b96360;  1 drivers
v0000026413b20290_0 .net *"_ivl_223", 0 0, L_0000026413b9dbc0;  1 drivers
v0000026413b20b50_0 .net *"_ivl_225", 0 0, L_0000026413b958c0;  1 drivers
v0000026413b1fa70_0 .net *"_ivl_227", 0 0, L_0000026413b9c490;  1 drivers
v0000026413b20010_0 .net *"_ivl_232", 3 0, L_0000026413b94420;  1 drivers
v0000026413b1f7f0_0 .net *"_ivl_234", 8 0, L_0000026413b944c0;  1 drivers
L_0000026413b32fe8 .functor BUFT 1, C4<00>, C4<0>, C4<0>, C4<0>;
v0000026413b203d0_0 .net *"_ivl_237", 1 0, L_0000026413b32fe8;  1 drivers
L_0000026413b33030 .functor BUFT 1, C4<0101>, C4<0>, C4<0>, C4<0>;
v0000026413b20bf0_0 .net/2u *"_ivl_242", 3 0, L_0000026413b33030;  1 drivers
v0000026413b21050_0 .net *"_ivl_244", 0 0, L_0000026413b947e0;  1 drivers
v0000026413b21af0_0 .net *"_ivl_247", 0 0, L_0000026413b9d7d0;  1 drivers
v0000026413b21370_0 .net *"_ivl_249", 0 0, L_0000026413b95f00;  1 drivers
v0000026413b20470_0 .net *"_ivl_25", 0 0, L_0000026413a63c90;  1 drivers
L_0000026413b331e0 .functor BUFT 1, C4<0100>, C4<0>, C4<0>, C4<0>;
v0000026413b21550_0 .net/2u *"_ivl_252", 3 0, L_0000026413b331e0;  1 drivers
v0000026413b20510_0 .net *"_ivl_254", 0 0, L_0000026413b95b40;  1 drivers
v0000026413b1f890_0 .net *"_ivl_257", 0 0, L_0000026413b9d060;  1 drivers
v0000026413b205b0_0 .net *"_ivl_259", 0 0, L_0000026413b95c80;  1 drivers
L_0000026413b33390 .functor BUFT 1, C4<0111>, C4<0>, C4<0>, C4<0>;
v0000026413b1f930_0 .net/2u *"_ivl_262", 3 0, L_0000026413b33390;  1 drivers
v0000026413b208d0_0 .net *"_ivl_264", 0 0, L_0000026413b95e60;  1 drivers
L_0000026413b333d8 .functor BUFT 1, C4<1000>, C4<0>, C4<0>, C4<0>;
v0000026413b20d30_0 .net/2u *"_ivl_268", 3 0, L_0000026413b333d8;  1 drivers
v0000026413b20dd0_0 .net *"_ivl_27", 0 0, L_0000026413b2a490;  1 drivers
v0000026413b20f10_0 .net *"_ivl_270", 0 0, L_0000026413b95640;  1 drivers
L_0000026413b334b0 .functor BUFT 1, C4<0101>, C4<0>, C4<0>, C4<0>;
v0000026413b21190_0 .net/2u *"_ivl_274", 3 0, L_0000026413b334b0;  1 drivers
v0000026413b21230_0 .net *"_ivl_276", 0 0, L_0000026413b942e0;  1 drivers
v0000026413b1f750_0 .net *"_ivl_279", 0 0, L_0000026413b9db50;  1 drivers
v0000026413b21690_0 .net *"_ivl_281", 0 0, L_0000026413b9dc30;  1 drivers
L_0000026413b334f8 .functor BUFT 1, C4<0100>, C4<0>, C4<0>, C4<0>;
v0000026413b212d0_0 .net/2u *"_ivl_282", 3 0, L_0000026413b334f8;  1 drivers
v0000026413b21b90_0 .net *"_ivl_284", 0 0, L_0000026413b94380;  1 drivers
v0000026413b217d0_0 .net *"_ivl_287", 0 0, L_0000026413b9d920;  1 drivers
v0000026413b21410_0 .net *"_ivl_289", 0 0, L_0000026413b9c2d0;  1 drivers
v0000026413b215f0_0 .net *"_ivl_291", 0 0, L_0000026413b9d990;  1 drivers
L_0000026413b33540 .functor BUFT 1, C4<0111>, C4<0>, C4<0>, C4<0>;
v0000026413b21730_0 .net/2u *"_ivl_292", 3 0, L_0000026413b33540;  1 drivers
v0000026413b21870_0 .net *"_ivl_294", 0 0, L_0000026413b946a0;  1 drivers
v0000026413b21a50_0 .net *"_ivl_297", 0 0, L_0000026413b9c960;  1 drivers
v0000026413b21c30_0 .net *"_ivl_299", 0 0, L_0000026413b94ba0;  1 drivers
L_0000026413b31458 .functor BUFT 1, C4<0100>, C4<0>, C4<0>, C4<0>;
v0000026413b21cd0_0 .net/2u *"_ivl_30", 3 0, L_0000026413b31458;  1 drivers
v0000026413b21d70_0 .net *"_ivl_301", 0 0, L_0000026413b9c570;  1 drivers
v0000026413b21e10_0 .net *"_ivl_308", 3 0, L_0000026413b9cff0;  1 drivers
v0000026413b22090_0 .net *"_ivl_310", 3 0, L_0000026413b9dca0;  1 drivers
v0000026413b21ff0_0 .net *"_ivl_312", 3 0, L_0000026413b9c180;  1 drivers
v0000026413b22f90_0 .net *"_ivl_32", 0 0, L_0000026413b29db0;  1 drivers
v0000026413b223b0_0 .net *"_ivl_324", 3 0, L_0000026413b9df40;  1 drivers
v0000026413b24610_0 .net *"_ivl_326", 3 0, L_0000026413b9e1e0;  1 drivers
v0000026413b23d50_0 .net *"_ivl_328", 3 0, L_0000026413b9e5d0;  1 drivers
L_0000026413b339c0 .functor BUFT 1, C4<0000>, C4<0>, C4<0>, C4<0>;
v0000026413b235d0_0 .net/2u *"_ivl_333", 3 0, L_0000026413b339c0;  1 drivers
L_0000026413b33a08 .functor BUFT 1, C4<0000>, C4<0>, C4<0>, C4<0>;
v0000026413b23670_0 .net/2u *"_ivl_338", 3 0, L_0000026413b33a08;  1 drivers
v0000026413b242f0_0 .net *"_ivl_343", 0 0, L_0000026413b9f590;  1 drivers
v0000026413b23e90_0 .net *"_ivl_347", 0 0, L_0000026413b9f7c0;  1 drivers
v0000026413b233f0_0 .net *"_ivl_35", 0 0, L_0000026413a63fa0;  1 drivers
v0000026413b24390_0 .net *"_ivl_351", 0 0, L_0000026413b9eaa0;  1 drivers
v0000026413b22ef0_0 .net *"_ivl_355", 0 0, L_0000026413b9dfb0;  1 drivers
v0000026413b23030_0 .net *"_ivl_359", 0 0, L_0000026413b9e020;  1 drivers
v0000026413b226d0_0 .net *"_ivl_363", 0 0, L_0000026413b9e170;  1 drivers
v0000026413b228b0_0 .net *"_ivl_368", 0 0, L_0000026413b9f4b0;  1 drivers
v0000026413b23c10_0 .net *"_ivl_37", 0 0, L_0000026413b2aa30;  1 drivers
L_0000026413b31608 .functor BUFT 1, C4<0111>, C4<0>, C4<0>, C4<0>;
v0000026413b229f0_0 .net/2u *"_ivl_40", 3 0, L_0000026413b31608;  1 drivers
v0000026413b23530_0 .net *"_ivl_42", 0 0, L_0000026413b28e10;  1 drivers
L_0000026413b31650 .functor BUFT 1, C4<1000>, C4<0>, C4<0>, C4<0>;
v0000026413b23df0_0 .net/2u *"_ivl_46", 3 0, L_0000026413b31650;  1 drivers
v0000026413b23210_0 .net *"_ivl_48", 0 0, L_0000026413b29590;  1 drivers
L_0000026413b31728 .functor BUFT 1, C4<0101>, C4<0>, C4<0>, C4<0>;
v0000026413b224f0_0 .net/2u *"_ivl_52", 3 0, L_0000026413b31728;  1 drivers
v0000026413b23170_0 .net *"_ivl_54", 0 0, L_0000026413b29b30;  1 drivers
v0000026413b22950_0 .net *"_ivl_57", 0 0, L_0000026413a62640;  1 drivers
v0000026413b24110_0 .net *"_ivl_59", 0 0, L_0000026413a62b80;  1 drivers
L_0000026413b31770 .functor BUFT 1, C4<0100>, C4<0>, C4<0>, C4<0>;
v0000026413b22a90_0 .net/2u *"_ivl_60", 3 0, L_0000026413b31770;  1 drivers
v0000026413b246b0_0 .net *"_ivl_62", 0 0, L_0000026413b29f90;  1 drivers
v0000026413b230d0_0 .net *"_ivl_65", 0 0, L_0000026413a63280;  1 drivers
v0000026413b22450_0 .net *"_ivl_67", 0 0, L_0000026413a62f00;  1 drivers
v0000026413b22770_0 .net *"_ivl_69", 0 0, L_0000026413a633d0;  1 drivers
L_0000026413b317b8 .functor BUFT 1, C4<0111>, C4<0>, C4<0>, C4<0>;
v0000026413b23cb0_0 .net/2u *"_ivl_70", 3 0, L_0000026413b317b8;  1 drivers
v0000026413b232b0_0 .net *"_ivl_72", 0 0, L_0000026413b29090;  1 drivers
v0000026413b23f30_0 .net *"_ivl_75", 0 0, L_0000026413a62f70;  1 drivers
v0000026413b23350_0 .net *"_ivl_77", 0 0, L_0000026413b2acb0;  1 drivers
v0000026413b23490_0 .net *"_ivl_79", 0 0, L_0000026413a64240;  1 drivers
v0000026413b23710_0 .net *"_ivl_84", 3 0, L_0000026413b99d80;  1 drivers
v0000026413b237b0_0 .net *"_ivl_86", 8 0, L_0000026413b99a60;  1 drivers
L_0000026413b31c38 .functor BUFT 1, C4<00>, C4<0>, C4<0>, C4<0>;
v0000026413b23850_0 .net *"_ivl_89", 1 0, L_0000026413b31c38;  1 drivers
L_0000026413b31c80 .functor BUFT 1, C4<0101>, C4<0>, C4<0>, C4<0>;
v0000026413b23fd0_0 .net/2u *"_ivl_94", 3 0, L_0000026413b31c80;  1 drivers
v0000026413b238f0_0 .net *"_ivl_96", 0 0, L_0000026413b9a6e0;  1 drivers
v0000026413b22c70_0 .net *"_ivl_99", 0 0, L_0000026413a20f40;  1 drivers
v0000026413b24070_0 .net "clk", 0 0, v0000026413b26bb0_0;  1 drivers
v0000026413b22130_0 .net "cpu0_mem_addr", 3 0, v00000264139eb5c0_0;  1 drivers
v0000026413b23990_0 .var "cpu0_mem_rdata", 7 0;
v0000026413b23a30_0 .net "cpu0_mem_re", 0 0, v0000026413a3d180_0;  1 drivers
v0000026413b23ad0_0 .net "cpu0_mem_stall", 0 0, L_0000026413a642b0;  1 drivers
v0000026413b24430_0 .net "cpu0_mem_wdata", 7 0, v0000026413a3dfe0_0;  1 drivers
v0000026413b244d0_0 .net "cpu0_mem_we", 0 0, v0000026413a3d4a0_0;  1 drivers
v0000026413b23b70_0 .net "cpu0_pc_addr", 6 0, L_0000026413a21cd0;  1 drivers
v0000026413b241b0_0 .net "cpu0_pin_dir", 3 0, v0000026413a3ca00_0;  1 drivers
v0000026413b24250_0 .net "cpu0_pin_out", 3 0, v00000264139bbbf0_0;  1 drivers
v0000026413b24570 .array "cpu0_ram", 127 0, 3 0;
v0000026413b21f50_0 .net "cpu0_ram_waddr", 6 0, v0000026413b14290_0;  1 drivers
v0000026413b221d0_0 .net "cpu0_ram_wdata", 3 0, v0000026413b157d0_0;  1 drivers
v0000026413b22270_0 .net "cpu0_ram_we", 0 0, v0000026413b14330_0;  1 drivers
v0000026413b22310_0 .net "cpu0_rom_data", 3 0, L_0000026413a63de0;  1 drivers
v0000026413b22590_0 .net "cpu0_run", 0 0, v0000026413b15870_0;  1 drivers
v0000026413b22630_0 .net "cpu0_rx_empty", 0 0, L_0000026413b29ef0;  1 drivers
v0000026413b22e50_0 .net "cpu0_rx_fifo_wdata", 7 0, v0000026413b13890_0;  1 drivers
v0000026413b22810_0 .net "cpu0_rx_fifo_we", 0 0, v0000026413b15050_0;  1 drivers
v0000026413b22db0_0 .net "cpu0_rx_full", 0 0, L_0000026413b2b070;  1 drivers
v0000026413b22b30_0 .net "cpu0_rx_rdata", 7 0, L_0000026413a63e50;  1 drivers
v0000026413b22bd0_0 .net "cpu0_rx_re", 0 0, L_0000026413a63f30;  1 drivers
v0000026413b22d10_0 .net "cpu0_safe_out", 3 0, L_0000026413b9c1f0;  1 drivers
v0000026413b24bb0_0 .net "cpu0_timer_rdata", 7 0, L_0000026413b2aad0;  1 drivers
v0000026413b24c50_0 .net "cpu0_timer_we_h", 0 0, L_0000026413a62800;  1 drivers
v0000026413b247f0_0 .net "cpu0_timer_we_l", 0 0, L_0000026413a63210;  1 drivers
v0000026413b24cf0_0 .net "cpu0_timer_zero", 0 0, L_0000026413b28eb0;  1 drivers
v0000026413b24890_0 .net "cpu0_tx_fifo_empty", 0 0, L_0000026413b2a170;  1 drivers
v0000026413b24b10_0 .net "cpu0_tx_fifo_rdata", 7 0, L_0000026413a64080;  1 drivers
v0000026413b24d90_0 .net "cpu0_tx_fifo_re", 0 0, v0000026413b13750_0;  1 drivers
v0000026413b24930_0 .net "cpu0_tx_full", 0 0, L_0000026413b29770;  1 drivers
v0000026413b249d0_0 .net "cpu0_tx_we", 0 0, L_0000026413a64010;  1 drivers
v0000026413b24e30_0 .net "cpu1_mem_addr", 3 0, v0000026413b01670_0;  1 drivers
v0000026413b24a70_0 .var "cpu1_mem_rdata", 7 0;
v0000026413b24750_0 .net "cpu1_mem_re", 0 0, v0000026413b02b10_0;  1 drivers
v0000026413b2ba70_0 .net "cpu1_mem_stall", 0 0, L_0000026413b9cc00;  1 drivers
v0000026413b2c150_0 .net "cpu1_mem_wdata", 7 0, v0000026413b01990_0;  1 drivers
v0000026413b2c010_0 .net "cpu1_mem_we", 0 0, v0000026413b031f0_0;  1 drivers
v0000026413b2b890_0 .net "cpu1_pc_addr", 6 0, L_0000026413b9da00;  1 drivers
v0000026413b2c290_0 .net "cpu1_pin_dir", 3 0, v0000026413b036f0_0;  1 drivers
v0000026413b2c5b0_0 .net "cpu1_pin_in", 3 0, L_0000026413b9adc0;  1 drivers
v0000026413b2c3d0_0 .net "cpu1_pin_out", 3 0, v0000026413b029d0_0;  1 drivers
v0000026413b2d910 .array "cpu1_ram", 127 0, 3 0;
v0000026413b2c0b0_0 .net "cpu1_ram_waddr", 6 0, v0000026413b16d10_0;  1 drivers
v0000026413b2b930_0 .net "cpu1_ram_wdata", 3 0, v0000026413b17030_0;  1 drivers
v0000026413b2b250_0 .net "cpu1_ram_we", 0 0, v0000026413b16ef0_0;  1 drivers
v0000026413b2d7d0_0 .net "cpu1_rom_data", 3 0, L_0000026413a21e20;  1 drivers
v0000026413b2b610_0 .net "cpu1_run", 0 0, v0000026413b16a90_0;  1 drivers
v0000026413b2b1b0_0 .net "cpu1_rx_empty", 0 0, L_0000026413b9ab40;  1 drivers
v0000026413b2d0f0_0 .net "cpu1_rx_fifo_wdata", 7 0, v0000026413b164f0_0;  1 drivers
v0000026413b2bbb0_0 .net "cpu1_rx_fifo_we", 0 0, v0000026413b15eb0_0;  1 drivers
v0000026413b2c650_0 .net "cpu1_rx_full", 0 0, L_0000026413b9a8c0;  1 drivers
v0000026413b2b4d0_0 .net "cpu1_rx_rdata", 7 0, L_0000026413a21790;  1 drivers
v0000026413b2c470_0 .net "cpu1_rx_re", 0 0, L_0000026413a213a0;  1 drivers
v0000026413b2b2f0_0 .net "cpu1_safe_out", 3 0, L_0000026413b9d290;  1 drivers
v0000026413b2b570_0 .net "cpu1_timer_rdata", 7 0, L_0000026413b9b720;  1 drivers
v0000026413b2c510_0 .net "cpu1_timer_we_h", 0 0, L_00000264139d14c0;  1 drivers
v0000026413b2b9d0_0 .net "cpu1_timer_we_l", 0 0, L_00000264139d1b50;  1 drivers
v0000026413b2cc90_0 .net "cpu1_timer_zero", 0 0, L_0000026413b9ac80;  1 drivers
v0000026413b2cfb0_0 .net "cpu1_tx_fifo_empty", 0 0, L_0000026413b99740;  1 drivers
v0000026413b2bb10_0 .net "cpu1_tx_fifo_rdata", 7 0, L_0000026413a20d10;  1 drivers
v0000026413b2b430_0 .net "cpu1_tx_fifo_re", 0 0, v0000026413b16810_0;  1 drivers
v0000026413b2d190_0 .net "cpu1_tx_full", 0 0, L_0000026413b9abe0;  1 drivers
v0000026413b2c970_0 .net "cpu1_tx_we", 0 0, L_0000026413a20ae0;  1 drivers
v0000026413b2c330_0 .net "cpu2_mem_addr", 3 0, v0000026413b04730_0;  1 drivers
v0000026413b2c6f0_0 .var "cpu2_mem_rdata", 7 0;
v0000026413b2c790_0 .net "cpu2_mem_re", 0 0, v0000026413b04910_0;  1 drivers
v0000026413b2bc50_0 .net "cpu2_mem_stall", 0 0, L_0000026413b9d370;  1 drivers
v0000026413b2bcf0_0 .net "cpu2_mem_wdata", 7 0, v0000026413b04b90_0;  1 drivers
v0000026413b2d050_0 .net "cpu2_mem_we", 0 0, v0000026413b04c30_0;  1 drivers
v0000026413b2bd90_0 .net "cpu2_pc_addr", 6 0, L_0000026413b9c7a0;  1 drivers
v0000026413b2b390_0 .net "cpu2_pin_dir", 3 0, v0000026413b03fb0_0;  1 drivers
v0000026413b2c1f0_0 .net "cpu2_pin_in", 3 0, L_0000026413b991a0;  1 drivers
v0000026413b2d230_0 .net "cpu2_pin_out", 3 0, v0000026413b04cd0_0;  1 drivers
v0000026413b2d2d0 .array "cpu2_ram", 127 0, 3 0;
v0000026413b2cab0_0 .net "cpu2_ram_waddr", 6 0, v0000026413b16590_0;  1 drivers
v0000026413b2c830_0 .net "cpu2_ram_wdata", 3 0, v0000026413b15f50_0;  1 drivers
v0000026413b2be30_0 .net "cpu2_ram_we", 0 0, v0000026413b169f0_0;  1 drivers
v0000026413b2c8d0_0 .net "cpu2_rom_data", 3 0, L_0000026413b9d5a0;  1 drivers
v0000026413b2ca10_0 .net "cpu2_run", 0 0, v0000026413b168b0_0;  1 drivers
v0000026413b2b6b0_0 .net "cpu2_rx_empty", 0 0, L_0000026413b9aa00;  1 drivers
v0000026413b2cb50_0 .net "cpu2_rx_fifo_wdata", 7 0, v0000026413b172b0_0;  1 drivers
v0000026413b2bed0_0 .net "cpu2_rx_fifo_we", 0 0, v0000026413b17350_0;  1 drivers
v0000026413b2cd30_0 .net "cpu2_rx_full", 0 0, L_0000026413b9afa0;  1 drivers
v0000026413b2d370_0 .net "cpu2_rx_rdata", 7 0, L_0000026413b9d760;  1 drivers
v0000026413b2b750_0 .net "cpu2_rx_re", 0 0, L_0000026413b9c3b0;  1 drivers
v0000026413b2d410_0 .net "cpu2_safe_out", 3 0, L_0000026413b9c260;  1 drivers
v0000026413b2bf70_0 .net "cpu2_timer_rdata", 7 0, L_0000026413b9ba40;  1 drivers
v0000026413b2b7f0_0 .net "cpu2_timer_we_h", 0 0, L_0000026413b9c6c0;  1 drivers
v0000026413b2cbf0_0 .net "cpu2_timer_we_l", 0 0, L_0000026413b9c650;  1 drivers
v0000026413b2cdd0_0 .net "cpu2_timer_zero", 0 0, L_0000026413b9bc20;  1 drivers
v0000026413b2ce70_0 .net "cpu2_tx_fifo_empty", 0 0, L_0000026413b9a140;  1 drivers
v0000026413b2cf10_0 .net "cpu2_tx_fifo_rdata", 7 0, L_0000026413b9d610;  1 drivers
v0000026413b2d4b0_0 .net "cpu2_tx_fifo_re", 0 0, v0000026413b16bd0_0;  1 drivers
v0000026413b2d550_0 .net "cpu2_tx_full", 0 0, L_0000026413b9bcc0;  1 drivers
v0000026413b2d5f0_0 .net "cpu2_tx_we", 0 0, L_0000026413b9ce30;  1 drivers
v0000026413b2d690_0 .net "cpu3_mem_addr", 3 0, v0000026413b0f030_0;  1 drivers
v0000026413b2d730_0 .var "cpu3_mem_rdata", 7 0;
v0000026413b2d870_0 .net "cpu3_mem_re", 0 0, v0000026413b0e8b0_0;  1 drivers
v0000026413b2dd70_0 .net "cpu3_mem_stall", 0 0, L_0000026413b9d140;  1 drivers
v0000026413b2dff0_0 .net "cpu3_mem_wdata", 7 0, v0000026413b0e950_0;  1 drivers
v0000026413b2df50_0 .net "cpu3_mem_we", 0 0, v0000026413b0fad0_0;  1 drivers
v0000026413b2deb0_0 .net "cpu3_pc_addr", 6 0, L_0000026413b9cf10;  1 drivers
v0000026413b2dcd0_0 .net "cpu3_pin_dir", 3 0, v0000026413b0e9f0_0;  1 drivers
v0000026413b2e090_0 .net "cpu3_pin_in", 3 0, L_0000026413b94e20;  1 drivers
v0000026413b2dc30_0 .net "cpu3_pin_out", 3 0, v0000026413b0eb30_0;  1 drivers
v0000026413b2d9b0 .array "cpu3_ram", 127 0, 3 0;
v0000026413b2de10_0 .net "cpu3_ram_waddr", 6 0, v0000026413b170d0_0;  1 drivers
v0000026413b2da50_0 .net "cpu3_ram_wdata", 3 0, v0000026413b17490_0;  1 drivers
v0000026413b2daf0_0 .net "cpu3_ram_we", 0 0, v0000026413b15e10_0;  1 drivers
v0000026413b2db90_0 .net "cpu3_rom_data", 3 0, L_0000026413b9d530;  1 drivers
v0000026413b27d30_0 .net "cpu3_run", 0 0, v0000026413b17170_0;  1 drivers
v0000026413b27150_0 .net "cpu3_rx_empty", 0 0, L_0000026413b95fa0;  1 drivers
v0000026413b28410_0 .net "cpu3_rx_fifo_wdata", 7 0, v0000026413b16950_0;  1 drivers
v0000026413b26cf0_0 .net "cpu3_rx_fifo_we", 0 0, v0000026413b16b30_0;  1 drivers
v0000026413b262f0_0 .net "cpu3_rx_full", 0 0, L_0000026413b96040;  1 drivers
v0000026413b26e30_0 .net "cpu3_rx_rdata", 7 0, L_0000026413b9d8b0;  1 drivers
v0000026413b26610_0 .net "cpu3_rx_re", 0 0, L_0000026413b9c810;  1 drivers
v0000026413b269d0_0 .net "cpu3_safe_out", 3 0, L_0000026413b9e410;  1 drivers
v0000026413b27e70_0 .net "cpu3_timer_rdata", 7 0, L_0000026413b94240;  1 drivers
v0000026413b26250_0 .net "cpu3_timer_we_h", 0 0, L_0000026413b9c8f0;  1 drivers
v0000026413b280f0_0 .net "cpu3_timer_we_l", 0 0, L_0000026413b9dae0;  1 drivers
v0000026413b27fb0_0 .net "cpu3_timer_zero", 0 0, L_0000026413b96180;  1 drivers
v0000026413b27b50_0 .net "cpu3_tx_fifo_empty", 0 0, L_0000026413b94920;  1 drivers
v0000026413b26ed0_0 .net "cpu3_tx_fifo_rdata", 7 0, L_0000026413b9cab0;  1 drivers
v0000026413b267f0_0 .net "cpu3_tx_fifo_re", 0 0, v0000026413b16090_0;  1 drivers
v0000026413b273d0_0 .net "cpu3_tx_full", 0 0, L_0000026413b95aa0;  1 drivers
v0000026413b26570_0 .net "cpu3_tx_we", 0 0, L_0000026413b9c880;  1 drivers
v0000026413b28370_0 .net "ena", 0 0, v0000026413b264d0_0;  1 drivers
v0000026413b27290_0 .net "ext_irq", 0 0, L_0000026413b29a90;  1 drivers
v0000026413b26f70_0 .net "rst_n", 0 0, v0000026413b27a10_0;  1 drivers
v0000026413b27dd0_0 .var "shared_reg_0", 7 0;
v0000026413b27010_0 .var "shared_reg_1", 7 0;
v0000026413b27650_0 .net "spi_cs", 0 0, L_0000026413b291d0;  1 drivers
v0000026413b27bf0_0 .net "spi_miso", 0 0, v0000026413b16c70_0;  1 drivers
v0000026413b27470_0 .net "spi_mosi", 0 0, L_0000026413b2a990;  1 drivers
v0000026413b28690_0 .net "spi_sclk", 0 0, L_0000026413b2a3f0;  1 drivers
v0000026413b28550_0 .net "ui_in", 7 0, v0000026413b28230_0;  1 drivers
v0000026413b276f0_0 .net "uio_in", 7 0, L_0000026413b294f0;  alias, 1 drivers
v0000026413b26c50_0 .net "uio_oe", 7 0, L_0000026413b983e0;  alias, 1 drivers
v0000026413b284b0_0 .net "uio_out", 7 0, L_0000026413b97620;  alias, 1 drivers
v0000026413b26a70_0 .net "uo_out", 7 0, L_0000026413b98ca0;  alias, 1 drivers
E_0000026413a88190/0 .event anyedge, v0000026413b0f030_0, v0000026413b13ed0_0, v0000026413b276f0_0, v0000026413b1af00_0;
E_0000026413a88190/1 .event anyedge, v0000026413b27dd0_0, v0000026413b27010_0;
E_0000026413a88190 .event/or E_0000026413a88190/0, E_0000026413a88190/1;
E_0000026413a88610/0 .event anyedge, v0000026413b04730_0, v0000026413b13f70_0, v0000026413b276f0_0, v0000026413b1b040_0;
E_0000026413a88610/1 .event anyedge, v0000026413b27dd0_0, v0000026413b27010_0;
E_0000026413a88610 .event/or E_0000026413a88610/0, E_0000026413a88610/1;
E_0000026413a87a10/0 .event anyedge, v0000026413b01670_0, v0000026413b10390_0, v0000026413b276f0_0, v0000026413b1a780_0;
E_0000026413a87a10/1 .event anyedge, v0000026413b27dd0_0, v0000026413b27010_0;
E_0000026413a87a10 .event/or E_0000026413a87a10/0, E_0000026413a87a10/1;
E_0000026413a89550/0 .event anyedge, v00000264139eb5c0_0, v0000026413b106b0_0, v0000026413b276f0_0, v0000026413b1b2c0_0;
E_0000026413a89550/1 .event anyedge, v0000026413b27dd0_0, v0000026413b27010_0;
E_0000026413a89550 .event/or E_0000026413a89550/0, E_0000026413a89550/1;
L_0000026413b291d0 .part v0000026413b28230_0, 0, 1;
L_0000026413b2a3f0 .part v0000026413b28230_0, 1, 1;
L_0000026413b2a990 .part v0000026413b28230_0, 2, 1;
L_0000026413b29a90 .part v0000026413b28230_0, 4, 1;
L_0000026413b29d10 .array/port v0000026413b24570, L_0000026413b2ad50;
L_0000026413b2ad50 .concat [ 7 2 0 0], L_0000026413a21cd0, L_0000026413b31260;
L_0000026413b2a850 .cmp/eq 4, v00000264139eb5c0_0, L_0000026413b312a8;
L_0000026413b2a490 .reduce/nor L_0000026413b29ef0;
L_0000026413b29db0 .cmp/eq 4, v00000264139eb5c0_0, L_0000026413b31458;
L_0000026413b2aa30 .reduce/nor L_0000026413b29770;
L_0000026413b28e10 .cmp/eq 4, v00000264139eb5c0_0, L_0000026413b31608;
L_0000026413b29590 .cmp/eq 4, v00000264139eb5c0_0, L_0000026413b31650;
L_0000026413b29b30 .cmp/eq 4, v00000264139eb5c0_0, L_0000026413b31728;
L_0000026413b29f90 .cmp/eq 4, v00000264139eb5c0_0, L_0000026413b31770;
L_0000026413b29090 .cmp/eq 4, v00000264139eb5c0_0, L_0000026413b317b8;
L_0000026413b2acb0 .reduce/nor L_0000026413b28eb0;
L_0000026413b2a350 .part L_0000026413b294f0, 0, 4;
L_0000026413b99d80 .array/port v0000026413b2d910, L_0000026413b99a60;
L_0000026413b99a60 .concat [ 7 2 0 0], L_0000026413b9da00, L_0000026413b31c38;
L_0000026413b9adc0 .part L_0000026413b294f0, 0, 4;
L_0000026413b9a6e0 .cmp/eq 4, v0000026413b01670_0, L_0000026413b31c80;
L_0000026413b9a0a0 .reduce/nor L_0000026413b9ab40;
L_0000026413b9b4a0 .cmp/eq 4, v0000026413b01670_0, L_0000026413b31e30;
L_0000026413b9b5e0 .reduce/nor L_0000026413b9abe0;
L_0000026413b9a320 .cmp/eq 4, v0000026413b01670_0, L_0000026413b31fe0;
L_0000026413b99380 .cmp/eq 4, v0000026413b01670_0, L_0000026413b32028;
L_0000026413b9ad20 .cmp/eq 4, v0000026413b01670_0, L_0000026413b32100;
L_0000026413b99600 .cmp/eq 4, v0000026413b01670_0, L_0000026413b32148;
L_0000026413b99ec0 .cmp/eq 4, v0000026413b01670_0, L_0000026413b32190;
L_0000026413b9a640 .reduce/nor L_0000026413b9ac80;
L_0000026413b99c40 .part L_0000026413b294f0, 4, 4;
L_0000026413b99240 .array/port v0000026413b2d2d0, L_0000026413b9a500;
L_0000026413b9a500 .concat [ 7 2 0 0], L_0000026413b9c7a0, L_0000026413b32610;
L_0000026413b991a0 .part L_0000026413b294f0, 0, 4;
L_0000026413b9a5a0 .cmp/eq 4, v0000026413b04730_0, L_0000026413b32658;
L_0000026413b992e0 .reduce/nor L_0000026413b9aa00;
L_0000026413b99f60 .cmp/eq 4, v0000026413b04730_0, L_0000026413b32808;
L_0000026413b99ce0 .reduce/nor L_0000026413b9bcc0;
L_0000026413b9bf40 .cmp/eq 4, v0000026413b04730_0, L_0000026413b329b8;
L_0000026413b9bfe0 .cmp/eq 4, v0000026413b04730_0, L_0000026413b32a00;
L_0000026413b9b900 .cmp/eq 4, v0000026413b04730_0, L_0000026413b32ad8;
L_0000026413b9bd60 .cmp/eq 4, v0000026413b04730_0, L_0000026413b32b20;
L_0000026413b96360 .cmp/eq 4, v0000026413b04730_0, L_0000026413b32b68;
L_0000026413b958c0 .reduce/nor L_0000026413b9bc20;
L_0000026413b95a00 .part v0000026413b28230_0, 0, 4;
L_0000026413b94420 .array/port v0000026413b2d9b0, L_0000026413b944c0;
L_0000026413b944c0 .concat [ 7 2 0 0], L_0000026413b9cf10, L_0000026413b32fe8;
L_0000026413b94e20 .part L_0000026413b294f0, 0, 4;
L_0000026413b947e0 .cmp/eq 4, v0000026413b0f030_0, L_0000026413b33030;
L_0000026413b95f00 .reduce/nor L_0000026413b95fa0;
L_0000026413b95b40 .cmp/eq 4, v0000026413b0f030_0, L_0000026413b331e0;
L_0000026413b95c80 .reduce/nor L_0000026413b95aa0;
L_0000026413b95e60 .cmp/eq 4, v0000026413b0f030_0, L_0000026413b33390;
L_0000026413b95640 .cmp/eq 4, v0000026413b0f030_0, L_0000026413b333d8;
L_0000026413b942e0 .cmp/eq 4, v0000026413b0f030_0, L_0000026413b334b0;
L_0000026413b94380 .cmp/eq 4, v0000026413b0f030_0, L_0000026413b334f8;
L_0000026413b946a0 .cmp/eq 4, v0000026413b0f030_0, L_0000026413b33540;
L_0000026413b94ba0 .reduce/nor L_0000026413b96180;
L_0000026413b979e0 .part v0000026413b28230_0, 4, 4;
L_0000026413b983e0 .concat8 [ 4 4 0 0], L_0000026413b9c180, L_0000026413b339c0;
L_0000026413b97620 .concat8 [ 4 4 0 0], L_0000026413b9e5d0, L_0000026413b33a08;
LS_0000026413b98ca0_0_0 .concat8 [ 1 1 1 1], L_0000026413a63830, L_0000026413b9f590, L_0000026413b9f7c0, L_0000026413b9eaa0;
LS_0000026413b98ca0_0_4 .concat8 [ 1 1 1 1], L_0000026413b9dfb0, L_0000026413b9e020, L_0000026413b9e170, L_0000026413b9f4b0;
L_0000026413b98ca0 .concat8 [ 4 4 0 0], LS_0000026413b98ca0_0_0, LS_0000026413b98ca0_0_4;
S_0000026413a9fad0 .scope module, "core0" "cpu_core" 3 131, 4 3 0, S_0000026413a9f940;
 .timescale 0 0;
    .port_info 0 /INPUT 1 "clk";
    .port_info 1 /INPUT 1 "rst_n";
    .port_info 2 /INPUT 1 "run";
    .port_info 3 /INPUT 1 "irq";
    .port_info 4 /INPUT 4 "pin_state";
    .port_info 5 /OUTPUT 4 "pin_out";
    .port_info 6 /OUTPUT 4 "pin_dir";
    .port_info 7 /OUTPUT 7 "rom_addr";
    .port_info 8 /INPUT 4 "rom_data";
    .port_info 9 /OUTPUT 4 "mem_addr";
    .port_info 10 /OUTPUT 8 "mem_wdata";
    .port_info 11 /OUTPUT 1 "mem_we";
    .port_info 12 /OUTPUT 1 "mem_re";
    .port_info 13 /INPUT 8 "mem_rdata";
    .port_info 14 /INPUT 1 "mem_stall";
    .port_info 15 /OUTPUT 7 "exec_pc";
P_00000264139062f0 .param/l "ST_EXECUTE" 1 4 62, C4<100>;
P_0000026413906328 .param/l "ST_FETCH_OP" 1 4 59, C4<001>;
P_0000026413906360 .param/l "ST_FETCH_OP1" 1 4 60, C4<010>;
P_0000026413906398 .param/l "ST_FETCH_OP2" 1 4 61, C4<011>;
P_00000264139063d0 .param/l "ST_HALT" 1 4 58, C4<000>;
P_0000026413906408 .param/l "ST_MEM_WAIT" 1 4 63, C4<101>;
L_0000026413a21cd0 .functor BUFZ 7, v0000026413a3c960_0, C4<0000000>, C4<0000000>, C4<0000000>;
L_0000026413b31a40 .functor BUFT 1, C4<0000001>, C4<0>, C4<0>, C4<0>;
v0000026413a9ddf0_0 .net/2u *"_ivl_0", 6 0, L_0000026413b31a40;  1 drivers
v0000026413a9c9f0_0 .net *"_ivl_14", 8 0, L_0000026413b29630;  1 drivers
L_0000026413b31b18 .functor BUFT 1, C4<0>, C4<0>, C4<0>, C4<0>;
v0000026413a9db70_0 .net *"_ivl_17", 0 0, L_0000026413b31b18;  1 drivers
v0000026413a9de90_0 .net *"_ivl_18", 8 0, L_0000026413b296d0;  1 drivers
L_0000026413b31a88 .functor BUFT 1, C4<0000010>, C4<0>, C4<0>, C4<0>;
v0000026413a9cbd0_0 .net/2u *"_ivl_2", 6 0, L_0000026413b31a88;  1 drivers
L_0000026413b31b60 .functor BUFT 1, C4<0>, C4<0>, C4<0>, C4<0>;
v0000026413a9c630_0 .net *"_ivl_21", 0 0, L_0000026413b31b60;  1 drivers
v0000026413a9d8f0_0 .net *"_ivl_24", 8 0, L_0000026413b298b0;  1 drivers
L_0000026413b31ba8 .functor BUFT 1, C4<0>, C4<0>, C4<0>, C4<0>;
v0000026413a9c810_0 .net *"_ivl_27", 0 0, L_0000026413b31ba8;  1 drivers
v0000026413a9c8b0_0 .net *"_ivl_28", 8 0, L_0000026413b29950;  1 drivers
L_0000026413b31bf0 .functor BUFT 1, C4<0>, C4<0>, C4<0>, C4<0>;
v0000026413a9dc10_0 .net *"_ivl_31", 0 0, L_0000026413b31bf0;  1 drivers
L_0000026413b31ad0 .functor BUFT 1, C4<0000011>, C4<0>, C4<0>, C4<0>;
v0000026413a9cdb0_0 .net/2u *"_ivl_4", 6 0, L_0000026413b31ad0;  1 drivers
v0000026413a9da30_0 .net *"_ivl_6", 6 0, L_0000026413b29270;  1 drivers
v0000026413a9dcb0_0 .net *"_ivl_8", 6 0, L_0000026413b29310;  1 drivers
v0000026413a9ce50_0 .var "acc", 7 0;
v0000026413a9cf90_0 .net "add_res", 8 0, L_0000026413b29810;  1 drivers
v0000026413a9d0d0_0 .var "b_reg", 7 0;
v0000026413a4f570_0 .net "clk", 0 0, v0000026413b26bb0_0;  alias, 1 drivers
v0000026413a4eb70_0 .var "curr_op1", 3 0;
v0000026413a4f7f0_0 .var "curr_op2", 3 0;
v0000026413a4ff70_0 .var "curr_opcode", 3 0;
v0000026413a4f6b0_0 .net "exec_pc", 6 0, L_0000026413b293b0;  1 drivers
v0000026413a4e990_0 .var "flag_carry", 0 0;
v0000026413a4ecb0_0 .var "flag_zero", 0 0;
v0000026413a4edf0_0 .var "in_irq", 0 0;
v00000264139ea620_0 .net "irq", 0 0, L_0000026413b29a90;  alias, 1 drivers
v00000264139eb2a0_0 .net "is_1_nibble", 0 0, L_0000026413a64470;  1 drivers
v00000264139eb340_0 .net "is_2_nibble", 0 0, L_0000026413a64320;  1 drivers
v00000264139eb480_0 .net "is_3_nibble", 0 0, L_0000026413a644e0;  1 drivers
v00000264139eb5c0_0 .var "mem_addr", 3 0;
v00000264139eb660_0 .net "mem_rdata", 7 0, v0000026413b23990_0;  1 drivers
v0000026413a3d180_0 .var "mem_re", 0 0;
v0000026413a3d220_0 .net "mem_stall", 0 0, L_0000026413a642b0;  alias, 1 drivers
v0000026413a3dfe0_0 .var "mem_wdata", 7 0;
v0000026413a3d4a0_0 .var "mem_we", 0 0;
v0000026413a3c960_0 .var "pc", 6 0;
v0000026413a3ca00_0 .var "pin_dir", 3 0;
v00000264139bbbf0_0 .var "pin_out", 3 0;
v00000264139bb650_0 .net "pin_state", 3 0, L_0000026413b2a350;  1 drivers
v00000264139bb790 .array "r_regs", 14 2, 7 0;
v00000264139bba10_0 .var "ret_pc", 6 0;
v00000264139bb510_0 .net "rom_addr", 6 0, L_0000026413a21cd0;  alias, 1 drivers
v0000026413a5f790_0 .net "rom_data", 3 0, L_0000026413a63de0;  alias, 1 drivers
v0000026413a5ebb0_0 .net "rst_n", 0 0, v0000026413b27a10_0;  alias, 1 drivers
v0000026413a5f510_0 .net "run", 0 0, v0000026413b15870_0;  alias, 1 drivers
v0000026413a5f970_0 .var "state", 2 0;
v00000264139d47b0_0 .net "sub_res", 8 0, L_0000026413b2a2b0;  1 drivers
E_0000026413a895d0/0 .event negedge, v0000026413a5ebb0_0;
E_0000026413a895d0/1 .event posedge, v0000026413a4f570_0;
E_0000026413a895d0 .event/or E_0000026413a895d0/0, E_0000026413a895d0/1;
L_0000026413b29270 .functor MUXZ 7, L_0000026413b31ad0, L_0000026413b31a88, L_0000026413a64320, C4<>;
L_0000026413b29310 .functor MUXZ 7, L_0000026413b29270, L_0000026413b31a40, L_0000026413a64470, C4<>;
L_0000026413b293b0 .arith/sub 7, v0000026413a3c960_0, L_0000026413b29310;
L_0000026413b29630 .concat [ 8 1 0 0], v0000026413a9ce50_0, L_0000026413b31b18;
L_0000026413b296d0 .concat [ 8 1 0 0], v0000026413a9d0d0_0, L_0000026413b31b60;
L_0000026413b29810 .arith/sum 9, L_0000026413b29630, L_0000026413b296d0;
L_0000026413b298b0 .concat [ 8 1 0 0], v0000026413a9ce50_0, L_0000026413b31ba8;
L_0000026413b29950 .concat [ 8 1 0 0], v0000026413a9d0d0_0, L_0000026413b31bf0;
L_0000026413b2a2b0 .arith/sub 9, L_0000026413b298b0, L_0000026413b29950;
S_000002641391e110 .scope module, "dec_inst" "decoder" 4 51, 5 3 0, S_0000026413a9fad0;
 .timescale 0 0;
    .port_info 0 /INPUT 4 "opcode";
    .port_info 1 /OUTPUT 1 "is_1_nibble";
    .port_info 2 /OUTPUT 1 "is_2_nibble";
    .port_info 3 /OUTPUT 1 "is_3_nibble";
    .port_info 4 /OUTPUT 1 "is_math";
    .port_info 5 /OUTPUT 1 "is_jump";
    .port_info 6 /OUTPUT 1 "is_mem_load";
    .port_info 7 /OUTPUT 1 "is_mem_store";
    .port_info 8 /OUTPUT 1 "is_pin_set";
L_0000026413b31800 .functor BUFT 1, C4<0>, C4<0>, C4<0>, C4<0>;
L_0000026413a64470 .functor XNOR 1, L_0000026413b2a030, L_0000026413b31800, C4<0>, C4<0>;
L_0000026413b31848 .functor BUFT 1, C4<1>, C4<0>, C4<0>, C4<0>;
L_0000026413a641d0 .functor XNOR 1, L_0000026413b2a0d0, L_0000026413b31848, C4<0>, C4<0>;
L_0000026413a64320 .functor AND 1, L_0000026413a641d0, L_0000026413b2ae90, C4<1>, C4<1>;
L_0000026413b318d8 .functor BUFT 1, C4<1>, C4<0>, C4<0>, C4<0>;
L_0000026413a64390 .functor XNOR 1, L_0000026413b2b110, L_0000026413b318d8, C4<0>, C4<0>;
L_0000026413a644e0 .functor AND 1, L_0000026413a64390, L_0000026413b2af30, C4<1>, C4<1>;
L_0000026413a64400 .functor BUFZ 1, L_0000026413a644e0, C4<0>, C4<0>, C4<0>;
v0000026413a9dad0_0 .net *"_ivl_1", 0 0, L_0000026413b2a030;  1 drivers
v0000026413a9d850_0 .net *"_ivl_10", 0 0, L_0000026413a641d0;  1 drivers
L_0000026413b31890 .functor BUFT 1, C4<1101>, C4<0>, C4<0>, C4<0>;
v0000026413a9d490_0 .net/2u *"_ivl_12", 3 0, L_0000026413b31890;  1 drivers
v0000026413a9e070_0 .net *"_ivl_14", 0 0, L_0000026413b2ae90;  1 drivers
v0000026413a9d350_0 .net *"_ivl_19", 0 0, L_0000026413b2b110;  1 drivers
v0000026413a9df30_0 .net/2u *"_ivl_2", 0 0, L_0000026413b31800;  1 drivers
v0000026413a9cef0_0 .net/2u *"_ivl_20", 0 0, L_0000026413b318d8;  1 drivers
v0000026413a9d530_0 .net *"_ivl_22", 0 0, L_0000026413a64390;  1 drivers
L_0000026413b31920 .functor BUFT 1, C4<1101>, C4<0>, C4<0>, C4<0>;
v0000026413a9e1b0_0 .net/2u *"_ivl_24", 3 0, L_0000026413b31920;  1 drivers
v0000026413a9d030_0 .net *"_ivl_26", 0 0, L_0000026413b2af30;  1 drivers
L_0000026413b31968 .functor BUFT 1, C4<0101>, C4<0>, C4<0>, C4<0>;
v0000026413a9dfd0_0 .net/2u *"_ivl_30", 3 0, L_0000026413b31968;  1 drivers
L_0000026413b319b0 .functor BUFT 1, C4<1100>, C4<0>, C4<0>, C4<0>;
v0000026413a9e250_0 .net/2u *"_ivl_36", 3 0, L_0000026413b319b0;  1 drivers
L_0000026413b319f8 .functor BUFT 1, C4<1011>, C4<0>, C4<0>, C4<0>;
v0000026413a9e2f0_0 .net/2u *"_ivl_40", 3 0, L_0000026413b319f8;  1 drivers
v0000026413a9e390_0 .net *"_ivl_7", 0 0, L_0000026413b2a0d0;  1 drivers
v0000026413a9d990_0 .net/2u *"_ivl_8", 0 0, L_0000026413b31848;  1 drivers
v0000026413a9cb30_0 .net "is_1_nibble", 0 0, L_0000026413a64470;  alias, 1 drivers
v0000026413a9d710_0 .net "is_2_nibble", 0 0, L_0000026413a64320;  alias, 1 drivers
v0000026413a9d670_0 .net "is_3_nibble", 0 0, L_0000026413a644e0;  alias, 1 drivers
v0000026413a9d5d0_0 .net "is_jump", 0 0, L_0000026413a64400;  1 drivers
v0000026413a9cd10_0 .net "is_math", 0 0, L_0000026413b2afd0;  1 drivers
v0000026413a9e430_0 .net "is_mem_load", 0 0, L_0000026413b2a210;  1 drivers
v0000026413a9e4d0_0 .net "is_mem_store", 0 0, L_0000026413b29130;  1 drivers
o0000026413aaf918 .functor BUFZ 1, C4<z>; HiZ drive
v0000026413a9d7b0_0 .net "is_pin_set", 0 0, o0000026413aaf918;  0 drivers
v0000026413a9d3f0_0 .net "opcode", 3 0, v0000026413a4ff70_0;  1 drivers
L_0000026413b2a030 .part v0000026413a4ff70_0, 3, 1;
L_0000026413b2a0d0 .part v0000026413a4ff70_0, 3, 1;
L_0000026413b2ae90 .cmp/gt 4, L_0000026413b31890, v0000026413a4ff70_0;
L_0000026413b2b110 .part v0000026413a4ff70_0, 3, 1;
L_0000026413b2af30 .cmp/ge 4, v0000026413a4ff70_0, L_0000026413b31920;
L_0000026413b2afd0 .cmp/ge 4, L_0000026413b31968, v0000026413a4ff70_0;
L_0000026413b2a210 .cmp/eq 4, v0000026413a4ff70_0, L_0000026413b319b0;
L_0000026413b29130 .cmp/eq 4, v0000026413a4ff70_0, L_0000026413b319f8;
S_000002641391e2a0 .scope function.vec4.s1, "is_internal_reg" "is_internal_reg" 4 74, 4 74 0, S_0000026413a9fad0;
 .timescale 0 0;
v0000026413a9ca90_0 .var "addr", 3 0;
; Variable is_internal_reg is vec4 return value of scope S_000002641391e2a0
TD_test_3_3_i2c_loopback.dut.core0.is_internal_reg ;
    %load/vec4 v0000026413a9ca90_0;
    %cmpi/u 3, 0, 4;
    %flag_or 5, 4;
    %jmp/1 T_0.1, 5;
    %flag_mov 8, 5;
    %load/vec4 v0000026413a9ca90_0;
    %cmpi/e 8, 0, 4;
    %flag_or 4, 8;
    %flag_mov 5, 4;
T_0.1;
    %flag_get/vec4 5;
    %jmp/1 T_0.0, 5;
    %pushi/vec4 11, 0, 4;
    %load/vec4 v0000026413a9ca90_0;
    %cmp/u;
    %flag_get/vec4 4;
    %flag_get/vec4 5;
    %or;
    %or;
T_0.0;
    %ret/vec4 0, 0, 1;  Assign to is_internal_reg (store_vec4_to_lval)
    %end;
S_0000026413964320 .scope module, "core1" "cpu_core" 3 194, 4 3 0, S_0000026413a9f940;
 .timescale 0 0;
    .port_info 0 /INPUT 1 "clk";
    .port_info 1 /INPUT 1 "rst_n";
    .port_info 2 /INPUT 1 "run";
    .port_info 3 /INPUT 1 "irq";
    .port_info 4 /INPUT 4 "pin_state";
    .port_info 5 /OUTPUT 4 "pin_out";
    .port_info 6 /OUTPUT 4 "pin_dir";
    .port_info 7 /OUTPUT 7 "rom_addr";
    .port_info 8 /INPUT 4 "rom_data";
    .port_info 9 /OUTPUT 4 "mem_addr";
    .port_info 10 /OUTPUT 8 "mem_wdata";
    .port_info 11 /OUTPUT 1 "mem_we";
    .port_info 12 /OUTPUT 1 "mem_re";
    .port_info 13 /INPUT 8 "mem_rdata";
    .port_info 14 /INPUT 1 "mem_stall";
    .port_info 15 /OUTPUT 7 "exec_pc";
P_000002641391e430 .param/l "ST_EXECUTE" 1 4 62, C4<100>;
P_000002641391e468 .param/l "ST_FETCH_OP" 1 4 59, C4<001>;
P_000002641391e4a0 .param/l "ST_FETCH_OP1" 1 4 60, C4<010>;
P_000002641391e4d8 .param/l "ST_FETCH_OP2" 1 4 61, C4<011>;
P_000002641391e510 .param/l "ST_HALT" 1 4 58, C4<000>;
P_000002641391e548 .param/l "ST_MEM_WAIT" 1 4 63, C4<101>;
L_0000026413b9da00 .functor BUFZ 7, v0000026413b027f0_0, C4<0000000>, C4<0000000>, C4<0000000>;
L_0000026413b32418 .functor BUFT 1, C4<0000001>, C4<0>, C4<0>, C4<0>;
v0000026413aff830_0 .net/2u *"_ivl_0", 6 0, L_0000026413b32418;  1 drivers
v0000026413b00b90_0 .net *"_ivl_14", 8 0, L_0000026413b99920;  1 drivers
L_0000026413b324f0 .functor BUFT 1, C4<0>, C4<0>, C4<0>, C4<0>;
v0000026413affe70_0 .net *"_ivl_17", 0 0, L_0000026413b324f0;  1 drivers
v0000026413aff970_0 .net *"_ivl_18", 8 0, L_0000026413b99ba0;  1 drivers
L_0000026413b32460 .functor BUFT 1, C4<0000010>, C4<0>, C4<0>, C4<0>;
v0000026413afff10_0 .net/2u *"_ivl_2", 6 0, L_0000026413b32460;  1 drivers
L_0000026413b32538 .functor BUFT 1, C4<0>, C4<0>, C4<0>, C4<0>;
v0000026413b00690_0 .net *"_ivl_21", 0 0, L_0000026413b32538;  1 drivers
v0000026413b007d0_0 .net *"_ivl_24", 8 0, L_0000026413b9ae60;  1 drivers
L_0000026413b32580 .functor BUFT 1, C4<0>, C4<0>, C4<0>, C4<0>;
v0000026413afffb0_0 .net *"_ivl_27", 0 0, L_0000026413b32580;  1 drivers
v0000026413b00eb0_0 .net *"_ivl_28", 8 0, L_0000026413b9a820;  1 drivers
L_0000026413b325c8 .functor BUFT 1, C4<0>, C4<0>, C4<0>, C4<0>;
v0000026413b00ff0_0 .net *"_ivl_31", 0 0, L_0000026413b325c8;  1 drivers
L_0000026413b324a8 .functor BUFT 1, C4<0000011>, C4<0>, C4<0>, C4<0>;
v0000026413b00730_0 .net/2u *"_ivl_4", 6 0, L_0000026413b324a8;  1 drivers
v0000026413affa10_0 .net *"_ivl_6", 6 0, L_0000026413b9b360;  1 drivers
v0000026413b00190_0 .net *"_ivl_8", 6 0, L_0000026413b9b860;  1 drivers
v0000026413b00050_0 .var "acc", 7 0;
v0000026413b00f50_0 .net "add_res", 8 0, L_0000026413b99100;  1 drivers
v0000026413aff5b0_0 .var "b_reg", 7 0;
v0000026413b00a50_0 .net "clk", 0 0, v0000026413b26bb0_0;  alias, 1 drivers
v0000026413b01090_0 .var "curr_op1", 3 0;
v0000026413b004b0_0 .var "curr_op2", 3 0;
v0000026413b000f0_0 .var "curr_opcode", 3 0;
v0000026413b002d0_0 .net "exec_pc", 6 0, L_0000026413b9a780;  1 drivers
v0000026413b011d0_0 .var "flag_carry", 0 0;
v0000026413b009b0_0 .var "flag_zero", 0 0;
v0000026413b01270_0 .var "in_irq", 0 0;
v0000026413b00550_0 .net "irq", 0 0, L_0000026413b29a90;  alias, 1 drivers
v0000026413b01310_0 .net "is_1_nibble", 0 0, L_0000026413b9c110;  1 drivers
v0000026413b013b0_0 .net "is_2_nibble", 0 0, L_0000026413b9d680;  1 drivers
v0000026413affab0_0 .net "is_3_nibble", 0 0, L_0000026413b9c340;  1 drivers
v0000026413b01670_0 .var "mem_addr", 3 0;
v0000026413b03970_0 .net "mem_rdata", 7 0, v0000026413b24a70_0;  1 drivers
v0000026413b02b10_0 .var "mem_re", 0 0;
v0000026413b01ad0_0 .net "mem_stall", 0 0, L_0000026413b9cc00;  alias, 1 drivers
v0000026413b01990_0 .var "mem_wdata", 7 0;
v0000026413b031f0_0 .var "mem_we", 0 0;
v0000026413b027f0_0 .var "pc", 6 0;
v0000026413b036f0_0 .var "pin_dir", 3 0;
v0000026413b029d0_0 .var "pin_out", 3 0;
v0000026413b02cf0_0 .net "pin_state", 3 0, L_0000026413b99c40;  1 drivers
v0000026413b03b50 .array "r_regs", 14 2, 7 0;
v0000026413b02890_0 .var "ret_pc", 6 0;
v0000026413b03d30_0 .net "rom_addr", 6 0, L_0000026413b9da00;  alias, 1 drivers
v0000026413b03bf0_0 .net "rom_data", 3 0, L_0000026413a21e20;  alias, 1 drivers
v0000026413b03290_0 .net "rst_n", 0 0, v0000026413b27a10_0;  alias, 1 drivers
v0000026413b01fd0_0 .net "run", 0 0, v0000026413b16a90_0;  alias, 1 drivers
v0000026413b015d0_0 .var "state", 2 0;
v0000026413b01a30_0 .net "sub_res", 8 0, L_0000026413b9a3c0;  1 drivers
L_0000026413b9b360 .functor MUXZ 7, L_0000026413b324a8, L_0000026413b32460, L_0000026413b9d680, C4<>;
L_0000026413b9b860 .functor MUXZ 7, L_0000026413b9b360, L_0000026413b32418, L_0000026413b9c110, C4<>;
L_0000026413b9a780 .arith/sub 7, v0000026413b027f0_0, L_0000026413b9b860;
L_0000026413b99920 .concat [ 8 1 0 0], v0000026413b00050_0, L_0000026413b324f0;
L_0000026413b99ba0 .concat [ 8 1 0 0], v0000026413aff5b0_0, L_0000026413b32538;
L_0000026413b99100 .arith/sum 9, L_0000026413b99920, L_0000026413b99ba0;
L_0000026413b9ae60 .concat [ 8 1 0 0], v0000026413b00050_0, L_0000026413b32580;
L_0000026413b9a820 .concat [ 8 1 0 0], v0000026413aff5b0_0, L_0000026413b325c8;
L_0000026413b9a3c0 .arith/sub 9, L_0000026413b9ae60, L_0000026413b9a820;
S_00000264138f92b0 .scope module, "dec_inst" "decoder" 4 51, 5 3 0, S_0000026413964320;
 .timescale 0 0;
    .port_info 0 /INPUT 4 "opcode";
    .port_info 1 /OUTPUT 1 "is_1_nibble";
    .port_info 2 /OUTPUT 1 "is_2_nibble";
    .port_info 3 /OUTPUT 1 "is_3_nibble";
    .port_info 4 /OUTPUT 1 "is_math";
    .port_info 5 /OUTPUT 1 "is_jump";
    .port_info 6 /OUTPUT 1 "is_mem_load";
    .port_info 7 /OUTPUT 1 "is_mem_store";
    .port_info 8 /OUTPUT 1 "is_pin_set";
L_0000026413b321d8 .functor BUFT 1, C4<0>, C4<0>, C4<0>, C4<0>;
L_0000026413b9c110 .functor XNOR 1, L_0000026413b996a0, L_0000026413b321d8, C4<0>, C4<0>;
L_0000026413b32220 .functor BUFT 1, C4<1>, C4<0>, C4<0>, C4<0>;
L_0000026413b9cce0 .functor XNOR 1, L_0000026413b9b180, L_0000026413b32220, C4<0>, C4<0>;
L_0000026413b9d680 .functor AND 1, L_0000026413b9cce0, L_0000026413b9b2c0, C4<1>, C4<1>;
L_0000026413b322b0 .functor BUFT 1, C4<1>, C4<0>, C4<0>, C4<0>;
L_0000026413b9c420 .functor XNOR 1, L_0000026413b99420, L_0000026413b322b0, C4<0>, C4<0>;
L_0000026413b9c340 .functor AND 1, L_0000026413b9c420, L_0000026413b99b00, C4<1>, C4<1>;
L_0000026413b9cdc0 .functor BUFZ 1, L_0000026413b9c340, C4<0>, C4<0>, C4<0>;
v00000264139d61f0_0 .net *"_ivl_1", 0 0, L_0000026413b996a0;  1 drivers
v00000264139d5a70_0 .net *"_ivl_10", 0 0, L_0000026413b9cce0;  1 drivers
L_0000026413b32268 .functor BUFT 1, C4<1101>, C4<0>, C4<0>, C4<0>;
v0000026413a1f200_0 .net/2u *"_ivl_12", 3 0, L_0000026413b32268;  1 drivers
v0000026413a1dea0_0 .net *"_ivl_14", 0 0, L_0000026413b9b2c0;  1 drivers
v0000026413affd30_0 .net *"_ivl_19", 0 0, L_0000026413b99420;  1 drivers
v0000026413affbf0_0 .net/2u *"_ivl_2", 0 0, L_0000026413b321d8;  1 drivers
v0000026413b01450_0 .net/2u *"_ivl_20", 0 0, L_0000026413b322b0;  1 drivers
v0000026413affc90_0 .net *"_ivl_22", 0 0, L_0000026413b9c420;  1 drivers
L_0000026413b322f8 .functor BUFT 1, C4<1101>, C4<0>, C4<0>, C4<0>;
v0000026413aff6f0_0 .net/2u *"_ivl_24", 3 0, L_0000026413b322f8;  1 drivers
v0000026413b00370_0 .net *"_ivl_26", 0 0, L_0000026413b99b00;  1 drivers
L_0000026413b32340 .functor BUFT 1, C4<0101>, C4<0>, C4<0>, C4<0>;
v0000026413b00910_0 .net/2u *"_ivl_30", 3 0, L_0000026413b32340;  1 drivers
L_0000026413b32388 .functor BUFT 1, C4<1100>, C4<0>, C4<0>, C4<0>;
v0000026413b01130_0 .net/2u *"_ivl_36", 3 0, L_0000026413b32388;  1 drivers
L_0000026413b323d0 .functor BUFT 1, C4<1011>, C4<0>, C4<0>, C4<0>;
v0000026413b00c30_0 .net/2u *"_ivl_40", 3 0, L_0000026413b323d0;  1 drivers
v0000026413b00410_0 .net *"_ivl_7", 0 0, L_0000026413b9b180;  1 drivers
v0000026413b00870_0 .net/2u *"_ivl_8", 0 0, L_0000026413b32220;  1 drivers
v0000026413b00cd0_0 .net "is_1_nibble", 0 0, L_0000026413b9c110;  alias, 1 drivers
v0000026413b00d70_0 .net "is_2_nibble", 0 0, L_0000026413b9d680;  alias, 1 drivers
v0000026413b00e10_0 .net "is_3_nibble", 0 0, L_0000026413b9c340;  alias, 1 drivers
v0000026413aff650_0 .net "is_jump", 0 0, L_0000026413b9cdc0;  1 drivers
v0000026413affb50_0 .net "is_math", 0 0, L_0000026413b9b7c0;  1 drivers
v0000026413aff790_0 .net "is_mem_load", 0 0, L_0000026413b9b540;  1 drivers
v0000026413b00230_0 .net "is_mem_store", 0 0, L_0000026413b9af00;  1 drivers
o0000026413ab0a58 .functor BUFZ 1, C4<z>; HiZ drive
v0000026413aff8d0_0 .net "is_pin_set", 0 0, o0000026413ab0a58;  0 drivers
v0000026413affdd0_0 .net "opcode", 3 0, v0000026413b000f0_0;  1 drivers
L_0000026413b996a0 .part v0000026413b000f0_0, 3, 1;
L_0000026413b9b180 .part v0000026413b000f0_0, 3, 1;
L_0000026413b9b2c0 .cmp/gt 4, L_0000026413b32268, v0000026413b000f0_0;
L_0000026413b99420 .part v0000026413b000f0_0, 3, 1;
L_0000026413b99b00 .cmp/ge 4, v0000026413b000f0_0, L_0000026413b322f8;
L_0000026413b9b7c0 .cmp/ge 4, L_0000026413b32340, v0000026413b000f0_0;
L_0000026413b9b540 .cmp/eq 4, v0000026413b000f0_0, L_0000026413b32388;
L_0000026413b9af00 .cmp/eq 4, v0000026413b000f0_0, L_0000026413b323d0;
S_00000264138f9440 .scope function.vec4.s1, "is_internal_reg" "is_internal_reg" 4 74, 4 74 0, S_0000026413964320;
 .timescale 0 0;
v0000026413b00af0_0 .var "addr", 3 0;
; Variable is_internal_reg is vec4 return value of scope S_00000264138f9440
TD_test_3_3_i2c_loopback.dut.core1.is_internal_reg ;
    %load/vec4 v0000026413b00af0_0;
    %cmpi/u 3, 0, 4;
    %flag_or 5, 4;
    %jmp/1 T_1.3, 5;
    %flag_mov 8, 5;
    %load/vec4 v0000026413b00af0_0;
    %cmpi/e 8, 0, 4;
    %flag_or 4, 8;
    %flag_mov 5, 4;
T_1.3;
    %flag_get/vec4 5;
    %jmp/1 T_1.2, 5;
    %pushi/vec4 11, 0, 4;
    %load/vec4 v0000026413b00af0_0;
    %cmp/u;
    %flag_get/vec4 4;
    %flag_get/vec4 5;
    %or;
    %or;
T_1.2;
    %ret/vec4 0, 0, 1;  Assign to is_internal_reg (store_vec4_to_lval)
    %end;
S_00000264138f4620 .scope module, "core2" "cpu_core" 3 253, 4 3 0, S_0000026413a9f940;
 .timescale 0 0;
    .port_info 0 /INPUT 1 "clk";
    .port_info 1 /INPUT 1 "rst_n";
    .port_info 2 /INPUT 1 "run";
    .port_info 3 /INPUT 1 "irq";
    .port_info 4 /INPUT 4 "pin_state";
    .port_info 5 /OUTPUT 4 "pin_out";
    .port_info 6 /OUTPUT 4 "pin_dir";
    .port_info 7 /OUTPUT 7 "rom_addr";
    .port_info 8 /INPUT 4 "rom_data";
    .port_info 9 /OUTPUT 4 "mem_addr";
    .port_info 10 /OUTPUT 8 "mem_wdata";
    .port_info 11 /OUTPUT 1 "mem_we";
    .port_info 12 /OUTPUT 1 "mem_re";
    .port_info 13 /INPUT 8 "mem_rdata";
    .port_info 14 /INPUT 1 "mem_stall";
    .port_info 15 /OUTPUT 7 "exec_pc";
P_00000264138f95d0 .param/l "ST_EXECUTE" 1 4 62, C4<100>;
P_00000264138f9608 .param/l "ST_FETCH_OP" 1 4 59, C4<001>;
P_00000264138f9640 .param/l "ST_FETCH_OP1" 1 4 60, C4<010>;
P_00000264138f9678 .param/l "ST_FETCH_OP2" 1 4 61, C4<011>;
P_00000264138f96b0 .param/l "ST_HALT" 1 4 58, C4<000>;
P_00000264138f96e8 .param/l "ST_MEM_WAIT" 1 4 63, C4<101>;
L_0000026413b9c7a0 .functor BUFZ 7, v0000026413b03f10_0, C4<0000000>, C4<0000000>, C4<0000000>;
L_0000026413b32df0 .functor BUFT 1, C4<0000001>, C4<0>, C4<0>, C4<0>;
v0000026413b038d0_0 .net/2u *"_ivl_0", 6 0, L_0000026413b32df0;  1 drivers
v0000026413b02ed0_0 .net *"_ivl_14", 8 0, L_0000026413b962c0;  1 drivers
L_0000026413b32ec8 .functor BUFT 1, C4<0>, C4<0>, C4<0>, C4<0>;
v0000026413b03150_0 .net *"_ivl_17", 0 0, L_0000026413b32ec8;  1 drivers
v0000026413b02250_0 .net *"_ivl_18", 8 0, L_0000026413b94f60;  1 drivers
L_0000026413b32e38 .functor BUFT 1, C4<0000010>, C4<0>, C4<0>, C4<0>;
v0000026413b02f70_0 .net/2u *"_ivl_2", 6 0, L_0000026413b32e38;  1 drivers
L_0000026413b32f10 .functor BUFT 1, C4<0>, C4<0>, C4<0>, C4<0>;
v0000026413b022f0_0 .net *"_ivl_21", 0 0, L_0000026413b32f10;  1 drivers
v0000026413b03ab0_0 .net *"_ivl_24", 8 0, L_0000026413b94880;  1 drivers
L_0000026413b32f58 .functor BUFT 1, C4<0>, C4<0>, C4<0>, C4<0>;
v0000026413b03010_0 .net *"_ivl_27", 0 0, L_0000026413b32f58;  1 drivers
v0000026413b02390_0 .net *"_ivl_28", 8 0, L_0000026413b96720;  1 drivers
L_0000026413b32fa0 .functor BUFT 1, C4<0>, C4<0>, C4<0>, C4<0>;
v0000026413b02430_0 .net *"_ivl_31", 0 0, L_0000026413b32fa0;  1 drivers
L_0000026413b32e80 .functor BUFT 1, C4<0000011>, C4<0>, C4<0>, C4<0>;
v0000026413b030b0_0 .net/2u *"_ivl_4", 6 0, L_0000026413b32e80;  1 drivers
v0000026413b024d0_0 .net *"_ivl_6", 6 0, L_0000026413b950a0;  1 drivers
v0000026413b033d0_0 .net *"_ivl_8", 6 0, L_0000026413b94c40;  1 drivers
v0000026413b03470_0 .var "acc", 7 0;
v0000026413b026b0_0 .net "add_res", 8 0, L_0000026413b94ce0;  1 drivers
v0000026413b02750_0 .var "b_reg", 7 0;
v0000026413b03510_0 .net "clk", 0 0, v0000026413b26bb0_0;  alias, 1 drivers
v0000026413b035b0_0 .var "curr_op1", 3 0;
v0000026413b03650_0 .var "curr_op2", 3 0;
v0000026413b03e70_0 .var "curr_opcode", 3 0;
v0000026413b04550_0 .net "exec_pc", 6 0, L_0000026413b94560;  1 drivers
v0000026413b04690_0 .var "flag_carry", 0 0;
v0000026413b047d0_0 .var "flag_zero", 0 0;
v0000026413b04a50_0 .var "in_irq", 0 0;
v0000026413b04410_0 .net "irq", 0 0, L_0000026413b29a90;  alias, 1 drivers
v0000026413b04eb0_0 .net "is_1_nibble", 0 0, L_0000026413b9ca40;  1 drivers
v0000026413b04af0_0 .net "is_2_nibble", 0 0, L_0000026413b9d300;  1 drivers
v0000026413b04050_0 .net "is_3_nibble", 0 0, L_0000026413b9d450;  1 drivers
v0000026413b04730_0 .var "mem_addr", 3 0;
v0000026413b04870_0 .net "mem_rdata", 7 0, v0000026413b2c6f0_0;  1 drivers
v0000026413b04910_0 .var "mem_re", 0 0;
v0000026413b049b0_0 .net "mem_stall", 0 0, L_0000026413b9d370;  alias, 1 drivers
v0000026413b04b90_0 .var "mem_wdata", 7 0;
v0000026413b04c30_0 .var "mem_we", 0 0;
v0000026413b03f10_0 .var "pc", 6 0;
v0000026413b03fb0_0 .var "pin_dir", 3 0;
v0000026413b04cd0_0 .var "pin_out", 3 0;
v0000026413b045f0_0 .net "pin_state", 3 0, L_0000026413b95a00;  1 drivers
v0000026413b040f0 .array "r_regs", 14 2, 7 0;
v0000026413b044b0_0 .var "ret_pc", 6 0;
v0000026413b04d70_0 .net "rom_addr", 6 0, L_0000026413b9c7a0;  alias, 1 drivers
v0000026413b04e10_0 .net "rom_data", 3 0, L_0000026413b9d5a0;  alias, 1 drivers
v0000026413b05270_0 .net "rst_n", 0 0, v0000026413b27a10_0;  alias, 1 drivers
v0000026413b04f50_0 .net "run", 0 0, v0000026413b168b0_0;  alias, 1 drivers
v0000026413b04ff0_0 .var "state", 2 0;
v0000026413b05090_0 .net "sub_res", 8 0, L_0000026413b94600;  1 drivers
L_0000026413b950a0 .functor MUXZ 7, L_0000026413b32e80, L_0000026413b32e38, L_0000026413b9d300, C4<>;
L_0000026413b94c40 .functor MUXZ 7, L_0000026413b950a0, L_0000026413b32df0, L_0000026413b9ca40, C4<>;
L_0000026413b94560 .arith/sub 7, v0000026413b03f10_0, L_0000026413b94c40;
L_0000026413b962c0 .concat [ 8 1 0 0], v0000026413b03470_0, L_0000026413b32ec8;
L_0000026413b94f60 .concat [ 8 1 0 0], v0000026413b02750_0, L_0000026413b32f10;
L_0000026413b94ce0 .arith/sum 9, L_0000026413b962c0, L_0000026413b94f60;
L_0000026413b94880 .concat [ 8 1 0 0], v0000026413b03470_0, L_0000026413b32f58;
L_0000026413b96720 .concat [ 8 1 0 0], v0000026413b02750_0, L_0000026413b32fa0;
L_0000026413b94600 .arith/sub 9, L_0000026413b94880, L_0000026413b96720;
S_00000264138c6c20 .scope module, "dec_inst" "decoder" 4 51, 5 3 0, S_00000264138f4620;
 .timescale 0 0;
    .port_info 0 /INPUT 4 "opcode";
    .port_info 1 /OUTPUT 1 "is_1_nibble";
    .port_info 2 /OUTPUT 1 "is_2_nibble";
    .port_info 3 /OUTPUT 1 "is_3_nibble";
    .port_info 4 /OUTPUT 1 "is_math";
    .port_info 5 /OUTPUT 1 "is_jump";
    .port_info 6 /OUTPUT 1 "is_mem_load";
    .port_info 7 /OUTPUT 1 "is_mem_store";
    .port_info 8 /OUTPUT 1 "is_pin_set";
L_0000026413b32bb0 .functor BUFT 1, C4<0>, C4<0>, C4<0>, C4<0>;
L_0000026413b9ca40 .functor XNOR 1, L_0000026413b95500, L_0000026413b32bb0, C4<0>, C4<0>;
L_0000026413b32bf8 .functor BUFT 1, C4<1>, C4<0>, C4<0>, C4<0>;
L_0000026413b9cf80 .functor XNOR 1, L_0000026413b96400, L_0000026413b32bf8, C4<0>, C4<0>;
L_0000026413b9d300 .functor AND 1, L_0000026413b9cf80, L_0000026413b94d80, C4<1>, C4<1>;
L_0000026413b32c88 .functor BUFT 1, C4<1>, C4<0>, C4<0>, C4<0>;
L_0000026413b9cea0 .functor XNOR 1, L_0000026413b964a0, L_0000026413b32c88, C4<0>, C4<0>;
L_0000026413b9d450 .functor AND 1, L_0000026413b9cea0, L_0000026413b96540, C4<1>, C4<1>;
L_0000026413b9d3e0 .functor BUFZ 1, L_0000026413b9d450, C4<0>, C4<0>, C4<0>;
v0000026413b03c90_0 .net *"_ivl_1", 0 0, L_0000026413b95500;  1 drivers
v0000026413b01b70_0 .net *"_ivl_10", 0 0, L_0000026413b9cf80;  1 drivers
L_0000026413b32c40 .functor BUFT 1, C4<1101>, C4<0>, C4<0>, C4<0>;
v0000026413b02930_0 .net/2u *"_ivl_12", 3 0, L_0000026413b32c40;  1 drivers
v0000026413b017b0_0 .net *"_ivl_14", 0 0, L_0000026413b94d80;  1 drivers
v0000026413b01710_0 .net *"_ivl_19", 0 0, L_0000026413b964a0;  1 drivers
v0000026413b01850_0 .net/2u *"_ivl_2", 0 0, L_0000026413b32bb0;  1 drivers
v0000026413b03a10_0 .net/2u *"_ivl_20", 0 0, L_0000026413b32c88;  1 drivers
v0000026413b02570_0 .net *"_ivl_22", 0 0, L_0000026413b9cea0;  1 drivers
L_0000026413b32cd0 .functor BUFT 1, C4<1101>, C4<0>, C4<0>, C4<0>;
v0000026413b03330_0 .net/2u *"_ivl_24", 3 0, L_0000026413b32cd0;  1 drivers
v0000026413b01d50_0 .net *"_ivl_26", 0 0, L_0000026413b96540;  1 drivers
L_0000026413b32d18 .functor BUFT 1, C4<0101>, C4<0>, C4<0>, C4<0>;
v0000026413b018f0_0 .net/2u *"_ivl_30", 3 0, L_0000026413b32d18;  1 drivers
L_0000026413b32d60 .functor BUFT 1, C4<1100>, C4<0>, C4<0>, C4<0>;
v0000026413b01c10_0 .net/2u *"_ivl_36", 3 0, L_0000026413b32d60;  1 drivers
L_0000026413b32da8 .functor BUFT 1, C4<1011>, C4<0>, C4<0>, C4<0>;
v0000026413b01cb0_0 .net/2u *"_ivl_40", 3 0, L_0000026413b32da8;  1 drivers
v0000026413b02bb0_0 .net *"_ivl_7", 0 0, L_0000026413b96400;  1 drivers
v0000026413b02d90_0 .net/2u *"_ivl_8", 0 0, L_0000026413b32bf8;  1 drivers
v0000026413b01f30_0 .net "is_1_nibble", 0 0, L_0000026413b9ca40;  alias, 1 drivers
v0000026413b03790_0 .net "is_2_nibble", 0 0, L_0000026413b9d300;  alias, 1 drivers
v0000026413b02610_0 .net "is_3_nibble", 0 0, L_0000026413b9d450;  alias, 1 drivers
v0000026413b03830_0 .net "is_jump", 0 0, L_0000026413b9d3e0;  1 drivers
v0000026413b02a70_0 .net "is_math", 0 0, L_0000026413b95d20;  1 drivers
v0000026413b01df0_0 .net "is_mem_load", 0 0, L_0000026413b965e0;  1 drivers
v0000026413b02070_0 .net "is_mem_store", 0 0, L_0000026413b96680;  1 drivers
o0000026413ab1b08 .functor BUFZ 1, C4<z>; HiZ drive
v0000026413b02c50_0 .net "is_pin_set", 0 0, o0000026413ab1b08;  0 drivers
v0000026413b02110_0 .net "opcode", 3 0, v0000026413b03e70_0;  1 drivers
L_0000026413b95500 .part v0000026413b03e70_0, 3, 1;
L_0000026413b96400 .part v0000026413b03e70_0, 3, 1;
L_0000026413b94d80 .cmp/gt 4, L_0000026413b32c40, v0000026413b03e70_0;
L_0000026413b964a0 .part v0000026413b03e70_0, 3, 1;
L_0000026413b96540 .cmp/ge 4, v0000026413b03e70_0, L_0000026413b32cd0;
L_0000026413b95d20 .cmp/ge 4, L_0000026413b32d18, v0000026413b03e70_0;
L_0000026413b965e0 .cmp/eq 4, v0000026413b03e70_0, L_0000026413b32d60;
L_0000026413b96680 .cmp/eq 4, v0000026413b03e70_0, L_0000026413b32da8;
S_00000264138c6db0 .scope function.vec4.s1, "is_internal_reg" "is_internal_reg" 4 74, 4 74 0, S_00000264138f4620;
 .timescale 0 0;
v0000026413b02e30_0 .var "addr", 3 0;
; Variable is_internal_reg is vec4 return value of scope S_00000264138c6db0
TD_test_3_3_i2c_loopback.dut.core2.is_internal_reg ;
    %load/vec4 v0000026413b02e30_0;
    %cmpi/u 3, 0, 4;
    %flag_or 5, 4;
    %jmp/1 T_2.5, 5;
    %flag_mov 8, 5;
    %load/vec4 v0000026413b02e30_0;
    %cmpi/e 8, 0, 4;
    %flag_or 4, 8;
    %flag_mov 5, 4;
T_2.5;
    %flag_get/vec4 5;
    %jmp/1 T_2.4, 5;
    %pushi/vec4 11, 0, 4;
    %load/vec4 v0000026413b02e30_0;
    %cmp/u;
    %flag_get/vec4 4;
    %flag_get/vec4 5;
    %or;
    %or;
T_2.4;
    %ret/vec4 0, 0, 1;  Assign to is_internal_reg (store_vec4_to_lval)
    %end;
S_0000026413892720 .scope module, "core3" "cpu_core" 3 306, 4 3 0, S_0000026413a9f940;
 .timescale 0 0;
    .port_info 0 /INPUT 1 "clk";
    .port_info 1 /INPUT 1 "rst_n";
    .port_info 2 /INPUT 1 "run";
    .port_info 3 /INPUT 1 "irq";
    .port_info 4 /INPUT 4 "pin_state";
    .port_info 5 /OUTPUT 4 "pin_out";
    .port_info 6 /OUTPUT 4 "pin_dir";
    .port_info 7 /OUTPUT 7 "rom_addr";
    .port_info 8 /INPUT 4 "rom_data";
    .port_info 9 /OUTPUT 4 "mem_addr";
    .port_info 10 /OUTPUT 8 "mem_wdata";
    .port_info 11 /OUTPUT 1 "mem_we";
    .port_info 12 /OUTPUT 1 "mem_re";
    .port_info 13 /INPUT 8 "mem_rdata";
    .port_info 14 /INPUT 1 "mem_stall";
    .port_info 15 /OUTPUT 7 "exec_pc";
P_00000264138c6f40 .param/l "ST_EXECUTE" 1 4 62, C4<100>;
P_00000264138c6f78 .param/l "ST_FETCH_OP" 1 4 59, C4<001>;
P_00000264138c6fb0 .param/l "ST_FETCH_OP1" 1 4 60, C4<010>;
P_00000264138c6fe8 .param/l "ST_FETCH_OP2" 1 4 61, C4<011>;
P_00000264138c7020 .param/l "ST_HALT" 1 4 58, C4<000>;
P_00000264138c7058 .param/l "ST_MEM_WAIT" 1 4 63, C4<101>;
L_0000026413b9cf10 .functor BUFZ 7, v0000026413b0ea90_0, C4<0000000>, C4<0000000>, C4<0000000>;
L_0000026413b337c8 .functor BUFT 1, C4<0000001>, C4<0>, C4<0>, C4<0>;
v0000026413b0d730_0 .net/2u *"_ivl_0", 6 0, L_0000026413b337c8;  1 drivers
v0000026413b0d910_0 .net *"_ivl_14", 8 0, L_0000026413b953c0;  1 drivers
L_0000026413b338a0 .functor BUFT 1, C4<0>, C4<0>, C4<0>, C4<0>;
v0000026413b0daf0_0 .net *"_ivl_17", 0 0, L_0000026413b338a0;  1 drivers
v0000026413b0d9b0_0 .net *"_ivl_18", 8 0, L_0000026413b956e0;  1 drivers
L_0000026413b33810 .functor BUFT 1, C4<0000010>, C4<0>, C4<0>, C4<0>;
v0000026413b0db90_0 .net/2u *"_ivl_2", 6 0, L_0000026413b33810;  1 drivers
L_0000026413b338e8 .functor BUFT 1, C4<0>, C4<0>, C4<0>, C4<0>;
v0000026413b0dc30_0 .net *"_ivl_21", 0 0, L_0000026413b338e8;  1 drivers
v0000026413b0dcd0_0 .net *"_ivl_24", 8 0, L_0000026413b978a0;  1 drivers
L_0000026413b33930 .functor BUFT 1, C4<0>, C4<0>, C4<0>, C4<0>;
v0000026413b0f170_0 .net *"_ivl_27", 0 0, L_0000026413b33930;  1 drivers
v0000026413b0d690_0 .net *"_ivl_28", 8 0, L_0000026413b96cc0;  1 drivers
L_0000026413b33978 .functor BUFT 1, C4<0>, C4<0>, C4<0>, C4<0>;
v0000026413b0de10_0 .net *"_ivl_31", 0 0, L_0000026413b33978;  1 drivers
L_0000026413b33858 .functor BUFT 1, C4<0000011>, C4<0>, C4<0>, C4<0>;
v0000026413b0f210_0 .net/2u *"_ivl_4", 6 0, L_0000026413b33858;  1 drivers
v0000026413b0e770_0 .net *"_ivl_6", 6 0, L_0000026413b951e0;  1 drivers
v0000026413b0fa30_0 .net *"_ivl_8", 6 0, L_0000026413b95320;  1 drivers
v0000026413b0deb0_0 .var "acc", 7 0;
v0000026413b0e090_0 .net "add_res", 8 0, L_0000026413b95820;  1 drivers
v0000026413b0edb0_0 .var "b_reg", 7 0;
v0000026413b0f490_0 .net "clk", 0 0, v0000026413b26bb0_0;  alias, 1 drivers
v0000026413b0ebd0_0 .var "curr_op1", 3 0;
v0000026413b0e130_0 .var "curr_op2", 3 0;
v0000026413b0e810_0 .var "curr_opcode", 3 0;
v0000026413b0f850_0 .net "exec_pc", 6 0, L_0000026413b95780;  1 drivers
v0000026413b0ec70_0 .var "flag_carry", 0 0;
v0000026413b0e270_0 .var "flag_zero", 0 0;
v0000026413b0e3b0_0 .var "in_irq", 0 0;
v0000026413b0e590_0 .net "irq", 0 0, L_0000026413b29a90;  alias, 1 drivers
v0000026413b0e450_0 .net "is_1_nibble", 0 0, L_0000026413b9da70;  1 drivers
v0000026413b0e630_0 .net "is_2_nibble", 0 0, L_0000026413b9cc70;  1 drivers
v0000026413b0f5d0_0 .net "is_3_nibble", 0 0, L_0000026413b9cd50;  1 drivers
v0000026413b0f030_0 .var "mem_addr", 3 0;
v0000026413b0f670_0 .net "mem_rdata", 7 0, v0000026413b2d730_0;  1 drivers
v0000026413b0e8b0_0 .var "mem_re", 0 0;
v0000026413b0f2b0_0 .net "mem_stall", 0 0, L_0000026413b9d140;  alias, 1 drivers
v0000026413b0e950_0 .var "mem_wdata", 7 0;
v0000026413b0fad0_0 .var "mem_we", 0 0;
v0000026413b0ea90_0 .var "pc", 6 0;
v0000026413b0e9f0_0 .var "pin_dir", 3 0;
v0000026413b0eb30_0 .var "pin_out", 3 0;
v0000026413b0f0d0_0 .net "pin_state", 3 0, L_0000026413b979e0;  1 drivers
v0000026413b0ed10 .array "r_regs", 14 2, 7 0;
v0000026413b0ee50_0 .var "ret_pc", 6 0;
v0000026413b0f8f0_0 .net "rom_addr", 6 0, L_0000026413b9cf10;  alias, 1 drivers
v0000026413b0eef0_0 .net "rom_data", 3 0, L_0000026413b9d530;  alias, 1 drivers
v0000026413b0ef90_0 .net "rst_n", 0 0, v0000026413b27a10_0;  alias, 1 drivers
v0000026413b0f990_0 .net "run", 0 0, v0000026413b17170_0;  alias, 1 drivers
v0000026413b0fb70_0 .var "state", 2 0;
v0000026413b0fc10_0 .net "sub_res", 8 0, L_0000026413b96b80;  1 drivers
L_0000026413b951e0 .functor MUXZ 7, L_0000026413b33858, L_0000026413b33810, L_0000026413b9cc70, C4<>;
L_0000026413b95320 .functor MUXZ 7, L_0000026413b951e0, L_0000026413b337c8, L_0000026413b9da70, C4<>;
L_0000026413b95780 .arith/sub 7, v0000026413b0ea90_0, L_0000026413b95320;
L_0000026413b953c0 .concat [ 8 1 0 0], v0000026413b0deb0_0, L_0000026413b338a0;
L_0000026413b956e0 .concat [ 8 1 0 0], v0000026413b0edb0_0, L_0000026413b338e8;
L_0000026413b95820 .arith/sum 9, L_0000026413b953c0, L_0000026413b956e0;
L_0000026413b978a0 .concat [ 8 1 0 0], v0000026413b0deb0_0, L_0000026413b33930;
L_0000026413b96cc0 .concat [ 8 1 0 0], v0000026413b0edb0_0, L_0000026413b33978;
L_0000026413b96b80 .arith/sub 9, L_0000026413b978a0, L_0000026413b96cc0;
S_0000026413aa1720 .scope module, "dec_inst" "decoder" 4 51, 5 3 0, S_0000026413892720;
 .timescale 0 0;
    .port_info 0 /INPUT 4 "opcode";
    .port_info 1 /OUTPUT 1 "is_1_nibble";
    .port_info 2 /OUTPUT 1 "is_2_nibble";
    .port_info 3 /OUTPUT 1 "is_3_nibble";
    .port_info 4 /OUTPUT 1 "is_math";
    .port_info 5 /OUTPUT 1 "is_jump";
    .port_info 6 /OUTPUT 1 "is_mem_load";
    .port_info 7 /OUTPUT 1 "is_mem_store";
    .port_info 8 /OUTPUT 1 "is_pin_set";
L_0000026413b33588 .functor BUFT 1, C4<0>, C4<0>, C4<0>, C4<0>;
L_0000026413b9da70 .functor XNOR 1, L_0000026413b96220, L_0000026413b33588, C4<0>, C4<0>;
L_0000026413b335d0 .functor BUFT 1, C4<1>, C4<0>, C4<0>, C4<0>;
L_0000026413b9cb20 .functor XNOR 1, L_0000026413b94ec0, L_0000026413b335d0, C4<0>, C4<0>;
L_0000026413b9cc70 .functor AND 1, L_0000026413b9cb20, L_0000026413b94740, C4<1>, C4<1>;
L_0000026413b33660 .functor BUFT 1, C4<1>, C4<0>, C4<0>, C4<0>;
L_0000026413b9cb90 .functor XNOR 1, L_0000026413b949c0, L_0000026413b33660, C4<0>, C4<0>;
L_0000026413b9cd50 .functor AND 1, L_0000026413b9cb90, L_0000026413b94a60, C4<1>, C4<1>;
L_0000026413b9d220 .functor BUFZ 1, L_0000026413b9cd50, C4<0>, C4<0>, C4<0>;
v0000026413b051d0_0 .net *"_ivl_1", 0 0, L_0000026413b96220;  1 drivers
v0000026413b05310_0 .net *"_ivl_10", 0 0, L_0000026413b9cb20;  1 drivers
L_0000026413b33618 .functor BUFT 1, C4<1101>, C4<0>, C4<0>, C4<0>;
v0000026413b053b0_0 .net/2u *"_ivl_12", 3 0, L_0000026413b33618;  1 drivers
v0000026413b05450_0 .net *"_ivl_14", 0 0, L_0000026413b94740;  1 drivers
v0000026413b03dd0_0 .net *"_ivl_19", 0 0, L_0000026413b949c0;  1 drivers
v0000026413b04370_0 .net/2u *"_ivl_2", 0 0, L_0000026413b33588;  1 drivers
v0000026413b04190_0 .net/2u *"_ivl_20", 0 0, L_0000026413b33660;  1 drivers
v0000026413b04230_0 .net *"_ivl_22", 0 0, L_0000026413b9cb90;  1 drivers
L_0000026413b336a8 .functor BUFT 1, C4<1101>, C4<0>, C4<0>, C4<0>;
v0000026413b042d0_0 .net/2u *"_ivl_24", 3 0, L_0000026413b336a8;  1 drivers
v0000026413b0e6d0_0 .net *"_ivl_26", 0 0, L_0000026413b94a60;  1 drivers
L_0000026413b336f0 .functor BUFT 1, C4<0101>, C4<0>, C4<0>, C4<0>;
v0000026413b0e1d0_0 .net/2u *"_ivl_30", 3 0, L_0000026413b336f0;  1 drivers
L_0000026413b33738 .functor BUFT 1, C4<1100>, C4<0>, C4<0>, C4<0>;
v0000026413b0f7b0_0 .net/2u *"_ivl_36", 3 0, L_0000026413b33738;  1 drivers
L_0000026413b33780 .functor BUFT 1, C4<1011>, C4<0>, C4<0>, C4<0>;
v0000026413b0dd70_0 .net/2u *"_ivl_40", 3 0, L_0000026413b33780;  1 drivers
v0000026413b0e4f0_0 .net *"_ivl_7", 0 0, L_0000026413b94ec0;  1 drivers
v0000026413b0f350_0 .net/2u *"_ivl_8", 0 0, L_0000026413b335d0;  1 drivers
v0000026413b0dff0_0 .net "is_1_nibble", 0 0, L_0000026413b9da70;  alias, 1 drivers
v0000026413b0d5f0_0 .net "is_2_nibble", 0 0, L_0000026413b9cc70;  alias, 1 drivers
v0000026413b0da50_0 .net "is_3_nibble", 0 0, L_0000026413b9cd50;  alias, 1 drivers
v0000026413b0fd50_0 .net "is_jump", 0 0, L_0000026413b9d220;  1 drivers
v0000026413b0f530_0 .net "is_math", 0 0, L_0000026413b94b00;  1 drivers
v0000026413b0df50_0 .net "is_mem_load", 0 0, L_0000026413b95000;  1 drivers
v0000026413b0d7d0_0 .net "is_mem_store", 0 0, L_0000026413b95140;  1 drivers
o0000026413ab2bb8 .functor BUFZ 1, C4<z>; HiZ drive
v0000026413b0d870_0 .net "is_pin_set", 0 0, o0000026413ab2bb8;  0 drivers
v0000026413b0f710_0 .net "opcode", 3 0, v0000026413b0e810_0;  1 drivers
L_0000026413b96220 .part v0000026413b0e810_0, 3, 1;
L_0000026413b94ec0 .part v0000026413b0e810_0, 3, 1;
L_0000026413b94740 .cmp/gt 4, L_0000026413b33618, v0000026413b0e810_0;
L_0000026413b949c0 .part v0000026413b0e810_0, 3, 1;
L_0000026413b94a60 .cmp/ge 4, v0000026413b0e810_0, L_0000026413b336a8;
L_0000026413b94b00 .cmp/ge 4, L_0000026413b336f0, v0000026413b0e810_0;
L_0000026413b95000 .cmp/eq 4, v0000026413b0e810_0, L_0000026413b33738;
L_0000026413b95140 .cmp/eq 4, v0000026413b0e810_0, L_0000026413b33780;
S_0000026413aa18b0 .scope function.vec4.s1, "is_internal_reg" "is_internal_reg" 4 74, 4 74 0, S_0000026413892720;
 .timescale 0 0;
v0000026413b0f3f0_0 .var "addr", 3 0;
; Variable is_internal_reg is vec4 return value of scope S_0000026413aa18b0
TD_test_3_3_i2c_loopback.dut.core3.is_internal_reg ;
    %load/vec4 v0000026413b0f3f0_0;
    %cmpi/u 3, 0, 4;
    %flag_or 5, 4;
    %jmp/1 T_3.7, 5;
    %flag_mov 8, 5;
    %load/vec4 v0000026413b0f3f0_0;
    %cmpi/e 8, 0, 4;
    %flag_or 4, 8;
    %flag_mov 5, 4;
T_3.7;
    %flag_get/vec4 5;
    %jmp/1 T_3.6, 5;
    %pushi/vec4 11, 0, 4;
    %load/vec4 v0000026413b0f3f0_0;
    %cmp/u;
    %flag_get/vec4 4;
    %flag_get/vec4 5;
    %or;
    %or;
T_3.6;
    %ret/vec4 0, 0, 1;  Assign to is_internal_reg (store_vec4_to_lval)
    %end;
S_0000026413aa1c50 .scope module, "rx0" "fifo" 3 104, 6 3 0, S_0000026413a9f940;
 .timescale 0 0;
    .port_info 0 /INPUT 1 "clk";
    .port_info 1 /INPUT 1 "rst_n";
    .port_info 2 /INPUT 8 "wdata";
    .port_info 3 /INPUT 1 "we";
    .port_info 4 /OUTPUT 8 "rdata";
    .port_info 5 /INPUT 1 "re";
    .port_info 6 /OUTPUT 1 "empty";
    .port_info 7 /OUTPUT 1 "full";
P_0000026413a8a710 .param/l "DEPTH" 0 6 4, +C4<00000000000000000000000000001000>;
L_0000026413a63e50 .functor BUFZ 8, L_0000026413b2a5d0, C4<00000000>, C4<00000000>, C4<00000000>;
v0000026413b0fcb0_0 .net *"_ivl_0", 31 0, L_0000026413b289b0;  1 drivers
L_0000026413b31380 .functor BUFT 1, C4<000000000000000000000000000>, C4<0>, C4<0>, C4<0>;
v0000026413b10d90_0 .net *"_ivl_11", 26 0, L_0000026413b31380;  1 drivers
L_0000026413b313c8 .functor BUFT 1, C4<00000000000000000000000000001000>, C4<0>, C4<0>, C4<0>;
v0000026413b10430_0 .net/2u *"_ivl_12", 31 0, L_0000026413b313c8;  1 drivers
v0000026413b10c50_0 .net *"_ivl_16", 7 0, L_0000026413b2a5d0;  1 drivers
v0000026413b0fe90_0 .net *"_ivl_19", 2 0, L_0000026413b2a710;  1 drivers
v0000026413b10a70_0 .net *"_ivl_20", 4 0, L_0000026413b28cd0;  1 drivers
L_0000026413b31410 .functor BUFT 1, C4<00>, C4<0>, C4<0>, C4<0>;
v0000026413b10890_0 .net *"_ivl_23", 1 0, L_0000026413b31410;  1 drivers
L_0000026413b312f0 .functor BUFT 1, C4<000000000000000000000000000>, C4<0>, C4<0>, C4<0>;
v0000026413b110b0_0 .net *"_ivl_3", 26 0, L_0000026413b312f0;  1 drivers
L_0000026413b31338 .functor BUFT 1, C4<00000000000000000000000000000000>, C4<0>, C4<0>, C4<0>;
v0000026413b11330_0 .net/2u *"_ivl_4", 31 0, L_0000026413b31338;  1 drivers
v0000026413b10ed0_0 .net *"_ivl_8", 31 0, L_0000026413b29bd0;  1 drivers
v0000026413b10610_0 .net "clk", 0 0, v0000026413b26bb0_0;  alias, 1 drivers
v0000026413b10f70_0 .var "count", 4 0;
v0000026413b10070_0 .net "empty", 0 0, L_0000026413b29ef0;  alias, 1 drivers
v0000026413b10e30_0 .net "full", 0 0, L_0000026413b2b070;  alias, 1 drivers
v0000026413b113d0 .array "mem", 7 0, 7 0;
v0000026413b106b0_0 .net "rdata", 7 0, L_0000026413a63e50;  alias, 1 drivers
v0000026413b10b10_0 .net "re", 0 0, L_0000026413a63f30;  alias, 1 drivers
v0000026413b10cf0_0 .var "rptr", 3 0;
v0000026413b102f0_0 .net "rst_n", 0 0, v0000026413b27a10_0;  alias, 1 drivers
v0000026413b11470_0 .net "wdata", 7 0, v0000026413b13890_0;  alias, 1 drivers
v0000026413b0ff30_0 .net "we", 0 0, v0000026413b15050_0;  alias, 1 drivers
v0000026413b10570_0 .var "wptr", 3 0;
L_0000026413b289b0 .concat [ 5 27 0 0], v0000026413b10f70_0, L_0000026413b312f0;
L_0000026413b29ef0 .cmp/eq 32, L_0000026413b289b0, L_0000026413b31338;
L_0000026413b29bd0 .concat [ 5 27 0 0], v0000026413b10f70_0, L_0000026413b31380;
L_0000026413b2b070 .cmp/eq 32, L_0000026413b29bd0, L_0000026413b313c8;
L_0000026413b2a5d0 .array/port v0000026413b113d0, L_0000026413b28cd0;
L_0000026413b2a710 .part v0000026413b10cf0_0, 0, 3;
L_0000026413b28cd0 .concat [ 3 2 0 0], L_0000026413b2a710, L_0000026413b31410;
S_0000026413aa1de0 .scope module, "rx1" "fifo" 3 163, 6 3 0, S_0000026413a9f940;
 .timescale 0 0;
    .port_info 0 /INPUT 1 "clk";
    .port_info 1 /INPUT 1 "rst_n";
    .port_info 2 /INPUT 8 "wdata";
    .port_info 3 /INPUT 1 "we";
    .port_info 4 /OUTPUT 8 "rdata";
    .port_info 5 /INPUT 1 "re";
    .port_info 6 /OUTPUT 1 "empty";
    .port_info 7 /OUTPUT 1 "full";
P_0000026413a8b0d0 .param/l "DEPTH" 0 6 4, +C4<00000000000000000000000000001000>;
L_0000026413a21790 .functor BUFZ 8, L_0000026413b994c0, C4<00000000>, C4<00000000>, C4<00000000>;
v0000026413b11010_0 .net *"_ivl_0", 31 0, L_0000026413b9a1e0;  1 drivers
L_0000026413b31d58 .functor BUFT 1, C4<000000000000000000000000000>, C4<0>, C4<0>, C4<0>;
v0000026413b11150_0 .net *"_ivl_11", 26 0, L_0000026413b31d58;  1 drivers
L_0000026413b31da0 .functor BUFT 1, C4<00000000000000000000000000001000>, C4<0>, C4<0>, C4<0>;
v0000026413b111f0_0 .net/2u *"_ivl_12", 31 0, L_0000026413b31da0;  1 drivers
v0000026413b109d0_0 .net *"_ivl_16", 7 0, L_0000026413b994c0;  1 drivers
v0000026413b101b0_0 .net *"_ivl_19", 2 0, L_0000026413b9a280;  1 drivers
v0000026413b104d0_0 .net *"_ivl_20", 4 0, L_0000026413b9b0e0;  1 drivers
L_0000026413b31de8 .functor BUFT 1, C4<00>, C4<0>, C4<0>, C4<0>;
v0000026413b0fdf0_0 .net *"_ivl_23", 1 0, L_0000026413b31de8;  1 drivers
L_0000026413b31cc8 .functor BUFT 1, C4<000000000000000000000000000>, C4<0>, C4<0>, C4<0>;
v0000026413b0ffd0_0 .net *"_ivl_3", 26 0, L_0000026413b31cc8;  1 drivers
L_0000026413b31d10 .functor BUFT 1, C4<00000000000000000000000000000000>, C4<0>, C4<0>, C4<0>;
v0000026413b10750_0 .net/2u *"_ivl_4", 31 0, L_0000026413b31d10;  1 drivers
v0000026413b11290_0 .net *"_ivl_8", 31 0, L_0000026413b9b040;  1 drivers
v0000026413b107f0_0 .net "clk", 0 0, v0000026413b26bb0_0;  alias, 1 drivers
v0000026413b10250_0 .var "count", 4 0;
v0000026413b10930_0 .net "empty", 0 0, L_0000026413b9ab40;  alias, 1 drivers
v0000026413b10110_0 .net "full", 0 0, L_0000026413b9a8c0;  alias, 1 drivers
v0000026413b10bb0 .array "mem", 7 0, 7 0;
v0000026413b10390_0 .net "rdata", 7 0, L_0000026413a21790;  alias, 1 drivers
v0000026413b14a10_0 .net "re", 0 0, L_0000026413a213a0;  alias, 1 drivers
v0000026413b13d90_0 .var "rptr", 3 0;
v0000026413b15b90_0 .net "rst_n", 0 0, v0000026413b27a10_0;  alias, 1 drivers
v0000026413b136b0_0 .net "wdata", 7 0, v0000026413b164f0_0;  alias, 1 drivers
v0000026413b13930_0 .net "we", 0 0, v0000026413b15eb0_0;  alias, 1 drivers
v0000026413b14510_0 .var "wptr", 3 0;
L_0000026413b9a1e0 .concat [ 5 27 0 0], v0000026413b10250_0, L_0000026413b31cc8;
L_0000026413b9ab40 .cmp/eq 32, L_0000026413b9a1e0, L_0000026413b31d10;
L_0000026413b9b040 .concat [ 5 27 0 0], v0000026413b10250_0, L_0000026413b31d58;
L_0000026413b9a8c0 .cmp/eq 32, L_0000026413b9b040, L_0000026413b31da0;
L_0000026413b994c0 .array/port v0000026413b10bb0, L_0000026413b9b0e0;
L_0000026413b9a280 .part v0000026413b13d90_0, 0, 3;
L_0000026413b9b0e0 .concat [ 3 2 0 0], L_0000026413b9a280, L_0000026413b31de8;
S_0000026413b175c0 .scope module, "rx2" "fifo" 3 226, 6 3 0, S_0000026413a9f940;
 .timescale 0 0;
    .port_info 0 /INPUT 1 "clk";
    .port_info 1 /INPUT 1 "rst_n";
    .port_info 2 /INPUT 8 "wdata";
    .port_info 3 /INPUT 1 "we";
    .port_info 4 /OUTPUT 8 "rdata";
    .port_info 5 /INPUT 1 "re";
    .port_info 6 /OUTPUT 1 "empty";
    .port_info 7 /OUTPUT 1 "full";
P_0000026413a8b1d0 .param/l "DEPTH" 0 6 4, +C4<00000000000000000000000000001000>;
L_0000026413b9d760 .functor BUFZ 8, L_0000026413b9b220, C4<00000000>, C4<00000000>, C4<00000000>;
v0000026413b14010_0 .net *"_ivl_0", 31 0, L_0000026413b9a960;  1 drivers
L_0000026413b32730 .functor BUFT 1, C4<000000000000000000000000000>, C4<0>, C4<0>, C4<0>;
v0000026413b14ab0_0 .net *"_ivl_11", 26 0, L_0000026413b32730;  1 drivers
L_0000026413b32778 .functor BUFT 1, C4<00000000000000000000000000001000>, C4<0>, C4<0>, C4<0>;
v0000026413b15190_0 .net/2u *"_ivl_12", 31 0, L_0000026413b32778;  1 drivers
v0000026413b14c90_0 .net *"_ivl_16", 7 0, L_0000026413b9b220;  1 drivers
v0000026413b14d30_0 .net *"_ivl_19", 2 0, L_0000026413b999c0;  1 drivers
v0000026413b13610_0 .net *"_ivl_20", 4 0, L_0000026413b9b400;  1 drivers
L_0000026413b327c0 .functor BUFT 1, C4<00>, C4<0>, C4<0>, C4<0>;
v0000026413b14970_0 .net *"_ivl_23", 1 0, L_0000026413b327c0;  1 drivers
L_0000026413b326a0 .functor BUFT 1, C4<000000000000000000000000000>, C4<0>, C4<0>, C4<0>;
v0000026413b145b0_0 .net *"_ivl_3", 26 0, L_0000026413b326a0;  1 drivers
L_0000026413b326e8 .functor BUFT 1, C4<00000000000000000000000000000000>, C4<0>, C4<0>, C4<0>;
v0000026413b13c50_0 .net/2u *"_ivl_4", 31 0, L_0000026413b326e8;  1 drivers
v0000026413b13a70_0 .net *"_ivl_8", 31 0, L_0000026413b9aaa0;  1 drivers
v0000026413b15370_0 .net "clk", 0 0, v0000026413b26bb0_0;  alias, 1 drivers
v0000026413b15730_0 .var "count", 4 0;
v0000026413b13b10_0 .net "empty", 0 0, L_0000026413b9aa00;  alias, 1 drivers
v0000026413b14650_0 .net "full", 0 0, L_0000026413b9afa0;  alias, 1 drivers
v0000026413b150f0 .array "mem", 7 0, 7 0;
v0000026413b13f70_0 .net "rdata", 7 0, L_0000026413b9d760;  alias, 1 drivers
v0000026413b139d0_0 .net "re", 0 0, L_0000026413b9c3b0;  alias, 1 drivers
v0000026413b15230_0 .var "rptr", 3 0;
v0000026413b15a50_0 .net "rst_n", 0 0, v0000026413b27a10_0;  alias, 1 drivers
v0000026413b14b50_0 .net "wdata", 7 0, v0000026413b172b0_0;  alias, 1 drivers
v0000026413b13cf0_0 .net "we", 0 0, v0000026413b17350_0;  alias, 1 drivers
v0000026413b140b0_0 .var "wptr", 3 0;
L_0000026413b9a960 .concat [ 5 27 0 0], v0000026413b15730_0, L_0000026413b326a0;
L_0000026413b9aa00 .cmp/eq 32, L_0000026413b9a960, L_0000026413b326e8;
L_0000026413b9aaa0 .concat [ 5 27 0 0], v0000026413b15730_0, L_0000026413b32730;
L_0000026413b9afa0 .cmp/eq 32, L_0000026413b9aaa0, L_0000026413b32778;
L_0000026413b9b220 .array/port v0000026413b150f0, L_0000026413b9b400;
L_0000026413b999c0 .part v0000026413b15230_0, 0, 3;
L_0000026413b9b400 .concat [ 3 2 0 0], L_0000026413b999c0, L_0000026413b327c0;
S_0000026413b18290 .scope module, "rx3" "fifo" 3 279, 6 3 0, S_0000026413a9f940;
 .timescale 0 0;
    .port_info 0 /INPUT 1 "clk";
    .port_info 1 /INPUT 1 "rst_n";
    .port_info 2 /INPUT 8 "wdata";
    .port_info 3 /INPUT 1 "we";
    .port_info 4 /OUTPUT 8 "rdata";
    .port_info 5 /INPUT 1 "re";
    .port_info 6 /OUTPUT 1 "empty";
    .port_info 7 /OUTPUT 1 "full";
P_0000026413a8a990 .param/l "DEPTH" 0 6 4, +C4<00000000000000000000000000001000>;
L_0000026413b9d8b0 .functor BUFZ 8, L_0000026413b95280, C4<00000000>, C4<00000000>, C4<00000000>;
v0000026413b146f0_0 .net *"_ivl_0", 31 0, L_0000026413b967c0;  1 drivers
L_0000026413b33108 .functor BUFT 1, C4<000000000000000000000000000>, C4<0>, C4<0>, C4<0>;
v0000026413b15d70_0 .net *"_ivl_11", 26 0, L_0000026413b33108;  1 drivers
L_0000026413b33150 .functor BUFT 1, C4<00000000000000000000000000001000>, C4<0>, C4<0>, C4<0>;
v0000026413b14f10_0 .net/2u *"_ivl_12", 31 0, L_0000026413b33150;  1 drivers
v0000026413b143d0_0 .net *"_ivl_16", 7 0, L_0000026413b95280;  1 drivers
v0000026413b13bb0_0 .net *"_ivl_19", 2 0, L_0000026413b95dc0;  1 drivers
v0000026413b14470_0 .net *"_ivl_20", 4 0, L_0000026413b94100;  1 drivers
L_0000026413b33198 .functor BUFT 1, C4<00>, C4<0>, C4<0>, C4<0>;
v0000026413b15550_0 .net *"_ivl_23", 1 0, L_0000026413b33198;  1 drivers
L_0000026413b33078 .functor BUFT 1, C4<000000000000000000000000000>, C4<0>, C4<0>, C4<0>;
v0000026413b14790_0 .net *"_ivl_3", 26 0, L_0000026413b33078;  1 drivers
L_0000026413b330c0 .functor BUFT 1, C4<00000000000000000000000000000000>, C4<0>, C4<0>, C4<0>;
v0000026413b152d0_0 .net/2u *"_ivl_4", 31 0, L_0000026413b330c0;  1 drivers
v0000026413b15410_0 .net *"_ivl_8", 31 0, L_0000026413b95460;  1 drivers
v0000026413b154b0_0 .net "clk", 0 0, v0000026413b26bb0_0;  alias, 1 drivers
v0000026413b148d0_0 .var "count", 4 0;
v0000026413b13e30_0 .net "empty", 0 0, L_0000026413b95fa0;  alias, 1 drivers
v0000026413b137f0_0 .net "full", 0 0, L_0000026413b96040;  alias, 1 drivers
v0000026413b14830 .array "mem", 7 0, 7 0;
v0000026413b13ed0_0 .net "rdata", 7 0, L_0000026413b9d8b0;  alias, 1 drivers
v0000026413b15cd0_0 .net "re", 0 0, L_0000026413b9c810;  alias, 1 drivers
v0000026413b155f0_0 .var "rptr", 3 0;
v0000026413b14dd0_0 .net "rst_n", 0 0, v0000026413b27a10_0;  alias, 1 drivers
v0000026413b14bf0_0 .net "wdata", 7 0, v0000026413b16950_0;  alias, 1 drivers
v0000026413b14e70_0 .net "we", 0 0, v0000026413b16b30_0;  alias, 1 drivers
v0000026413b159b0_0 .var "wptr", 3 0;
L_0000026413b967c0 .concat [ 5 27 0 0], v0000026413b148d0_0, L_0000026413b33078;
L_0000026413b95fa0 .cmp/eq 32, L_0000026413b967c0, L_0000026413b330c0;
L_0000026413b95460 .concat [ 5 27 0 0], v0000026413b148d0_0, L_0000026413b33108;
L_0000026413b96040 .cmp/eq 32, L_0000026413b95460, L_0000026413b33150;
L_0000026413b95280 .array/port v0000026413b14830, L_0000026413b94100;
L_0000026413b95dc0 .part v0000026413b155f0_0, 0, 3;
L_0000026413b94100 .concat [ 3 2 0 0], L_0000026413b95dc0, L_0000026413b33198;
S_0000026413b18420 .scope module, "spi_inst" "spi_slave" 3 42, 7 3 0, S_0000026413a9f940;
 .timescale 0 0;
    .port_info 0 /INPUT 1 "clk";
    .port_info 1 /INPUT 1 "rst_n";
    .port_info 2 /INPUT 1 "spi_cs";
    .port_info 3 /INPUT 1 "spi_sclk";
    .port_info 4 /INPUT 1 "spi_mosi";
    .port_info 5 /OUTPUT 1 "spi_miso";
    .port_info 6 /OUTPUT 7 "cpu0_ram_addr";
    .port_info 7 /OUTPUT 4 "cpu0_ram_wdata";
    .port_info 8 /OUTPUT 1 "cpu0_ram_we";
    .port_info 9 /OUTPUT 8 "cpu0_rx_fifo_wdata";
    .port_info 10 /OUTPUT 1 "cpu0_rx_fifo_we";
    .port_info 11 /INPUT 8 "cpu0_tx_fifo_rdata";
    .port_info 12 /OUTPUT 1 "cpu0_tx_fifo_re";
    .port_info 13 /INPUT 1 "cpu0_tx_fifo_empty";
    .port_info 14 /OUTPUT 1 "cpu0_run";
    .port_info 15 /OUTPUT 7 "cpu1_ram_addr";
    .port_info 16 /OUTPUT 4 "cpu1_ram_wdata";
    .port_info 17 /OUTPUT 1 "cpu1_ram_we";
    .port_info 18 /OUTPUT 8 "cpu1_rx_fifo_wdata";
    .port_info 19 /OUTPUT 1 "cpu1_rx_fifo_we";
    .port_info 20 /INPUT 8 "cpu1_tx_fifo_rdata";
    .port_info 21 /OUTPUT 1 "cpu1_tx_fifo_re";
    .port_info 22 /INPUT 1 "cpu1_tx_fifo_empty";
    .port_info 23 /OUTPUT 1 "cpu1_run";
    .port_info 24 /OUTPUT 7 "cpu2_ram_addr";
    .port_info 25 /OUTPUT 4 "cpu2_ram_wdata";
    .port_info 26 /OUTPUT 1 "cpu2_ram_we";
    .port_info 27 /OUTPUT 8 "cpu2_rx_fifo_wdata";
    .port_info 28 /OUTPUT 1 "cpu2_rx_fifo_we";
    .port_info 29 /INPUT 8 "cpu2_tx_fifo_rdata";
    .port_info 30 /OUTPUT 1 "cpu2_tx_fifo_re";
    .port_info 31 /INPUT 1 "cpu2_tx_fifo_empty";
    .port_info 32 /OUTPUT 1 "cpu2_run";
    .port_info 33 /OUTPUT 7 "cpu3_ram_addr";
    .port_info 34 /OUTPUT 4 "cpu3_ram_wdata";
    .port_info 35 /OUTPUT 1 "cpu3_ram_we";
    .port_info 36 /OUTPUT 8 "cpu3_rx_fifo_wdata";
    .port_info 37 /OUTPUT 1 "cpu3_rx_fifo_we";
    .port_info 38 /INPUT 8 "cpu3_tx_fifo_rdata";
    .port_info 39 /OUTPUT 1 "cpu3_tx_fifo_re";
    .port_info 40 /INPUT 1 "cpu3_tx_fifo_empty";
    .port_info 41 /OUTPUT 1 "cpu3_run";
L_0000026413a63c20 .functor AND 1, v0000026413b16450_0, L_0000026413b28c30, C4<1>, C4<1>;
L_0000026413a62e90 .functor AND 1, L_0000026413b2a530, v0000026413b166d0_0, C4<1>, C4<1>;
v0000026413b15af0_0 .net *"_ivl_1", 0 0, L_0000026413b28c30;  1 drivers
v0000026413b14150_0 .net *"_ivl_5", 0 0, L_0000026413b2a530;  1 drivers
v0000026413b141f0_0 .var "bit_cnt", 2 0;
v0000026413b14fb0_0 .net "clk", 0 0, v0000026413b26bb0_0;  alias, 1 drivers
v0000026413b15690_0 .var "cmd_byte", 7 0;
v0000026413b14290_0 .var "cpu0_ram_addr", 6 0;
v0000026413b157d0_0 .var "cpu0_ram_wdata", 3 0;
v0000026413b14330_0 .var "cpu0_ram_we", 0 0;
v0000026413b15870_0 .var "cpu0_run", 0 0;
v0000026413b13890_0 .var "cpu0_rx_fifo_wdata", 7 0;
v0000026413b15050_0 .var "cpu0_rx_fifo_we", 0 0;
v0000026413b15910_0 .net "cpu0_tx_fifo_empty", 0 0, L_0000026413b2a170;  alias, 1 drivers
v0000026413b15c30_0 .net "cpu0_tx_fifo_rdata", 7 0, L_0000026413a64080;  alias, 1 drivers
v0000026413b13750_0 .var "cpu0_tx_fifo_re", 0 0;
v0000026413b16d10_0 .var "cpu1_ram_addr", 6 0;
v0000026413b17030_0 .var "cpu1_ram_wdata", 3 0;
v0000026413b16ef0_0 .var "cpu1_ram_we", 0 0;
v0000026413b16a90_0 .var "cpu1_run", 0 0;
v0000026413b164f0_0 .var "cpu1_rx_fifo_wdata", 7 0;
v0000026413b15eb0_0 .var "cpu1_rx_fifo_we", 0 0;
v0000026413b17210_0 .net "cpu1_tx_fifo_empty", 0 0, L_0000026413b99740;  alias, 1 drivers
v0000026413b16f90_0 .net "cpu1_tx_fifo_rdata", 7 0, L_0000026413a20d10;  alias, 1 drivers
v0000026413b16810_0 .var "cpu1_tx_fifo_re", 0 0;
v0000026413b16590_0 .var "cpu2_ram_addr", 6 0;
v0000026413b15f50_0 .var "cpu2_ram_wdata", 3 0;
v0000026413b169f0_0 .var "cpu2_ram_we", 0 0;
v0000026413b168b0_0 .var "cpu2_run", 0 0;
v0000026413b172b0_0 .var "cpu2_rx_fifo_wdata", 7 0;
v0000026413b17350_0 .var "cpu2_rx_fifo_we", 0 0;
v0000026413b173f0_0 .net "cpu2_tx_fifo_empty", 0 0, L_0000026413b9a140;  alias, 1 drivers
v0000026413b16db0_0 .net "cpu2_tx_fifo_rdata", 7 0, L_0000026413b9d610;  alias, 1 drivers
v0000026413b16bd0_0 .var "cpu2_tx_fifo_re", 0 0;
v0000026413b170d0_0 .var "cpu3_ram_addr", 6 0;
v0000026413b17490_0 .var "cpu3_ram_wdata", 3 0;
v0000026413b15e10_0 .var "cpu3_ram_we", 0 0;
v0000026413b17170_0 .var "cpu3_run", 0 0;
v0000026413b16950_0 .var "cpu3_rx_fifo_wdata", 7 0;
v0000026413b16b30_0 .var "cpu3_rx_fifo_we", 0 0;
v0000026413b16270_0 .net "cpu3_tx_fifo_empty", 0 0, L_0000026413b94920;  alias, 1 drivers
v0000026413b15ff0_0 .net "cpu3_tx_fifo_rdata", 7 0, L_0000026413b9cab0;  alias, 1 drivers
v0000026413b16090_0 .var "cpu3_tx_fifo_re", 0 0;
v0000026413b16130_0 .var "is_cmd_phase", 0 0;
v0000026413b16e50_0 .var "out_shift_reg", 7 0;
v0000026413b161d0_0 .net "rst_n", 0 0, v0000026413b27a10_0;  alias, 1 drivers
v0000026413b16310_0 .net "sclk_fall", 0 0, L_0000026413a62e90;  1 drivers
v0000026413b163b0_0 .net "sclk_rise", 0 0, L_0000026413a63c20;  1 drivers
v0000026413b16450_0 .var "sclk_sync1", 0 0;
v0000026413b166d0_0 .var "sclk_sync2", 0 0;
v0000026413b16630_0 .var "shift_reg", 7 0;
v0000026413b16770_0 .net "spi_cs", 0 0, L_0000026413b291d0;  alias, 1 drivers
v0000026413b16c70_0 .var "spi_miso", 0 0;
v0000026413b1ab40_0 .net "spi_mosi", 0 0, L_0000026413b2a990;  alias, 1 drivers
v0000026413b19a60_0 .net "spi_sclk", 0 0, L_0000026413b2a3f0;  alias, 1 drivers
E_0000026413a8ad50 .event posedge, v0000026413a4f570_0;
L_0000026413b28c30 .reduce/nor v0000026413b166d0_0;
L_0000026413b2a530 .reduce/nor v0000026413b16450_0;
S_0000026413b17930 .scope module, "tmr0" "timer" 3 115, 8 3 0, S_0000026413a9f940;
 .timescale 0 0;
    .port_info 0 /INPUT 1 "clk";
    .port_info 1 /INPUT 1 "rst_n";
    .port_info 2 /INPUT 8 "wdata";
    .port_info 3 /INPUT 1 "we_l";
    .port_info 4 /INPUT 1 "we_h";
    .port_info 5 /OUTPUT 8 "rdata_l";
    .port_info 6 /OUTPUT 1 "is_zero";
v0000026413b191a0_0 .net *"_ivl_2", 31 0, L_0000026413b2ac10;  1 drivers
L_0000026413b31698 .functor BUFT 1, C4<0000000000000000>, C4<0>, C4<0>, C4<0>;
v0000026413b19ec0_0 .net *"_ivl_5", 15 0, L_0000026413b31698;  1 drivers
L_0000026413b316e0 .functor BUFT 1, C4<00000000000000000000000000000000>, C4<0>, C4<0>, C4<0>;
v0000026413b1adc0_0 .net/2u *"_ivl_6", 31 0, L_0000026413b316e0;  1 drivers
v0000026413b1a320_0 .net "clk", 0 0, v0000026413b26bb0_0;  alias, 1 drivers
v0000026413b1a280_0 .var "count", 15 0;
v0000026413b1a0a0_0 .net "is_zero", 0 0, L_0000026413b28eb0;  alias, 1 drivers
v0000026413b1b2c0_0 .net "rdata_l", 7 0, L_0000026413b2aad0;  alias, 1 drivers
v0000026413b1a460_0 .net "rst_n", 0 0, v0000026413b27a10_0;  alias, 1 drivers
v0000026413b1a8c0_0 .var "running", 0 0;
v0000026413b1a5a0_0 .net "wdata", 7 0, v0000026413a3dfe0_0;  alias, 1 drivers
v0000026413b1a820_0 .net "we_h", 0 0, L_0000026413a62800;  alias, 1 drivers
v0000026413b1b360_0 .net "we_l", 0 0, L_0000026413a63210;  alias, 1 drivers
L_0000026413b2aad0 .part v0000026413b1a280_0, 0, 8;
L_0000026413b2ac10 .concat [ 16 16 0 0], v0000026413b1a280_0, L_0000026413b31698;
L_0000026413b28eb0 .cmp/eq 32, L_0000026413b2ac10, L_0000026413b316e0;
S_0000026413b17de0 .scope module, "tmr1" "timer" 3 178, 8 3 0, S_0000026413a9f940;
 .timescale 0 0;
    .port_info 0 /INPUT 1 "clk";
    .port_info 1 /INPUT 1 "rst_n";
    .port_info 2 /INPUT 8 "wdata";
    .port_info 3 /INPUT 1 "we_l";
    .port_info 4 /INPUT 1 "we_h";
    .port_info 5 /OUTPUT 8 "rdata_l";
    .port_info 6 /OUTPUT 1 "is_zero";
v0000026413b1aaa0_0 .net *"_ivl_2", 31 0, L_0000026413b99880;  1 drivers
L_0000026413b32070 .functor BUFT 1, C4<0000000000000000>, C4<0>, C4<0>, C4<0>;
v0000026413b19ce0_0 .net *"_ivl_5", 15 0, L_0000026413b32070;  1 drivers
L_0000026413b320b8 .functor BUFT 1, C4<00000000000000000000000000000000>, C4<0>, C4<0>, C4<0>;
v0000026413b1b400_0 .net/2u *"_ivl_6", 31 0, L_0000026413b320b8;  1 drivers
v0000026413b1b4a0_0 .net "clk", 0 0, v0000026413b26bb0_0;  alias, 1 drivers
v0000026413b196a0_0 .var "count", 15 0;
v0000026413b18f20_0 .net "is_zero", 0 0, L_0000026413b9ac80;  alias, 1 drivers
v0000026413b1a780_0 .net "rdata_l", 7 0, L_0000026413b9b720;  alias, 1 drivers
v0000026413b1a640_0 .net "rst_n", 0 0, v0000026413b27a10_0;  alias, 1 drivers
v0000026413b19d80_0 .var "running", 0 0;
v0000026413b1abe0_0 .net "wdata", 7 0, v0000026413b01990_0;  alias, 1 drivers
v0000026413b19920_0 .net "we_h", 0 0, L_00000264139d14c0;  alias, 1 drivers
v0000026413b1ac80_0 .net "we_l", 0 0, L_00000264139d1b50;  alias, 1 drivers
L_0000026413b9b720 .part v0000026413b196a0_0, 0, 8;
L_0000026413b99880 .concat [ 16 16 0 0], v0000026413b196a0_0, L_0000026413b32070;
L_0000026413b9ac80 .cmp/eq 32, L_0000026413b99880, L_0000026413b320b8;
S_0000026413b17ac0 .scope module, "tmr2" "timer" 3 237, 8 3 0, S_0000026413a9f940;
 .timescale 0 0;
    .port_info 0 /INPUT 1 "clk";
    .port_info 1 /INPUT 1 "rst_n";
    .port_info 2 /INPUT 8 "wdata";
    .port_info 3 /INPUT 1 "we_l";
    .port_info 4 /INPUT 1 "we_h";
    .port_info 5 /OUTPUT 8 "rdata_l";
    .port_info 6 /OUTPUT 1 "is_zero";
v0000026413b18e80_0 .net *"_ivl_2", 31 0, L_0000026413b9bb80;  1 drivers
L_0000026413b32a48 .functor BUFT 1, C4<0000000000000000>, C4<0>, C4<0>, C4<0>;
v0000026413b1a000_0 .net *"_ivl_5", 15 0, L_0000026413b32a48;  1 drivers
L_0000026413b32a90 .functor BUFT 1, C4<00000000000000000000000000000000>, C4<0>, C4<0>, C4<0>;
v0000026413b1ad20_0 .net/2u *"_ivl_6", 31 0, L_0000026413b32a90;  1 drivers
v0000026413b19f60_0 .net "clk", 0 0, v0000026413b26bb0_0;  alias, 1 drivers
v0000026413b19880_0 .var "count", 15 0;
v0000026413b1afa0_0 .net "is_zero", 0 0, L_0000026413b9bc20;  alias, 1 drivers
v0000026413b1b040_0 .net "rdata_l", 7 0, L_0000026413b9ba40;  alias, 1 drivers
v0000026413b199c0_0 .net "rst_n", 0 0, v0000026413b27a10_0;  alias, 1 drivers
v0000026413b19e20_0 .var "running", 0 0;
v0000026413b19560_0 .net "wdata", 7 0, v0000026413b04b90_0;  alias, 1 drivers
v0000026413b18fc0_0 .net "we_h", 0 0, L_0000026413b9c6c0;  alias, 1 drivers
v0000026413b1b540_0 .net "we_l", 0 0, L_0000026413b9c650;  alias, 1 drivers
L_0000026413b9ba40 .part v0000026413b19880_0, 0, 8;
L_0000026413b9bb80 .concat [ 16 16 0 0], v0000026413b19880_0, L_0000026413b32a48;
L_0000026413b9bc20 .cmp/eq 32, L_0000026413b9bb80, L_0000026413b32a90;
S_0000026413b17c50 .scope module, "tmr3" "timer" 3 290, 8 3 0, S_0000026413a9f940;
 .timescale 0 0;
    .port_info 0 /INPUT 1 "clk";
    .port_info 1 /INPUT 1 "rst_n";
    .port_info 2 /INPUT 8 "wdata";
    .port_info 3 /INPUT 1 "we_l";
    .port_info 4 /INPUT 1 "we_h";
    .port_info 5 /OUTPUT 8 "rdata_l";
    .port_info 6 /OUTPUT 1 "is_zero";
v0000026413b19100_0 .net *"_ivl_2", 31 0, L_0000026413b960e0;  1 drivers
L_0000026413b33420 .functor BUFT 1, C4<0000000000000000>, C4<0>, C4<0>, C4<0>;
v0000026413b18de0_0 .net *"_ivl_5", 15 0, L_0000026413b33420;  1 drivers
L_0000026413b33468 .functor BUFT 1, C4<00000000000000000000000000000000>, C4<0>, C4<0>, C4<0>;
v0000026413b19240_0 .net/2u *"_ivl_6", 31 0, L_0000026413b33468;  1 drivers
v0000026413b1a140_0 .net "clk", 0 0, v0000026413b26bb0_0;  alias, 1 drivers
v0000026413b194c0_0 .var "count", 15 0;
v0000026413b1ae60_0 .net "is_zero", 0 0, L_0000026413b96180;  alias, 1 drivers
v0000026413b1af00_0 .net "rdata_l", 7 0, L_0000026413b94240;  alias, 1 drivers
v0000026413b1b0e0_0 .net "rst_n", 0 0, v0000026413b27a10_0;  alias, 1 drivers
v0000026413b1a1e0_0 .var "running", 0 0;
v0000026413b19600_0 .net "wdata", 7 0, v0000026413b0e950_0;  alias, 1 drivers
v0000026413b197e0_0 .net "we_h", 0 0, L_0000026413b9c8f0;  alias, 1 drivers
v0000026413b19060_0 .net "we_l", 0 0, L_0000026413b9dae0;  alias, 1 drivers
L_0000026413b94240 .part v0000026413b194c0_0, 0, 8;
L_0000026413b960e0 .concat [ 16 16 0 0], v0000026413b194c0_0, L_0000026413b33420;
L_0000026413b96180 .cmp/eq 32, L_0000026413b960e0, L_0000026413b33468;
S_0000026413b17f70 .scope module, "tx0" "fifo" 3 109, 6 3 0, S_0000026413a9f940;
 .timescale 0 0;
    .port_info 0 /INPUT 1 "clk";
    .port_info 1 /INPUT 1 "rst_n";
    .port_info 2 /INPUT 8 "wdata";
    .port_info 3 /INPUT 1 "we";
    .port_info 4 /OUTPUT 8 "rdata";
    .port_info 5 /INPUT 1 "re";
    .port_info 6 /OUTPUT 1 "empty";
    .port_info 7 /OUTPUT 1 "full";
P_0000026413a8a950 .param/l "DEPTH" 0 6 4, +C4<00000000000000000000000000001000>;
L_0000026413a64080 .functor BUFZ 8, L_0000026413b29450, C4<00000000>, C4<00000000>, C4<00000000>;
v0000026413b1a960_0 .net *"_ivl_0", 31 0, L_0000026413b28d70;  1 drivers
L_0000026413b31530 .functor BUFT 1, C4<000000000000000000000000000>, C4<0>, C4<0>, C4<0>;
v0000026413b1a3c0_0 .net *"_ivl_11", 26 0, L_0000026413b31530;  1 drivers
L_0000026413b31578 .functor BUFT 1, C4<00000000000000000000000000001000>, C4<0>, C4<0>, C4<0>;
v0000026413b1b180_0 .net/2u *"_ivl_12", 31 0, L_0000026413b31578;  1 drivers
v0000026413b1a500_0 .net *"_ivl_16", 7 0, L_0000026413b29450;  1 drivers
v0000026413b19740_0 .net *"_ivl_19", 2 0, L_0000026413b2a670;  1 drivers
v0000026413b1aa00_0 .net *"_ivl_20", 4 0, L_0000026413b2adf0;  1 drivers
L_0000026413b315c0 .functor BUFT 1, C4<00>, C4<0>, C4<0>, C4<0>;
v0000026413b1a6e0_0 .net *"_ivl_23", 1 0, L_0000026413b315c0;  1 drivers
L_0000026413b314a0 .functor BUFT 1, C4<000000000000000000000000000>, C4<0>, C4<0>, C4<0>;
v0000026413b1b220_0 .net *"_ivl_3", 26 0, L_0000026413b314a0;  1 drivers
L_0000026413b314e8 .functor BUFT 1, C4<00000000000000000000000000000000>, C4<0>, C4<0>, C4<0>;
v0000026413b192e0_0 .net/2u *"_ivl_4", 31 0, L_0000026413b314e8;  1 drivers
v0000026413b19380_0 .net *"_ivl_8", 31 0, L_0000026413b2ab70;  1 drivers
v0000026413b19420_0 .net "clk", 0 0, v0000026413b26bb0_0;  alias, 1 drivers
v0000026413b19b00_0 .var "count", 4 0;
v0000026413b19ba0_0 .net "empty", 0 0, L_0000026413b2a170;  alias, 1 drivers
v0000026413b19c40_0 .net "full", 0 0, L_0000026413b29770;  alias, 1 drivers
v0000026413b1c760 .array "mem", 7 0, 7 0;
v0000026413b1b5e0_0 .net "rdata", 7 0, L_0000026413a64080;  alias, 1 drivers
v0000026413b1cc60_0 .net "re", 0 0, v0000026413b13750_0;  alias, 1 drivers
v0000026413b1c260_0 .var "rptr", 3 0;
v0000026413b1ba40_0 .net "rst_n", 0 0, v0000026413b27a10_0;  alias, 1 drivers
v0000026413b1c3a0_0 .net "wdata", 7 0, v0000026413a3dfe0_0;  alias, 1 drivers
v0000026413b1bcc0_0 .net "we", 0 0, L_0000026413a64010;  alias, 1 drivers
v0000026413b1c1c0_0 .var "wptr", 3 0;
L_0000026413b28d70 .concat [ 5 27 0 0], v0000026413b19b00_0, L_0000026413b314a0;
L_0000026413b2a170 .cmp/eq 32, L_0000026413b28d70, L_0000026413b314e8;
L_0000026413b2ab70 .concat [ 5 27 0 0], v0000026413b19b00_0, L_0000026413b31530;
L_0000026413b29770 .cmp/eq 32, L_0000026413b2ab70, L_0000026413b31578;
L_0000026413b29450 .array/port v0000026413b1c760, L_0000026413b2adf0;
L_0000026413b2a670 .part v0000026413b1c260_0, 0, 3;
L_0000026413b2adf0 .concat [ 3 2 0 0], L_0000026413b2a670, L_0000026413b315c0;
S_0000026413b185b0 .scope module, "tx1" "fifo" 3 168, 6 3 0, S_0000026413a9f940;
 .timescale 0 0;
    .port_info 0 /INPUT 1 "clk";
    .port_info 1 /INPUT 1 "rst_n";
    .port_info 2 /INPUT 8 "wdata";
    .port_info 3 /INPUT 1 "we";
    .port_info 4 /OUTPUT 8 "rdata";
    .port_info 5 /INPUT 1 "re";
    .port_info 6 /OUTPUT 1 "empty";
    .port_info 7 /OUTPUT 1 "full";
P_0000026413a8a6d0 .param/l "DEPTH" 0 6 4, +C4<00000000000000000000000000001000>;
L_0000026413a20d10 .functor BUFZ 8, L_0000026413b99e20, C4<00000000>, C4<00000000>, C4<00000000>;
v0000026413b1c800_0 .net *"_ivl_0", 31 0, L_0000026413b9a460;  1 drivers
L_0000026413b31f08 .functor BUFT 1, C4<000000000000000000000000000>, C4<0>, C4<0>, C4<0>;
v0000026413b1bb80_0 .net *"_ivl_11", 26 0, L_0000026413b31f08;  1 drivers
L_0000026413b31f50 .functor BUFT 1, C4<00000000000000000000000000001000>, C4<0>, C4<0>, C4<0>;
v0000026413b1c300_0 .net/2u *"_ivl_12", 31 0, L_0000026413b31f50;  1 drivers
v0000026413b1b9a0_0 .net *"_ivl_16", 7 0, L_0000026413b99e20;  1 drivers
v0000026413b1b720_0 .net *"_ivl_19", 2 0, L_0000026413b997e0;  1 drivers
v0000026413b1c8a0_0 .net *"_ivl_20", 4 0, L_0000026413b99560;  1 drivers
L_0000026413b31f98 .functor BUFT 1, C4<00>, C4<0>, C4<0>, C4<0>;
v0000026413b1bfe0_0 .net *"_ivl_23", 1 0, L_0000026413b31f98;  1 drivers
L_0000026413b31e78 .functor BUFT 1, C4<000000000000000000000000000>, C4<0>, C4<0>, C4<0>;
v0000026413b1c620_0 .net *"_ivl_3", 26 0, L_0000026413b31e78;  1 drivers
L_0000026413b31ec0 .functor BUFT 1, C4<00000000000000000000000000000000>, C4<0>, C4<0>, C4<0>;
v0000026413b1c6c0_0 .net/2u *"_ivl_4", 31 0, L_0000026413b31ec0;  1 drivers
v0000026413b1c940_0 .net *"_ivl_8", 31 0, L_0000026413b9b680;  1 drivers
v0000026413b1bae0_0 .net "clk", 0 0, v0000026413b26bb0_0;  alias, 1 drivers
v0000026413b1bc20_0 .var "count", 4 0;
v0000026413b1bd60_0 .net "empty", 0 0, L_0000026413b99740;  alias, 1 drivers
v0000026413b1b7c0_0 .net "full", 0 0, L_0000026413b9abe0;  alias, 1 drivers
v0000026413b1c440 .array "mem", 7 0, 7 0;
v0000026413b1b680_0 .net "rdata", 7 0, L_0000026413a20d10;  alias, 1 drivers
v0000026413b1c9e0_0 .net "re", 0 0, v0000026413b16810_0;  alias, 1 drivers
v0000026413b1c4e0_0 .var "rptr", 3 0;
v0000026413b1c580_0 .net "rst_n", 0 0, v0000026413b27a10_0;  alias, 1 drivers
v0000026413b1ca80_0 .net "wdata", 7 0, v0000026413b01990_0;  alias, 1 drivers
v0000026413b1b860_0 .net "we", 0 0, L_0000026413a20ae0;  alias, 1 drivers
v0000026413b1cb20_0 .var "wptr", 3 0;
L_0000026413b9a460 .concat [ 5 27 0 0], v0000026413b1bc20_0, L_0000026413b31e78;
L_0000026413b99740 .cmp/eq 32, L_0000026413b9a460, L_0000026413b31ec0;
L_0000026413b9b680 .concat [ 5 27 0 0], v0000026413b1bc20_0, L_0000026413b31f08;
L_0000026413b9abe0 .cmp/eq 32, L_0000026413b9b680, L_0000026413b31f50;
L_0000026413b99e20 .array/port v0000026413b1c440, L_0000026413b99560;
L_0000026413b997e0 .part v0000026413b1c4e0_0, 0, 3;
L_0000026413b99560 .concat [ 3 2 0 0], L_0000026413b997e0, L_0000026413b31f98;
S_0000026413b18100 .scope module, "tx2" "fifo" 3 231, 6 3 0, S_0000026413a9f940;
 .timescale 0 0;
    .port_info 0 /INPUT 1 "clk";
    .port_info 1 /INPUT 1 "rst_n";
    .port_info 2 /INPUT 8 "wdata";
    .port_info 3 /INPUT 1 "we";
    .port_info 4 /OUTPUT 8 "rdata";
    .port_info 5 /INPUT 1 "re";
    .port_info 6 /OUTPUT 1 "empty";
    .port_info 7 /OUTPUT 1 "full";
P_0000026413a8aa50 .param/l "DEPTH" 0 6 4, +C4<00000000000000000000000000001000>;
L_0000026413b9d610 .functor BUFZ 8, L_0000026413b9b9a0, C4<00000000>, C4<00000000>, C4<00000000>;
v0000026413b1cbc0_0 .net *"_ivl_0", 31 0, L_0000026413b9a000;  1 drivers
L_0000026413b328e0 .functor BUFT 1, C4<000000000000000000000000000>, C4<0>, C4<0>, C4<0>;
v0000026413b1be00_0 .net *"_ivl_11", 26 0, L_0000026413b328e0;  1 drivers
L_0000026413b32928 .functor BUFT 1, C4<00000000000000000000000000001000>, C4<0>, C4<0>, C4<0>;
v0000026413b1b900_0 .net/2u *"_ivl_12", 31 0, L_0000026413b32928;  1 drivers
v0000026413b1bea0_0 .net *"_ivl_16", 7 0, L_0000026413b9b9a0;  1 drivers
v0000026413b1bf40_0 .net *"_ivl_19", 2 0, L_0000026413b9be00;  1 drivers
v0000026413b1c080_0 .net *"_ivl_20", 4 0, L_0000026413b9bae0;  1 drivers
L_0000026413b32970 .functor BUFT 1, C4<00>, C4<0>, C4<0>, C4<0>;
v0000026413b1c120_0 .net *"_ivl_23", 1 0, L_0000026413b32970;  1 drivers
L_0000026413b32850 .functor BUFT 1, C4<000000000000000000000000000>, C4<0>, C4<0>, C4<0>;
v0000026413b1e030_0 .net *"_ivl_3", 26 0, L_0000026413b32850;  1 drivers
L_0000026413b32898 .functor BUFT 1, C4<00000000000000000000000000000000>, C4<0>, C4<0>, C4<0>;
v0000026413b1d270_0 .net/2u *"_ivl_4", 31 0, L_0000026413b32898;  1 drivers
v0000026413b1ec10_0 .net *"_ivl_8", 31 0, L_0000026413b9bea0;  1 drivers
v0000026413b1cff0_0 .net "clk", 0 0, v0000026413b26bb0_0;  alias, 1 drivers
v0000026413b1ef30_0 .var "count", 4 0;
v0000026413b1ed50_0 .net "empty", 0 0, L_0000026413b9a140;  alias, 1 drivers
v0000026413b1e8f0_0 .net "full", 0 0, L_0000026413b9bcc0;  alias, 1 drivers
v0000026413b1dc70 .array "mem", 7 0, 7 0;
v0000026413b1e710_0 .net "rdata", 7 0, L_0000026413b9d610;  alias, 1 drivers
v0000026413b1e170_0 .net "re", 0 0, v0000026413b16bd0_0;  alias, 1 drivers
v0000026413b1edf0_0 .var "rptr", 3 0;
v0000026413b1e0d0_0 .net "rst_n", 0 0, v0000026413b27a10_0;  alias, 1 drivers
v0000026413b1e210_0 .net "wdata", 7 0, v0000026413b04b90_0;  alias, 1 drivers
v0000026413b1efd0_0 .net "we", 0 0, L_0000026413b9ce30;  alias, 1 drivers
v0000026413b1dbd0_0 .var "wptr", 3 0;
L_0000026413b9a000 .concat [ 5 27 0 0], v0000026413b1ef30_0, L_0000026413b32850;
L_0000026413b9a140 .cmp/eq 32, L_0000026413b9a000, L_0000026413b32898;
L_0000026413b9bea0 .concat [ 5 27 0 0], v0000026413b1ef30_0, L_0000026413b328e0;
L_0000026413b9bcc0 .cmp/eq 32, L_0000026413b9bea0, L_0000026413b32928;
L_0000026413b9b9a0 .array/port v0000026413b1dc70, L_0000026413b9bae0;
L_0000026413b9be00 .part v0000026413b1edf0_0, 0, 3;
L_0000026413b9bae0 .concat [ 3 2 0 0], L_0000026413b9be00, L_0000026413b32970;
S_0000026413b177a0 .scope module, "tx3" "fifo" 3 284, 6 3 0, S_0000026413a9f940;
 .timescale 0 0;
    .port_info 0 /INPUT 1 "clk";
    .port_info 1 /INPUT 1 "rst_n";
    .port_info 2 /INPUT 8 "wdata";
    .port_info 3 /INPUT 1 "we";
    .port_info 4 /OUTPUT 8 "rdata";
    .port_info 5 /INPUT 1 "re";
    .port_info 6 /OUTPUT 1 "empty";
    .port_info 7 /OUTPUT 1 "full";
P_0000026413a8b250 .param/l "DEPTH" 0 6 4, +C4<00000000000000000000000000001000>;
L_0000026413b9cab0 .functor BUFZ 8, L_0000026413b95960, C4<00000000>, C4<00000000>, C4<00000000>;
v0000026413b1f430_0 .net *"_ivl_0", 31 0, L_0000026413b96860;  1 drivers
L_0000026413b332b8 .functor BUFT 1, C4<000000000000000000000000000>, C4<0>, C4<0>, C4<0>;
v0000026413b1ee90_0 .net *"_ivl_11", 26 0, L_0000026413b332b8;  1 drivers
L_0000026413b33300 .functor BUFT 1, C4<00000000000000000000000000001000>, C4<0>, C4<0>, C4<0>;
v0000026413b1ecb0_0 .net/2u *"_ivl_12", 31 0, L_0000026413b33300;  1 drivers
v0000026413b1d3b0_0 .net *"_ivl_16", 7 0, L_0000026413b95960;  1 drivers
v0000026413b1d810_0 .net *"_ivl_19", 2 0, L_0000026413b941a0;  1 drivers
v0000026413b1f390_0 .net *"_ivl_20", 4 0, L_0000026413b955a0;  1 drivers
L_0000026413b33348 .functor BUFT 1, C4<00>, C4<0>, C4<0>, C4<0>;
v0000026413b1f4d0_0 .net *"_ivl_23", 1 0, L_0000026413b33348;  1 drivers
L_0000026413b33228 .functor BUFT 1, C4<000000000000000000000000000>, C4<0>, C4<0>, C4<0>;
v0000026413b1cf50_0 .net *"_ivl_3", 26 0, L_0000026413b33228;  1 drivers
L_0000026413b33270 .functor BUFT 1, C4<00000000000000000000000000000000>, C4<0>, C4<0>, C4<0>;
v0000026413b1f570_0 .net/2u *"_ivl_4", 31 0, L_0000026413b33270;  1 drivers
v0000026413b1e530_0 .net *"_ivl_8", 31 0, L_0000026413b95be0;  1 drivers
v0000026413b1e670_0 .net "clk", 0 0, v0000026413b26bb0_0;  alias, 1 drivers
v0000026413b1e5d0_0 .var "count", 4 0;
v0000026413b1d4f0_0 .net "empty", 0 0, L_0000026413b94920;  alias, 1 drivers
v0000026413b1ead0_0 .net "full", 0 0, L_0000026413b95aa0;  alias, 1 drivers
v0000026413b1def0 .array "mem", 7 0, 7 0;
v0000026413b1f1b0_0 .net "rdata", 7 0, L_0000026413b9cab0;  alias, 1 drivers
v0000026413b1da90_0 .net "re", 0 0, v0000026413b16090_0;  alias, 1 drivers
v0000026413b1f610_0 .var "rptr", 3 0;
v0000026413b1e7b0_0 .net "rst_n", 0 0, v0000026413b27a10_0;  alias, 1 drivers
v0000026413b1d450_0 .net "wdata", 7 0, v0000026413b0e950_0;  alias, 1 drivers
v0000026413b1e850_0 .net "we", 0 0, L_0000026413b9c880;  alias, 1 drivers
v0000026413b1f070_0 .var "wptr", 3 0;
L_0000026413b96860 .concat [ 5 27 0 0], v0000026413b1e5d0_0, L_0000026413b33228;
L_0000026413b94920 .cmp/eq 32, L_0000026413b96860, L_0000026413b33270;
L_0000026413b95be0 .concat [ 5 27 0 0], v0000026413b1e5d0_0, L_0000026413b332b8;
L_0000026413b95aa0 .cmp/eq 32, L_0000026413b95be0, L_0000026413b33300;
L_0000026413b95960 .array/port v0000026413b1def0, L_0000026413b955a0;
L_0000026413b941a0 .part v0000026413b1f610_0, 0, 3;
L_0000026413b955a0 .concat [ 3 2 0 0], L_0000026413b941a0, L_0000026413b33348;
S_0000026413b30610 .scope task, "load_cpu_ram" "load_cpu_ram" 2 53, 2 53 0, S_0000026413aa3c70;
 .timescale -9 -12;
v0000026413b26890_0 .var "cmd", 7 0;
v0000026413b28730_0 .var/i "file", 31 0;
v0000026413b287d0_0 .var "hex_file", 799 0;
v0000026413b27c90_0 .var "nibble", 3 0;
v0000026413b27f10_0 .var/i "r", 31 0;
TD_test_3_3_i2c_loopback.load_cpu_ram ;
    %pushi/vec4 0, 0, 1;
    %ix/load 4, 0, 0;
    %flag_set/imm 4, 0;
    %store/vec4 v0000026413b28230_0, 4, 1;
    %load/vec4 v0000026413b26890_0;
    %store/vec4 v0000026413b26390_0, 0, 8;
    %fork TD_test_3_3_i2c_loopback.spi_send_byte, S_0000026413b30f70;
    %join;
    %vpi_func 2 56 "$fopen" 32, v0000026413b287d0_0, "r" {0 0 0};
    %store/vec4 v0000026413b28730_0, 0, 32;
    %load/vec4 v0000026413b28730_0;
    %cmpi/ne 0, 0, 32;
    %jmp/0xz  T_4.8, 4;
T_4.10 ;
    %vpi_func 2 58 "$feof" 32, v0000026413b28730_0 {0 0 0};
    %nor/r;
    %flag_set/vec4 8;
    %jmp/0xz T_4.11, 8;
    %vpi_func 2 59 "$fscanf" 32, v0000026413b28730_0, "%x\012", v0000026413b27c90_0 {0 0 0};
    %store/vec4 v0000026413b27f10_0, 0, 32;
    %load/vec4 v0000026413b27f10_0;
    %cmpi/e 1, 0, 32;
    %jmp/0xz  T_4.12, 4;
    %pushi/vec4 0, 0, 4;
    %load/vec4 v0000026413b27c90_0;
    %concat/vec4; draw_concat_vec4
    %store/vec4 v0000026413b26390_0, 0, 8;
    %fork TD_test_3_3_i2c_loopback.spi_send_byte, S_0000026413b30f70;
    %join;
T_4.12 ;
    %jmp T_4.10;
T_4.11 ;
    %vpi_call 2 64 "$fclose", v0000026413b28730_0 {0 0 0};
T_4.8 ;
    %pushi/vec4 1, 0, 1;
    %ix/load 4, 0, 0;
    %flag_set/imm 4, 0;
    %store/vec4 v0000026413b28230_0, 4, 1;
    %delay 100000, 0;
    %end;
S_0000026413b2fcb0 .scope task, "spi_read_byte" "spi_read_byte" 2 40, 2 40 0, S_0000026413aa3c70;
 .timescale -9 -12;
v0000026413b28050_0 .var "data", 7 0;
v0000026413b27790_0 .var/i "i", 31 0;
TD_test_3_3_i2c_loopback.spi_read_byte ;
    %pushi/vec4 0, 0, 8;
    %store/vec4 v0000026413b28050_0, 0, 8;
    %pushi/vec4 7, 0, 32;
    %store/vec4 v0000026413b27790_0, 0, 32;
T_5.14 ;
    %load/vec4 v0000026413b27790_0;
    %cmpi/s 0, 0, 32;
    %flag_inv 5; GE is !LT
    %jmp/0xz T_5.15, 5;
    %pushi/vec4 0, 0, 1;
    %ix/load 4, 2, 0;
    %flag_set/imm 4, 0;
    %store/vec4 v0000026413b28230_0, 4, 1;
    %delay 100000, 0;
    %pushi/vec4 1, 0, 1;
    %ix/load 4, 1, 0;
    %flag_set/imm 4, 0;
    %store/vec4 v0000026413b28230_0, 4, 1;
    %load/vec4 v0000026413b28f50_0;
    %parti/s 1, 0, 2;
    %ix/getv/s 4, v0000026413b27790_0;
    %store/vec4 v0000026413b28050_0, 4, 1;
    %delay 100000, 0;
    %pushi/vec4 0, 0, 1;
    %ix/load 4, 1, 0;
    %flag_set/imm 4, 0;
    %store/vec4 v0000026413b28230_0, 4, 1;
    %load/vec4 v0000026413b27790_0;
    %subi 1, 0, 32;
    %store/vec4 v0000026413b27790_0, 0, 32;
    %jmp T_5.14;
T_5.15 ;
    %delay 60000, 0;
    %end;
S_0000026413b30f70 .scope task, "spi_send_byte" "spi_send_byte" 2 31, 2 31 0, S_0000026413aa3c70;
 .timescale -9 -12;
v0000026413b26390_0 .var "data", 7 0;
v0000026413b27330_0 .var/i "i", 31 0;
TD_test_3_3_i2c_loopback.spi_send_byte ;
    %pushi/vec4 7, 0, 32;
    %store/vec4 v0000026413b27330_0, 0, 32;
T_6.16 ;
    %load/vec4 v0000026413b27330_0;
    %cmpi/s 0, 0, 32;
    %flag_inv 5; GE is !LT
    %jmp/0xz T_6.17, 5;
    %load/vec4 v0000026413b26390_0;
    %load/vec4 v0000026413b27330_0;
    %part/s 1;
    %ix/load 4, 2, 0;
    %flag_set/imm 4, 0;
    %store/vec4 v0000026413b28230_0, 4, 1;
    %delay 100000, 0;
    %pushi/vec4 1, 0, 1;
    %ix/load 4, 1, 0;
    %flag_set/imm 4, 0;
    %store/vec4 v0000026413b28230_0, 4, 1;
    %delay 100000, 0;
    %pushi/vec4 0, 0, 1;
    %ix/load 4, 1, 0;
    %flag_set/imm 4, 0;
    %store/vec4 v0000026413b28230_0, 4, 1;
    %load/vec4 v0000026413b27330_0;
    %subi 1, 0, 32;
    %store/vec4 v0000026413b27330_0, 0, 32;
    %jmp T_6.16;
T_6.17 ;
    %delay 60000, 0;
    %end;
    .scope S_0000026413b18420;
T_7 ;
    %wait E_0000026413a8ad50;
    %load/vec4 v0000026413b19a60_0;
    %assign/vec4 v0000026413b16450_0, 0;
    %load/vec4 v0000026413b16450_0;
    %assign/vec4 v0000026413b166d0_0, 0;
    %jmp T_7;
    .thread T_7;
    .scope S_0000026413b18420;
T_8 ;
    %wait E_0000026413a895d0;
    %load/vec4 v0000026413b161d0_0;
    %nor/r;
    %flag_set/vec4 8;
    %jmp/0xz  T_8.0, 8;
    %pushi/vec4 0, 0, 8;
    %assign/vec4 v0000026413b16630_0, 0;
    %pushi/vec4 0, 0, 3;
    %assign/vec4 v0000026413b141f0_0, 0;
    %pushi/vec4 0, 0, 8;
    %assign/vec4 v0000026413b15690_0, 0;
    %pushi/vec4 1, 0, 1;
    %assign/vec4 v0000026413b16130_0, 0;
    %pushi/vec4 0, 0, 1;
    %assign/vec4 v0000026413b16c70_0, 0;
    %pushi/vec4 0, 0, 7;
    %assign/vec4 v0000026413b14290_0, 0;
    %pushi/vec4 0, 0, 1;
    %assign/vec4 v0000026413b14330_0, 0;
    %pushi/vec4 0, 0, 1;
    %assign/vec4 v0000026413b15050_0, 0;
    %pushi/vec4 0, 0, 1;
    %assign/vec4 v0000026413b13750_0, 0;
    %pushi/vec4 0, 0, 1;
    %assign/vec4 v0000026413b15870_0, 0;
    %pushi/vec4 0, 0, 7;
    %assign/vec4 v0000026413b16d10_0, 0;
    %pushi/vec4 0, 0, 1;
    %assign/vec4 v0000026413b16ef0_0, 0;
    %pushi/vec4 0, 0, 1;
    %assign/vec4 v0000026413b15eb0_0, 0;
    %pushi/vec4 0, 0, 1;
    %assign/vec4 v0000026413b16810_0, 0;
    %pushi/vec4 0, 0, 1;
    %assign/vec4 v0000026413b16a90_0, 0;
    %pushi/vec4 0, 0, 7;
    %assign/vec4 v0000026413b16590_0, 0;
    %pushi/vec4 0, 0, 1;
    %assign/vec4 v0000026413b169f0_0, 0;
    %pushi/vec4 0, 0, 1;
    %assign/vec4 v0000026413b17350_0, 0;
    %pushi/vec4 0, 0, 1;
    %assign/vec4 v0000026413b16bd0_0, 0;
    %pushi/vec4 0, 0, 1;
    %assign/vec4 v0000026413b168b0_0, 0;
    %pushi/vec4 0, 0, 7;
    %assign/vec4 v0000026413b170d0_0, 0;
    %pushi/vec4 0, 0, 1;
    %assign/vec4 v0000026413b15e10_0, 0;
    %pushi/vec4 0, 0, 1;
    %assign/vec4 v0000026413b16b30_0, 0;
    %pushi/vec4 0, 0, 1;
    %assign/vec4 v0000026413b16090_0, 0;
    %pushi/vec4 0, 0, 1;
    %assign/vec4 v0000026413b17170_0, 0;
    %jmp T_8.1;
T_8.0 ;
    %pushi/vec4 0, 0, 1;
    %assign/vec4 v0000026413b14330_0, 0;
    %pushi/vec4 0, 0, 1;
    %assign/vec4 v0000026413b15050_0, 0;
    %pushi/vec4 0, 0, 1;
    %assign/vec4 v0000026413b13750_0, 0;
    %pushi/vec4 0, 0, 1;
    %assign/vec4 v0000026413b16ef0_0, 0;
    %pushi/vec4 0, 0, 1;
    %assign/vec4 v0000026413b15eb0_0, 0;
    %pushi/vec4 0, 0, 1;
    %assign/vec4 v0000026413b16810_0, 0;
    %pushi/vec4 0, 0, 1;
    %assign/vec4 v0000026413b169f0_0, 0;
    %pushi/vec4 0, 0, 1;
    %assign/vec4 v0000026413b17350_0, 0;
    %pushi/vec4 0, 0, 1;
    %assign/vec4 v0000026413b16bd0_0, 0;
    %pushi/vec4 0, 0, 1;
    %assign/vec4 v0000026413b15e10_0, 0;
    %pushi/vec4 0, 0, 1;
    %assign/vec4 v0000026413b16b30_0, 0;
    %pushi/vec4 0, 0, 1;
    %assign/vec4 v0000026413b16090_0, 0;
    %load/vec4 v0000026413b16770_0;
    %flag_set/vec4 8;
    %jmp/0xz  T_8.2, 8;
    %pushi/vec4 1, 0, 1;
    %assign/vec4 v0000026413b16130_0, 0;
    %pushi/vec4 0, 0, 3;
    %assign/vec4 v0000026413b141f0_0, 0;
    %jmp T_8.3;
T_8.2 ;
    %load/vec4 v0000026413b163b0_0;
    %flag_set/vec4 8;
    %jmp/0xz  T_8.4, 8;
    %load/vec4 v0000026413b16630_0;
    %parti/s 7, 0, 2;
    %load/vec4 v0000026413b1ab40_0;
    %concat/vec4; draw_concat_vec4
    %assign/vec4 v0000026413b16630_0, 0;
    %load/vec4 v0000026413b141f0_0;
    %addi 1, 0, 3;
    %assign/vec4 v0000026413b141f0_0, 0;
    %load/vec4 v0000026413b141f0_0;
    %pad/u 32;
    %cmpi/e 7, 0, 32;
    %jmp/0xz  T_8.6, 4;
    %load/vec4 v0000026413b16130_0;
    %flag_set/vec4 8;
    %jmp/0xz  T_8.8, 8;
    %load/vec4 v0000026413b16630_0;
    %parti/s 7, 0, 2;
    %load/vec4 v0000026413b1ab40_0;
    %concat/vec4; draw_concat_vec4
    %assign/vec4 v0000026413b15690_0, 0;
    %pushi/vec4 0, 0, 1;
    %assign/vec4 v0000026413b16130_0, 0;
    %pushi/vec4 127, 0, 7;
    %assign/vec4 v0000026413b14290_0, 0;
    %pushi/vec4 127, 0, 7;
    %assign/vec4 v0000026413b16d10_0, 0;
    %pushi/vec4 127, 0, 7;
    %assign/vec4 v0000026413b16590_0, 0;
    %pushi/vec4 127, 0, 7;
    %assign/vec4 v0000026413b170d0_0, 0;
    %load/vec4 v0000026413b16630_0;
    %parti/s 7, 0, 2;
    %load/vec4 v0000026413b1ab40_0;
    %concat/vec4; draw_concat_vec4
    %cmpi/e 6, 0, 8;
    %jmp/0xz  T_8.10, 4;
    %pushi/vec4 1, 0, 1;
    %assign/vec4 v0000026413b15870_0, 0;
T_8.10 ;
    %load/vec4 v0000026413b16630_0;
    %parti/s 7, 0, 2;
    %load/vec4 v0000026413b1ab40_0;
    %concat/vec4; draw_concat_vec4
    %cmpi/e 8, 0, 8;
    %jmp/0xz  T_8.12, 4;
    %pushi/vec4 0, 0, 1;
    %assign/vec4 v0000026413b15870_0, 0;
T_8.12 ;
    %load/vec4 v0000026413b16630_0;
    %parti/s 7, 0, 2;
    %load/vec4 v0000026413b1ab40_0;
    %concat/vec4; draw_concat_vec4
    %cmpi/e 7, 0, 8;
    %jmp/0xz  T_8.14, 4;
    %pushi/vec4 1, 0, 1;
    %assign/vec4 v0000026413b16a90_0, 0;
T_8.14 ;
    %load/vec4 v0000026413b16630_0;
    %parti/s 7, 0, 2;
    %load/vec4 v0000026413b1ab40_0;
    %concat/vec4; draw_concat_vec4
    %cmpi/e 9, 0, 8;
    %jmp/0xz  T_8.16, 4;
    %pushi/vec4 0, 0, 1;
    %assign/vec4 v0000026413b16a90_0, 0;
T_8.16 ;
    %load/vec4 v0000026413b16630_0;
    %parti/s 7, 0, 2;
    %load/vec4 v0000026413b1ab40_0;
    %concat/vec4; draw_concat_vec4
    %cmpi/e 14, 0, 8;
    %jmp/0xz  T_8.18, 4;
    %pushi/vec4 1, 0, 1;
    %assign/vec4 v0000026413b168b0_0, 0;
T_8.18 ;
    %load/vec4 v0000026413b16630_0;
    %parti/s 7, 0, 2;
    %load/vec4 v0000026413b1ab40_0;
    %concat/vec4; draw_concat_vec4
    %cmpi/e 30, 0, 8;
    %jmp/0xz  T_8.20, 4;
    %pushi/vec4 0, 0, 1;
    %assign/vec4 v0000026413b168b0_0, 0;
T_8.20 ;
    %load/vec4 v0000026413b16630_0;
    %parti/s 7, 0, 2;
    %load/vec4 v0000026413b1ab40_0;
    %concat/vec4; draw_concat_vec4
    %cmpi/e 15, 0, 8;
    %jmp/0xz  T_8.22, 4;
    %pushi/vec4 1, 0, 1;
    %assign/vec4 v0000026413b17170_0, 0;
T_8.22 ;
    %load/vec4 v0000026413b16630_0;
    %parti/s 7, 0, 2;
    %load/vec4 v0000026413b1ab40_0;
    %concat/vec4; draw_concat_vec4
    %cmpi/e 31, 0, 8;
    %jmp/0xz  T_8.24, 4;
    %pushi/vec4 0, 0, 1;
    %assign/vec4 v0000026413b17170_0, 0;
T_8.24 ;
    %jmp T_8.9;
T_8.8 ;
    %load/vec4 v0000026413b15690_0;
    %dup/vec4;
    %pushi/vec4 0, 0, 8;
    %cmp/u;
    %jmp/1 T_8.26, 6;
    %dup/vec4;
    %pushi/vec4 2, 0, 8;
    %cmp/u;
    %jmp/1 T_8.27, 6;
    %dup/vec4;
    %pushi/vec4 1, 0, 8;
    %cmp/u;
    %jmp/1 T_8.28, 6;
    %dup/vec4;
    %pushi/vec4 3, 0, 8;
    %cmp/u;
    %jmp/1 T_8.29, 6;
    %dup/vec4;
    %pushi/vec4 8, 0, 8;
    %cmp/u;
    %jmp/1 T_8.30, 6;
    %dup/vec4;
    %pushi/vec4 10, 0, 8;
    %cmp/u;
    %jmp/1 T_8.31, 6;
    %dup/vec4;
    %pushi/vec4 9, 0, 8;
    %cmp/u;
    %jmp/1 T_8.32, 6;
    %dup/vec4;
    %pushi/vec4 11, 0, 8;
    %cmp/u;
    %jmp/1 T_8.33, 6;
    %jmp T_8.34;
T_8.26 ;
    %load/vec4 v0000026413b16630_0;
    %parti/s 3, 0, 2;
    %load/vec4 v0000026413b1ab40_0;
    %concat/vec4; draw_concat_vec4
    %assign/vec4 v0000026413b157d0_0, 0;
    %pushi/vec4 1, 0, 1;
    %assign/vec4 v0000026413b14330_0, 0;
    %load/vec4 v0000026413b14290_0;
    %addi 1, 0, 7;
    %assign/vec4 v0000026413b14290_0, 0;
    %jmp T_8.34;
T_8.27 ;
    %load/vec4 v0000026413b16630_0;
    %parti/s 7, 0, 2;
    %load/vec4 v0000026413b1ab40_0;
    %concat/vec4; draw_concat_vec4
    %assign/vec4 v0000026413b13890_0, 0;
    %pushi/vec4 1, 0, 1;
    %assign/vec4 v0000026413b15050_0, 0;
    %jmp T_8.34;
T_8.28 ;
    %load/vec4 v0000026413b16630_0;
    %parti/s 3, 0, 2;
    %load/vec4 v0000026413b1ab40_0;
    %concat/vec4; draw_concat_vec4
    %assign/vec4 v0000026413b17030_0, 0;
    %pushi/vec4 1, 0, 1;
    %assign/vec4 v0000026413b16ef0_0, 0;
    %load/vec4 v0000026413b16d10_0;
    %addi 1, 0, 7;
    %assign/vec4 v0000026413b16d10_0, 0;
    %jmp T_8.34;
T_8.29 ;
    %load/vec4 v0000026413b16630_0;
    %parti/s 7, 0, 2;
    %load/vec4 v0000026413b1ab40_0;
    %concat/vec4; draw_concat_vec4
    %assign/vec4 v0000026413b164f0_0, 0;
    %pushi/vec4 1, 0, 1;
    %assign/vec4 v0000026413b15eb0_0, 0;
    %jmp T_8.34;
T_8.30 ;
    %load/vec4 v0000026413b16630_0;
    %parti/s 3, 0, 2;
    %load/vec4 v0000026413b1ab40_0;
    %concat/vec4; draw_concat_vec4
    %assign/vec4 v0000026413b15f50_0, 0;
    %pushi/vec4 1, 0, 1;
    %assign/vec4 v0000026413b169f0_0, 0;
    %load/vec4 v0000026413b16590_0;
    %addi 1, 0, 7;
    %assign/vec4 v0000026413b16590_0, 0;
    %jmp T_8.34;
T_8.31 ;
    %load/vec4 v0000026413b16630_0;
    %parti/s 7, 0, 2;
    %load/vec4 v0000026413b1ab40_0;
    %concat/vec4; draw_concat_vec4
    %assign/vec4 v0000026413b172b0_0, 0;
    %pushi/vec4 1, 0, 1;
    %assign/vec4 v0000026413b17350_0, 0;
    %jmp T_8.34;
T_8.32 ;
    %load/vec4 v0000026413b16630_0;
    %parti/s 3, 0, 2;
    %load/vec4 v0000026413b1ab40_0;
    %concat/vec4; draw_concat_vec4
    %assign/vec4 v0000026413b17490_0, 0;
    %pushi/vec4 1, 0, 1;
    %assign/vec4 v0000026413b15e10_0, 0;
    %load/vec4 v0000026413b170d0_0;
    %addi 1, 0, 7;
    %assign/vec4 v0000026413b170d0_0, 0;
    %jmp T_8.34;
T_8.33 ;
    %load/vec4 v0000026413b16630_0;
    %parti/s 7, 0, 2;
    %load/vec4 v0000026413b1ab40_0;
    %concat/vec4; draw_concat_vec4
    %assign/vec4 v0000026413b16950_0, 0;
    %pushi/vec4 1, 0, 1;
    %assign/vec4 v0000026413b16b30_0, 0;
    %jmp T_8.34;
T_8.34 ;
    %pop/vec4 1;
T_8.9 ;
T_8.6 ;
T_8.4 ;
    %load/vec4 v0000026413b16310_0;
    %flag_set/vec4 8;
    %jmp/0xz  T_8.35, 8;
    %load/vec4 v0000026413b16130_0;
    %nor/r;
    %flag_set/vec4 8;
    %jmp/0xz  T_8.37, 8;
    %load/vec4 v0000026413b15690_0;
    %cmpi/e 4, 0, 8;
    %jmp/1 T_8.43, 4;
    %flag_mov 8, 4;
    %load/vec4 v0000026413b15690_0;
    %cmpi/e 5, 0, 8;
    %flag_or 4, 8;
T_8.43;
    %jmp/1 T_8.42, 4;
    %flag_mov 8, 4;
    %load/vec4 v0000026413b15690_0;
    %cmpi/e 12, 0, 8;
    %flag_or 4, 8;
T_8.42;
    %jmp/1 T_8.41, 4;
    %flag_mov 8, 4;
    %load/vec4 v0000026413b15690_0;
    %cmpi/e 13, 0, 8;
    %flag_or 4, 8;
T_8.41;
    %jmp/0xz  T_8.39, 4;
    %load/vec4 v0000026413b141f0_0;
    %pad/u 32;
    %cmpi/e 0, 0, 32;
    %jmp/0xz  T_8.44, 4;
    %load/vec4 v0000026413b15690_0;
    %cmpi/e 4, 0, 8;
    %jmp/0xz  T_8.46, 4;
    %load/vec4 v0000026413b15c30_0;
    %parti/s 7, 0, 2;
    %concati/vec4 0, 0, 1;
    %assign/vec4 v0000026413b16e50_0, 0;
    %load/vec4 v0000026413b15c30_0;
    %parti/s 1, 7, 4;
    %assign/vec4 v0000026413b16c70_0, 0;
    %pushi/vec4 1, 0, 1;
    %assign/vec4 v0000026413b13750_0, 0;
    %jmp T_8.47;
T_8.46 ;
    %load/vec4 v0000026413b15690_0;
    %cmpi/e 5, 0, 8;
    %jmp/0xz  T_8.48, 4;
    %load/vec4 v0000026413b16f90_0;
    %parti/s 7, 0, 2;
    %concati/vec4 0, 0, 1;
    %assign/vec4 v0000026413b16e50_0, 0;
    %load/vec4 v0000026413b16f90_0;
    %parti/s 1, 7, 4;
    %assign/vec4 v0000026413b16c70_0, 0;
    %pushi/vec4 1, 0, 1;
    %assign/vec4 v0000026413b16810_0, 0;
    %jmp T_8.49;
T_8.48 ;
    %load/vec4 v0000026413b15690_0;
    %cmpi/e 12, 0, 8;
    %jmp/0xz  T_8.50, 4;
    %load/vec4 v0000026413b16db0_0;
    %parti/s 7, 0, 2;
    %concati/vec4 0, 0, 1;
    %assign/vec4 v0000026413b16e50_0, 0;
    %load/vec4 v0000026413b16db0_0;
    %parti/s 1, 7, 4;
    %assign/vec4 v0000026413b16c70_0, 0;
    %pushi/vec4 1, 0, 1;
    %assign/vec4 v0000026413b16bd0_0, 0;
    %jmp T_8.51;
T_8.50 ;
    %load/vec4 v0000026413b15690_0;
    %cmpi/e 13, 0, 8;
    %jmp/0xz  T_8.52, 4;
    %load/vec4 v0000026413b15ff0_0;
    %parti/s 7, 0, 2;
    %concati/vec4 0, 0, 1;
    %assign/vec4 v0000026413b16e50_0, 0;
    %load/vec4 v0000026413b15ff0_0;
    %parti/s 1, 7, 4;
    %assign/vec4 v0000026413b16c70_0, 0;
    %pushi/vec4 1, 0, 1;
    %assign/vec4 v0000026413b16090_0, 0;
T_8.52 ;
T_8.51 ;
T_8.49 ;
T_8.47 ;
    %jmp T_8.45;
T_8.44 ;
    %load/vec4 v0000026413b16e50_0;
    %parti/s 7, 0, 2;
    %concati/vec4 0, 0, 1;
    %assign/vec4 v0000026413b16e50_0, 0;
    %load/vec4 v0000026413b16e50_0;
    %parti/s 1, 7, 4;
    %assign/vec4 v0000026413b16c70_0, 0;
T_8.45 ;
T_8.39 ;
T_8.37 ;
T_8.35 ;
T_8.3 ;
T_8.1 ;
    %jmp T_8;
    .thread T_8;
    .scope S_0000026413aa1c50;
T_9 ;
    %wait E_0000026413a895d0;
    %load/vec4 v0000026413b102f0_0;
    %nor/r;
    %flag_set/vec4 8;
    %jmp/0xz  T_9.0, 8;
    %pushi/vec4 0, 0, 4;
    %assign/vec4 v0000026413b10570_0, 0;
    %pushi/vec4 0, 0, 4;
    %assign/vec4 v0000026413b10cf0_0, 0;
    %pushi/vec4 0, 0, 5;
    %assign/vec4 v0000026413b10f70_0, 0;
    %jmp T_9.1;
T_9.0 ;
    %load/vec4 v0000026413b0ff30_0;
    %flag_set/vec4 8;
    %flag_get/vec4 8;
    %jmp/0 T_9.6, 8;
    %load/vec4 v0000026413b10e30_0;
    %nor/r;
    %and;
T_9.6;
    %load/vec4 v0000026413b10b10_0;
    %flag_set/vec4 8;
    %flag_get/vec4 8;
    %jmp/0 T_9.7, 8;
    %load/vec4 v0000026413b10070_0;
    %nor/r;
    %and;
T_9.7;
    %concat/vec4; draw_concat_vec4
    %dup/vec4;
    %pushi/vec4 2, 0, 2;
    %cmp/u;
    %jmp/1 T_9.2, 6;
    %dup/vec4;
    %pushi/vec4 1, 0, 2;
    %cmp/u;
    %jmp/1 T_9.3, 6;
    %dup/vec4;
    %pushi/vec4 3, 0, 2;
    %cmp/u;
    %jmp/1 T_9.4, 6;
    %jmp T_9.5;
T_9.2 ;
    %load/vec4 v0000026413b11470_0;
    %load/vec4 v0000026413b10570_0;
    %parti/s 3, 0, 2;
    %pad/u 5;
    %ix/vec4 3;
    %ix/load 4, 0, 0; Constant delay
    %assign/vec4/a/d v0000026413b113d0, 0, 4;
    %load/vec4 v0000026413b10570_0;
    %addi 1, 0, 4;
    %assign/vec4 v0000026413b10570_0, 0;
    %load/vec4 v0000026413b10f70_0;
    %addi 1, 0, 5;
    %assign/vec4 v0000026413b10f70_0, 0;
    %jmp T_9.5;
T_9.3 ;
    %load/vec4 v0000026413b10cf0_0;
    %addi 1, 0, 4;
    %assign/vec4 v0000026413b10cf0_0, 0;
    %load/vec4 v0000026413b10f70_0;
    %subi 1, 0, 5;
    %assign/vec4 v0000026413b10f70_0, 0;
    %jmp T_9.5;
T_9.4 ;
    %load/vec4 v0000026413b11470_0;
    %load/vec4 v0000026413b10570_0;
    %parti/s 3, 0, 2;
    %pad/u 5;
    %ix/vec4 3;
    %ix/load 4, 0, 0; Constant delay
    %assign/vec4/a/d v0000026413b113d0, 0, 4;
    %load/vec4 v0000026413b10570_0;
    %addi 1, 0, 4;
    %assign/vec4 v0000026413b10570_0, 0;
    %load/vec4 v0000026413b10cf0_0;
    %addi 1, 0, 4;
    %assign/vec4 v0000026413b10cf0_0, 0;
    %jmp T_9.5;
T_9.5 ;
    %pop/vec4 1;
T_9.1 ;
    %jmp T_9;
    .thread T_9;
    .scope S_0000026413b17f70;
T_10 ;
    %wait E_0000026413a895d0;
    %load/vec4 v0000026413b1ba40_0;
    %nor/r;
    %flag_set/vec4 8;
    %jmp/0xz  T_10.0, 8;
    %pushi/vec4 0, 0, 4;
    %assign/vec4 v0000026413b1c1c0_0, 0;
    %pushi/vec4 0, 0, 4;
    %assign/vec4 v0000026413b1c260_0, 0;
    %pushi/vec4 0, 0, 5;
    %assign/vec4 v0000026413b19b00_0, 0;
    %jmp T_10.1;
T_10.0 ;
    %load/vec4 v0000026413b1bcc0_0;
    %flag_set/vec4 8;
    %flag_get/vec4 8;
    %jmp/0 T_10.6, 8;
    %load/vec4 v0000026413b19c40_0;
    %nor/r;
    %and;
T_10.6;
    %load/vec4 v0000026413b1cc60_0;
    %flag_set/vec4 8;
    %flag_get/vec4 8;
    %jmp/0 T_10.7, 8;
    %load/vec4 v0000026413b19ba0_0;
    %nor/r;
    %and;
T_10.7;
    %concat/vec4; draw_concat_vec4
    %dup/vec4;
    %pushi/vec4 2, 0, 2;
    %cmp/u;
    %jmp/1 T_10.2, 6;
    %dup/vec4;
    %pushi/vec4 1, 0, 2;
    %cmp/u;
    %jmp/1 T_10.3, 6;
    %dup/vec4;
    %pushi/vec4 3, 0, 2;
    %cmp/u;
    %jmp/1 T_10.4, 6;
    %jmp T_10.5;
T_10.2 ;
    %load/vec4 v0000026413b1c3a0_0;
    %load/vec4 v0000026413b1c1c0_0;
    %parti/s 3, 0, 2;
    %pad/u 5;
    %ix/vec4 3;
    %ix/load 4, 0, 0; Constant delay
    %assign/vec4/a/d v0000026413b1c760, 0, 4;
    %load/vec4 v0000026413b1c1c0_0;
    %addi 1, 0, 4;
    %assign/vec4 v0000026413b1c1c0_0, 0;
    %load/vec4 v0000026413b19b00_0;
    %addi 1, 0, 5;
    %assign/vec4 v0000026413b19b00_0, 0;
    %jmp T_10.5;
T_10.3 ;
    %load/vec4 v0000026413b1c260_0;
    %addi 1, 0, 4;
    %assign/vec4 v0000026413b1c260_0, 0;
    %load/vec4 v0000026413b19b00_0;
    %subi 1, 0, 5;
    %assign/vec4 v0000026413b19b00_0, 0;
    %jmp T_10.5;
T_10.4 ;
    %load/vec4 v0000026413b1c3a0_0;
    %load/vec4 v0000026413b1c1c0_0;
    %parti/s 3, 0, 2;
    %pad/u 5;
    %ix/vec4 3;
    %ix/load 4, 0, 0; Constant delay
    %assign/vec4/a/d v0000026413b1c760, 0, 4;
    %load/vec4 v0000026413b1c1c0_0;
    %addi 1, 0, 4;
    %assign/vec4 v0000026413b1c1c0_0, 0;
    %load/vec4 v0000026413b1c260_0;
    %addi 1, 0, 4;
    %assign/vec4 v0000026413b1c260_0, 0;
    %jmp T_10.5;
T_10.5 ;
    %pop/vec4 1;
T_10.1 ;
    %jmp T_10;
    .thread T_10;
    .scope S_0000026413b17930;
T_11 ;
    %wait E_0000026413a895d0;
    %load/vec4 v0000026413b1a460_0;
    %nor/r;
    %flag_set/vec4 8;
    %jmp/0xz  T_11.0, 8;
    %pushi/vec4 0, 0, 16;
    %assign/vec4 v0000026413b1a280_0, 0;
    %pushi/vec4 0, 0, 1;
    %assign/vec4 v0000026413b1a8c0_0, 0;
    %jmp T_11.1;
T_11.0 ;
    %load/vec4 v0000026413b1a820_0;
    %flag_set/vec4 8;
    %jmp/0xz  T_11.2, 8;
    %load/vec4 v0000026413b1a5a0_0;
    %ix/load 4, 8, 0;
    %ix/load 5, 0, 0;
    %flag_set/imm 4, 0;
    %assign/vec4/off/d v0000026413b1a280_0, 4, 5;
    %pushi/vec4 1, 0, 1;
    %assign/vec4 v0000026413b1a8c0_0, 0;
    %jmp T_11.3;
T_11.2 ;
    %load/vec4 v0000026413b1b360_0;
    %flag_set/vec4 8;
    %jmp/0xz  T_11.4, 8;
    %load/vec4 v0000026413b1a5a0_0;
    %ix/load 4, 0, 0;
    %ix/load 5, 0, 0;
    %flag_set/imm 4, 0;
    %assign/vec4/off/d v0000026413b1a280_0, 4, 5;
    %pushi/vec4 0, 0, 8;
    %ix/load 4, 8, 0;
    %ix/load 5, 0, 0;
    %flag_set/imm 4, 0;
    %assign/vec4/off/d v0000026413b1a280_0, 4, 5;
    %pushi/vec4 1, 0, 1;
    %assign/vec4 v0000026413b1a8c0_0, 0;
    %jmp T_11.5;
T_11.4 ;
    %load/vec4 v0000026413b1a8c0_0;
    %flag_set/vec4 9;
    %flag_get/vec4 9;
    %jmp/0 T_11.8, 9;
    %pushi/vec4 0, 0, 32;
    %load/vec4 v0000026413b1a280_0;
    %pad/u 32;
    %cmp/u;
    %flag_get/vec4 5;
    %and;
T_11.8;
    %flag_set/vec4 8;
    %jmp/0xz  T_11.6, 8;
    %load/vec4 v0000026413b1a280_0;
    %subi 1, 0, 16;
    %assign/vec4 v0000026413b1a280_0, 0;
    %jmp T_11.7;
T_11.6 ;
    %load/vec4 v0000026413b1a280_0;
    %pad/u 32;
    %cmpi/e 0, 0, 32;
    %jmp/0xz  T_11.9, 4;
    %pushi/vec4 0, 0, 1;
    %assign/vec4 v0000026413b1a8c0_0, 0;
T_11.9 ;
T_11.7 ;
T_11.5 ;
T_11.3 ;
T_11.1 ;
    %jmp T_11;
    .thread T_11;
    .scope S_0000026413a9fad0;
T_12 ;
    %wait E_0000026413a895d0;
    %load/vec4 v0000026413a5ebb0_0;
    %nor/r;
    %flag_set/vec4 8;
    %jmp/0xz  T_12.0, 8;
    %pushi/vec4 0, 0, 3;
    %assign/vec4 v0000026413a5f970_0, 0;
    %pushi/vec4 0, 0, 7;
    %assign/vec4 v0000026413a3c960_0, 0;
    %pushi/vec4 0, 0, 7;
    %assign/vec4 v00000264139bba10_0, 0;
    %pushi/vec4 0, 0, 1;
    %assign/vec4 v0000026413a4edf0_0, 0;
    %pushi/vec4 0, 0, 8;
    %assign/vec4 v0000026413a9ce50_0, 0;
    %pushi/vec4 0, 0, 8;
    %assign/vec4 v0000026413a9d0d0_0, 0;
    %pushi/vec4 0, 0, 1;
    %assign/vec4 v0000026413a4ecb0_0, 0;
    %pushi/vec4 0, 0, 1;
    %assign/vec4 v0000026413a4e990_0, 0;
    %pushi/vec4 0, 0, 1;
    %assign/vec4 v0000026413a3d4a0_0, 0;
    %pushi/vec4 0, 0, 1;
    %assign/vec4 v0000026413a3d180_0, 0;
    %pushi/vec4 0, 0, 4;
    %assign/vec4 v00000264139bbbf0_0, 0;
    %pushi/vec4 0, 0, 4;
    %assign/vec4 v0000026413a3ca00_0, 0;
    %jmp T_12.1;
T_12.0 ;
    %pushi/vec4 0, 0, 1;
    %assign/vec4 v0000026413a3d4a0_0, 0;
    %pushi/vec4 0, 0, 1;
    %assign/vec4 v0000026413a3d180_0, 0;
    %load/vec4 v0000026413a5f970_0;
    %dup/vec4;
    %pushi/vec4 0, 0, 3;
    %cmp/u;
    %jmp/1 T_12.2, 6;
    %dup/vec4;
    %pushi/vec4 1, 0, 3;
    %cmp/u;
    %jmp/1 T_12.3, 6;
    %dup/vec4;
    %pushi/vec4 2, 0, 3;
    %cmp/u;
    %jmp/1 T_12.4, 6;
    %dup/vec4;
    %pushi/vec4 3, 0, 3;
    %cmp/u;
    %jmp/1 T_12.5, 6;
    %dup/vec4;
    %pushi/vec4 4, 0, 3;
    %cmp/u;
    %jmp/1 T_12.6, 6;
    %dup/vec4;
    %pushi/vec4 5, 0, 3;
    %cmp/u;
    %jmp/1 T_12.7, 6;
    %jmp T_12.8;
T_12.2 ;
    %load/vec4 v0000026413a5f510_0;
    %flag_set/vec4 8;
    %jmp/0xz  T_12.9, 8;
    %pushi/vec4 1, 0, 3;
    %assign/vec4 v0000026413a5f970_0, 0;
T_12.9 ;
    %jmp T_12.8;
T_12.3 ;
    %load/vec4 v0000026413a5f510_0;
    %nor/r;
    %flag_set/vec4 8;
    %jmp/0xz  T_12.11, 8;
    %pushi/vec4 0, 0, 3;
    %assign/vec4 v0000026413a5f970_0, 0;
    %jmp T_12.12;
T_12.11 ;
    %load/vec4 v00000264139ea620_0;
    %flag_set/vec4 9;
    %flag_get/vec4 9;
    %jmp/0 T_12.15, 9;
    %load/vec4 v0000026413a4edf0_0;
    %nor/r;
    %and;
T_12.15;
    %flag_set/vec4 8;
    %jmp/0xz  T_12.13, 8;
    %load/vec4 v0000026413a3c960_0;
    %assign/vec4 v00000264139bba10_0, 0;
    %pushi/vec4 0, 0, 7;
    %assign/vec4 v0000026413a3c960_0, 0;
    %pushi/vec4 1, 0, 1;
    %assign/vec4 v0000026413a4edf0_0, 0;
    %jmp T_12.14;
T_12.13 ;
    %load/vec4 v0000026413a5f790_0;
    %assign/vec4 v0000026413a4ff70_0, 0;
    %load/vec4 v0000026413a3c960_0;
    %addi 1, 0, 7;
    %assign/vec4 v0000026413a3c960_0, 0;
    %load/vec4 v0000026413a5f790_0;
    %parti/s 1, 3, 3;
    %cmpi/e 0, 0, 1;
    %jmp/0xz  T_12.16, 4;
    %pushi/vec4 4, 0, 3;
    %assign/vec4 v0000026413a5f970_0, 0;
    %jmp T_12.17;
T_12.16 ;
    %pushi/vec4 2, 0, 3;
    %assign/vec4 v0000026413a5f970_0, 0;
T_12.17 ;
T_12.14 ;
T_12.12 ;
    %jmp T_12.8;
T_12.4 ;
    %load/vec4 v0000026413a5f790_0;
    %assign/vec4 v0000026413a4eb70_0, 0;
    %load/vec4 v0000026413a3c960_0;
    %addi 1, 0, 7;
    %assign/vec4 v0000026413a3c960_0, 0;
    %load/vec4 v0000026413a4ff70_0;
    %cmpi/u 13, 0, 4;
    %flag_inv 5; GE is !LT
    %jmp/0xz  T_12.18, 5;
    %pushi/vec4 3, 0, 3;
    %assign/vec4 v0000026413a5f970_0, 0;
    %jmp T_12.19;
T_12.18 ;
    %pushi/vec4 4, 0, 3;
    %assign/vec4 v0000026413a5f970_0, 0;
T_12.19 ;
    %jmp T_12.8;
T_12.5 ;
    %load/vec4 v0000026413a5f790_0;
    %assign/vec4 v0000026413a4f7f0_0, 0;
    %load/vec4 v0000026413a3c960_0;
    %addi 1, 0, 7;
    %assign/vec4 v0000026413a3c960_0, 0;
    %pushi/vec4 4, 0, 3;
    %assign/vec4 v0000026413a5f970_0, 0;
    %jmp T_12.8;
T_12.6 ;
    %load/vec4 v0000026413a4ff70_0;
    %dup/vec4;
    %pushi/vec4 0, 0, 4;
    %cmp/u;
    %jmp/1 T_12.20, 6;
    %dup/vec4;
    %pushi/vec4 1, 0, 4;
    %cmp/u;
    %jmp/1 T_12.21, 6;
    %dup/vec4;
    %pushi/vec4 2, 0, 4;
    %cmp/u;
    %jmp/1 T_12.22, 6;
    %dup/vec4;
    %pushi/vec4 3, 0, 4;
    %cmp/u;
    %jmp/1 T_12.23, 6;
    %dup/vec4;
    %pushi/vec4 4, 0, 4;
    %cmp/u;
    %jmp/1 T_12.24, 6;
    %dup/vec4;
    %pushi/vec4 5, 0, 4;
    %cmp/u;
    %jmp/1 T_12.25, 6;
    %dup/vec4;
    %pushi/vec4 6, 0, 4;
    %cmp/u;
    %jmp/1 T_12.26, 6;
    %dup/vec4;
    %pushi/vec4 7, 0, 4;
    %cmp/u;
    %jmp/1 T_12.27, 6;
    %dup/vec4;
    %pushi/vec4 8, 0, 4;
    %cmp/u;
    %jmp/1 T_12.28, 6;
    %dup/vec4;
    %pushi/vec4 9, 0, 4;
    %cmp/u;
    %jmp/1 T_12.29, 6;
    %dup/vec4;
    %pushi/vec4 10, 0, 4;
    %cmp/u;
    %jmp/1 T_12.30, 6;
    %dup/vec4;
    %pushi/vec4 11, 0, 4;
    %cmp/u;
    %jmp/1 T_12.31, 6;
    %dup/vec4;
    %pushi/vec4 12, 0, 4;
    %cmp/u;
    %jmp/1 T_12.32, 6;
    %dup/vec4;
    %pushi/vec4 13, 0, 4;
    %cmp/u;
    %jmp/1 T_12.33, 6;
    %dup/vec4;
    %pushi/vec4 14, 0, 4;
    %cmp/u;
    %jmp/1 T_12.34, 6;
    %dup/vec4;
    %pushi/vec4 15, 0, 4;
    %cmp/u;
    %jmp/1 T_12.35, 6;
    %jmp T_12.36;
T_12.20 ;
    %load/vec4 v0000026413a9cf90_0;
    %parti/s 8, 0, 2;
    %assign/vec4 v0000026413a9ce50_0, 0;
    %load/vec4 v0000026413a9cf90_0;
    %parti/s 1, 8, 5;
    %assign/vec4 v0000026413a4e990_0, 0;
    %load/vec4 v0000026413a9cf90_0;
    %parti/s 8, 0, 2;
    %pad/u 32;
    %pushi/vec4 0, 0, 32;
    %cmp/e;
    %flag_get/vec4 4;
    %assign/vec4 v0000026413a4ecb0_0, 0;
    %pushi/vec4 1, 0, 3;
    %assign/vec4 v0000026413a5f970_0, 0;
    %jmp T_12.36;
T_12.21 ;
    %load/vec4 v00000264139d47b0_0;
    %parti/s 8, 0, 2;
    %assign/vec4 v0000026413a9ce50_0, 0;
    %load/vec4 v00000264139d47b0_0;
    %parti/s 1, 8, 5;
    %assign/vec4 v0000026413a4e990_0, 0;
    %load/vec4 v00000264139d47b0_0;
    %parti/s 8, 0, 2;
    %pad/u 32;
    %pushi/vec4 0, 0, 32;
    %cmp/e;
    %flag_get/vec4 4;
    %assign/vec4 v0000026413a4ecb0_0, 0;
    %pushi/vec4 1, 0, 3;
    %assign/vec4 v0000026413a5f970_0, 0;
    %jmp T_12.36;
T_12.22 ;
    %load/vec4 v0000026413a9ce50_0;
    %load/vec4 v0000026413a9d0d0_0;
    %and;
    %assign/vec4 v0000026413a9ce50_0, 0;
    %load/vec4 v0000026413a9ce50_0;
    %pad/u 32;
    %load/vec4 v0000026413a9d0d0_0;
    %pad/u 32;
    %and;
    %pushi/vec4 0, 0, 32;
    %cmp/e;
    %flag_get/vec4 4;
    %assign/vec4 v0000026413a4ecb0_0, 0;
    %pushi/vec4 1, 0, 3;
    %assign/vec4 v0000026413a5f970_0, 0;
    %jmp T_12.36;
T_12.23 ;
    %load/vec4 v0000026413a9ce50_0;
    %load/vec4 v0000026413a9d0d0_0;
    %xor;
    %assign/vec4 v0000026413a9ce50_0, 0;
    %load/vec4 v0000026413a9ce50_0;
    %pad/u 32;
    %load/vec4 v0000026413a9d0d0_0;
    %pad/u 32;
    %xor;
    %pushi/vec4 0, 0, 32;
    %cmp/e;
    %flag_get/vec4 4;
    %assign/vec4 v0000026413a4ecb0_0, 0;
    %pushi/vec4 1, 0, 3;
    %assign/vec4 v0000026413a5f970_0, 0;
    %jmp T_12.36;
T_12.24 ;
    %pushi/vec4 0, 0, 1;
    %load/vec4 v0000026413a9ce50_0;
    %parti/s 7, 1, 2;
    %concat/vec4; draw_concat_vec4
    %assign/vec4 v0000026413a9ce50_0, 0;
    %load/vec4 v0000026413a9ce50_0;
    %parti/s 1, 0, 2;
    %assign/vec4 v0000026413a4e990_0, 0;
    %load/vec4 v0000026413a9ce50_0;
    %parti/s 7, 1, 2;
    %pad/u 32;
    %pushi/vec4 0, 0, 32;
    %cmp/e;
    %flag_get/vec4 4;
    %assign/vec4 v0000026413a4ecb0_0, 0;
    %pushi/vec4 1, 0, 3;
    %assign/vec4 v0000026413a5f970_0, 0;
    %jmp T_12.36;
T_12.25 ;
    %load/vec4 v0000026413a9ce50_0;
    %parti/s 7, 0, 2;
    %concati/vec4 0, 0, 1;
    %assign/vec4 v0000026413a9ce50_0, 0;
    %load/vec4 v0000026413a9ce50_0;
    %parti/s 1, 7, 4;
    %assign/vec4 v0000026413a4e990_0, 0;
    %load/vec4 v0000026413a9ce50_0;
    %parti/s 7, 0, 2;
    %pad/u 32;
    %pushi/vec4 0, 0, 32;
    %cmp/e;
    %flag_get/vec4 4;
    %assign/vec4 v0000026413a4ecb0_0, 0;
    %pushi/vec4 1, 0, 3;
    %assign/vec4 v0000026413a5f970_0, 0;
    %jmp T_12.36;
T_12.26 ;
    %pushi/vec4 1, 0, 3;
    %assign/vec4 v0000026413a5f970_0, 0;
    %jmp T_12.36;
T_12.27 ;
    %load/vec4 v00000264139bba10_0;
    %assign/vec4 v0000026413a3c960_0, 0;
    %pushi/vec4 0, 0, 1;
    %assign/vec4 v0000026413a4edf0_0, 0;
    %pushi/vec4 1, 0, 3;
    %assign/vec4 v0000026413a5f970_0, 0;
    %jmp T_12.36;
T_12.28 ;
    %load/vec4 v0000026413a4eb70_0;
    %pad/u 32;
    %cmpi/u 4, 0, 32;
    %jmp/0xz  T_12.37, 5;
    %pushi/vec4 0, 0, 1;
    %ix/load 5, 0, 0;
    %load/vec4 v0000026413a4eb70_0;
    %parti/s 2, 0, 2;
    %ix/vec4 4;
    %assign/vec4/off/d v00000264139bbbf0_0, 4, 5;
T_12.37 ;
    %pushi/vec4 1, 0, 3;
    %assign/vec4 v0000026413a5f970_0, 0;
    %jmp T_12.36;
T_12.29 ;
    %load/vec4 v0000026413a4eb70_0;
    %pad/u 32;
    %cmpi/u 4, 0, 32;
    %jmp/0xz  T_12.39, 5;
    %pushi/vec4 1, 0, 1;
    %ix/load 5, 0, 0;
    %load/vec4 v0000026413a4eb70_0;
    %parti/s 2, 0, 2;
    %ix/vec4 4;
    %assign/vec4/off/d v00000264139bbbf0_0, 4, 5;
T_12.39 ;
    %pushi/vec4 1, 0, 3;
    %assign/vec4 v0000026413a5f970_0, 0;
    %jmp T_12.36;
T_12.30 ;
    %pushi/vec4 0, 0, 4;
    %load/vec4 v0000026413a4eb70_0;
    %concat/vec4; draw_concat_vec4
    %assign/vec4 v0000026413a9ce50_0, 0;
    %pushi/vec4 1, 0, 3;
    %assign/vec4 v0000026413a5f970_0, 0;
    %jmp T_12.36;
T_12.31 ;
    %load/vec4 v0000026413a4eb70_0;
    %store/vec4 v0000026413a9ca90_0, 0, 4;
    %callf/vec4 TD_test_3_3_i2c_loopback.dut.core0.is_internal_reg, S_000002641391e2a0;
    %flag_set/vec4 8;
    %jmp/0xz  T_12.41, 8;
    %load/vec4 v0000026413a4eb70_0;
    %cmpi/e 0, 0, 4;
    %jmp/0xz  T_12.43, 4;
    %load/vec4 v0000026413a9ce50_0;
    %assign/vec4 v0000026413a9ce50_0, 0;
    %jmp T_12.44;
T_12.43 ;
    %load/vec4 v0000026413a4eb70_0;
    %cmpi/e 1, 0, 4;
    %jmp/0xz  T_12.45, 4;
    %load/vec4 v0000026413a9d0d0_0;
    %assign/vec4 v0000026413a9ce50_0, 0;
    %jmp T_12.46;
T_12.45 ;
    %load/vec4 v0000026413a4eb70_0;
    %cmpi/e 8, 0, 4;
    %jmp/0xz  T_12.47, 4;
    %pushi/vec4 0, 0, 6;
    %load/vec4 v0000026413a4e990_0;
    %concat/vec4; draw_concat_vec4
    %load/vec4 v0000026413a4ecb0_0;
    %concat/vec4; draw_concat_vec4
    %assign/vec4 v0000026413a9ce50_0, 0;
    %jmp T_12.48;
T_12.47 ;
    %load/vec4 v0000026413a4eb70_0;
    %cmpi/e 15, 0, 4;
    %jmp/0xz  T_12.49, 4;
    %pushi/vec4 0, 0, 4;
    %load/vec4 v0000026413a3ca00_0;
    %concat/vec4; draw_concat_vec4
    %assign/vec4 v0000026413a9ce50_0, 0;
    %jmp T_12.50;
T_12.49 ;
    %load/vec4 v0000026413a4eb70_0;
    %pad/u 5;
    %subi 2, 0, 5;
    %ix/vec4 4;
    %load/vec4a v00000264139bb790, 4;
    %assign/vec4 v0000026413a9ce50_0, 0;
T_12.50 ;
T_12.48 ;
T_12.46 ;
T_12.44 ;
    %pushi/vec4 1, 0, 3;
    %assign/vec4 v0000026413a5f970_0, 0;
    %jmp T_12.42;
T_12.41 ;
    %load/vec4 v0000026413a4eb70_0;
    %assign/vec4 v00000264139eb5c0_0, 0;
    %pushi/vec4 1, 0, 1;
    %assign/vec4 v0000026413a3d180_0, 0;
    %pushi/vec4 5, 0, 3;
    %assign/vec4 v0000026413a5f970_0, 0;
T_12.42 ;
    %jmp T_12.36;
T_12.32 ;
    %load/vec4 v0000026413a4eb70_0;
    %store/vec4 v0000026413a9ca90_0, 0, 4;
    %callf/vec4 TD_test_3_3_i2c_loopback.dut.core0.is_internal_reg, S_000002641391e2a0;
    %flag_set/vec4 8;
    %jmp/0xz  T_12.51, 8;
    %load/vec4 v0000026413a4eb70_0;
    %cmpi/e 1, 0, 4;
    %jmp/0xz  T_12.53, 4;
    %load/vec4 v0000026413a9ce50_0;
    %assign/vec4 v0000026413a9d0d0_0, 0;
    %jmp T_12.54;
T_12.53 ;
    %load/vec4 v0000026413a4eb70_0;
    %cmpi/e 15, 0, 4;
    %jmp/0xz  T_12.55, 4;
    %load/vec4 v0000026413a9ce50_0;
    %parti/s 4, 0, 2;
    %assign/vec4 v0000026413a3ca00_0, 0;
    %jmp T_12.56;
T_12.55 ;
    %load/vec4 v0000026413a4eb70_0;
    %cmpi/ne 0, 0, 4;
    %flag_get/vec4 4;
    %jmp/0 T_12.59, 4;
    %load/vec4 v0000026413a4eb70_0;
    %pushi/vec4 8, 0, 4;
    %cmp/ne;
    %flag_get/vec4 4;
    %and;
T_12.59;
    %flag_set/vec4 8;
    %jmp/0xz  T_12.57, 8;
    %load/vec4 v0000026413a9ce50_0;
    %load/vec4 v0000026413a4eb70_0;
    %pad/u 5;
    %subi 2, 0, 5;
    %ix/vec4 3;
    %ix/load 4, 0, 0; Constant delay
    %assign/vec4/a/d v00000264139bb790, 0, 4;
T_12.57 ;
T_12.56 ;
T_12.54 ;
    %pushi/vec4 1, 0, 3;
    %assign/vec4 v0000026413a5f970_0, 0;
    %jmp T_12.52;
T_12.51 ;
    %load/vec4 v0000026413a4eb70_0;
    %assign/vec4 v00000264139eb5c0_0, 0;
    %load/vec4 v0000026413a9ce50_0;
    %assign/vec4 v0000026413a3dfe0_0, 0;
    %pushi/vec4 1, 0, 1;
    %assign/vec4 v0000026413a3d4a0_0, 0;
    %pushi/vec4 5, 0, 3;
    %assign/vec4 v0000026413a5f970_0, 0;
T_12.52 ;
    %jmp T_12.36;
T_12.33 ;
    %load/vec4 v0000026413a4eb70_0;
    %parti/s 3, 0, 2;
    %load/vec4 v0000026413a4f7f0_0;
    %concat/vec4; draw_concat_vec4
    %assign/vec4 v0000026413a3c960_0, 0;
    %pushi/vec4 1, 0, 3;
    %assign/vec4 v0000026413a5f970_0, 0;
    %jmp T_12.36;
T_12.34 ;
    %load/vec4 v0000026413a4ecb0_0;
    %nor/r;
    %flag_set/vec4 8;
    %jmp/0xz  T_12.60, 8;
    %load/vec4 v0000026413a4eb70_0;
    %parti/s 3, 0, 2;
    %load/vec4 v0000026413a4f7f0_0;
    %concat/vec4; draw_concat_vec4
    %assign/vec4 v0000026413a3c960_0, 0;
T_12.60 ;
    %pushi/vec4 1, 0, 3;
    %assign/vec4 v0000026413a5f970_0, 0;
    %jmp T_12.36;
T_12.35 ;
    %load/vec4 v0000026413a4e990_0;
    %flag_set/vec4 8;
    %jmp/0xz  T_12.62, 8;
    %load/vec4 v0000026413a4eb70_0;
    %parti/s 3, 0, 2;
    %load/vec4 v0000026413a4f7f0_0;
    %concat/vec4; draw_concat_vec4
    %assign/vec4 v0000026413a3c960_0, 0;
T_12.62 ;
    %pushi/vec4 1, 0, 3;
    %assign/vec4 v0000026413a5f970_0, 0;
    %jmp T_12.36;
T_12.36 ;
    %pop/vec4 1;
    %jmp T_12.8;
T_12.7 ;
    %load/vec4 v0000026413a3d220_0;
    %nor/r;
    %flag_set/vec4 8;
    %jmp/0xz  T_12.64, 8;
    %load/vec4 v0000026413a3d180_0;
    %flag_set/vec4 8;
    %jmp/0xz  T_12.66, 8;
    %load/vec4 v00000264139eb660_0;
    %assign/vec4 v0000026413a9ce50_0, 0;
T_12.66 ;
    %pushi/vec4 1, 0, 3;
    %assign/vec4 v0000026413a5f970_0, 0;
    %jmp T_12.65;
T_12.64 ;
    %load/vec4 v0000026413a3d180_0;
    %assign/vec4 v0000026413a3d180_0, 0;
    %load/vec4 v0000026413a3d4a0_0;
    %assign/vec4 v0000026413a3d4a0_0, 0;
T_12.65 ;
    %jmp T_12.8;
T_12.8 ;
    %pop/vec4 1;
T_12.1 ;
    %jmp T_12;
    .thread T_12;
    .scope S_0000026413aa1de0;
T_13 ;
    %wait E_0000026413a895d0;
    %load/vec4 v0000026413b15b90_0;
    %nor/r;
    %flag_set/vec4 8;
    %jmp/0xz  T_13.0, 8;
    %pushi/vec4 0, 0, 4;
    %assign/vec4 v0000026413b14510_0, 0;
    %pushi/vec4 0, 0, 4;
    %assign/vec4 v0000026413b13d90_0, 0;
    %pushi/vec4 0, 0, 5;
    %assign/vec4 v0000026413b10250_0, 0;
    %jmp T_13.1;
T_13.0 ;
    %load/vec4 v0000026413b13930_0;
    %flag_set/vec4 8;
    %flag_get/vec4 8;
    %jmp/0 T_13.6, 8;
    %load/vec4 v0000026413b10110_0;
    %nor/r;
    %and;
T_13.6;
    %load/vec4 v0000026413b14a10_0;
    %flag_set/vec4 8;
    %flag_get/vec4 8;
    %jmp/0 T_13.7, 8;
    %load/vec4 v0000026413b10930_0;
    %nor/r;
    %and;
T_13.7;
    %concat/vec4; draw_concat_vec4
    %dup/vec4;
    %pushi/vec4 2, 0, 2;
    %cmp/u;
    %jmp/1 T_13.2, 6;
    %dup/vec4;
    %pushi/vec4 1, 0, 2;
    %cmp/u;
    %jmp/1 T_13.3, 6;
    %dup/vec4;
    %pushi/vec4 3, 0, 2;
    %cmp/u;
    %jmp/1 T_13.4, 6;
    %jmp T_13.5;
T_13.2 ;
    %load/vec4 v0000026413b136b0_0;
    %load/vec4 v0000026413b14510_0;
    %parti/s 3, 0, 2;
    %pad/u 5;
    %ix/vec4 3;
    %ix/load 4, 0, 0; Constant delay
    %assign/vec4/a/d v0000026413b10bb0, 0, 4;
    %load/vec4 v0000026413b14510_0;
    %addi 1, 0, 4;
    %assign/vec4 v0000026413b14510_0, 0;
    %load/vec4 v0000026413b10250_0;
    %addi 1, 0, 5;
    %assign/vec4 v0000026413b10250_0, 0;
    %jmp T_13.5;
T_13.3 ;
    %load/vec4 v0000026413b13d90_0;
    %addi 1, 0, 4;
    %assign/vec4 v0000026413b13d90_0, 0;
    %load/vec4 v0000026413b10250_0;
    %subi 1, 0, 5;
    %assign/vec4 v0000026413b10250_0, 0;
    %jmp T_13.5;
T_13.4 ;
    %load/vec4 v0000026413b136b0_0;
    %load/vec4 v0000026413b14510_0;
    %parti/s 3, 0, 2;
    %pad/u 5;
    %ix/vec4 3;
    %ix/load 4, 0, 0; Constant delay
    %assign/vec4/a/d v0000026413b10bb0, 0, 4;
    %load/vec4 v0000026413b14510_0;
    %addi 1, 0, 4;
    %assign/vec4 v0000026413b14510_0, 0;
    %load/vec4 v0000026413b13d90_0;
    %addi 1, 0, 4;
    %assign/vec4 v0000026413b13d90_0, 0;
    %jmp T_13.5;
T_13.5 ;
    %pop/vec4 1;
T_13.1 ;
    %jmp T_13;
    .thread T_13;
    .scope S_0000026413b185b0;
T_14 ;
    %wait E_0000026413a895d0;
    %load/vec4 v0000026413b1c580_0;
    %nor/r;
    %flag_set/vec4 8;
    %jmp/0xz  T_14.0, 8;
    %pushi/vec4 0, 0, 4;
    %assign/vec4 v0000026413b1cb20_0, 0;
    %pushi/vec4 0, 0, 4;
    %assign/vec4 v0000026413b1c4e0_0, 0;
    %pushi/vec4 0, 0, 5;
    %assign/vec4 v0000026413b1bc20_0, 0;
    %jmp T_14.1;
T_14.0 ;
    %load/vec4 v0000026413b1b860_0;
    %flag_set/vec4 8;
    %flag_get/vec4 8;
    %jmp/0 T_14.6, 8;
    %load/vec4 v0000026413b1b7c0_0;
    %nor/r;
    %and;
T_14.6;
    %load/vec4 v0000026413b1c9e0_0;
    %flag_set/vec4 8;
    %flag_get/vec4 8;
    %jmp/0 T_14.7, 8;
    %load/vec4 v0000026413b1bd60_0;
    %nor/r;
    %and;
T_14.7;
    %concat/vec4; draw_concat_vec4
    %dup/vec4;
    %pushi/vec4 2, 0, 2;
    %cmp/u;
    %jmp/1 T_14.2, 6;
    %dup/vec4;
    %pushi/vec4 1, 0, 2;
    %cmp/u;
    %jmp/1 T_14.3, 6;
    %dup/vec4;
    %pushi/vec4 3, 0, 2;
    %cmp/u;
    %jmp/1 T_14.4, 6;
    %jmp T_14.5;
T_14.2 ;
    %load/vec4 v0000026413b1ca80_0;
    %load/vec4 v0000026413b1cb20_0;
    %parti/s 3, 0, 2;
    %pad/u 5;
    %ix/vec4 3;
    %ix/load 4, 0, 0; Constant delay
    %assign/vec4/a/d v0000026413b1c440, 0, 4;
    %load/vec4 v0000026413b1cb20_0;
    %addi 1, 0, 4;
    %assign/vec4 v0000026413b1cb20_0, 0;
    %load/vec4 v0000026413b1bc20_0;
    %addi 1, 0, 5;
    %assign/vec4 v0000026413b1bc20_0, 0;
    %jmp T_14.5;
T_14.3 ;
    %load/vec4 v0000026413b1c4e0_0;
    %addi 1, 0, 4;
    %assign/vec4 v0000026413b1c4e0_0, 0;
    %load/vec4 v0000026413b1bc20_0;
    %subi 1, 0, 5;
    %assign/vec4 v0000026413b1bc20_0, 0;
    %jmp T_14.5;
T_14.4 ;
    %load/vec4 v0000026413b1ca80_0;
    %load/vec4 v0000026413b1cb20_0;
    %parti/s 3, 0, 2;
    %pad/u 5;
    %ix/vec4 3;
    %ix/load 4, 0, 0; Constant delay
    %assign/vec4/a/d v0000026413b1c440, 0, 4;
    %load/vec4 v0000026413b1cb20_0;
    %addi 1, 0, 4;
    %assign/vec4 v0000026413b1cb20_0, 0;
    %load/vec4 v0000026413b1c4e0_0;
    %addi 1, 0, 4;
    %assign/vec4 v0000026413b1c4e0_0, 0;
    %jmp T_14.5;
T_14.5 ;
    %pop/vec4 1;
T_14.1 ;
    %jmp T_14;
    .thread T_14;
    .scope S_0000026413b17de0;
T_15 ;
    %wait E_0000026413a895d0;
    %load/vec4 v0000026413b1a640_0;
    %nor/r;
    %flag_set/vec4 8;
    %jmp/0xz  T_15.0, 8;
    %pushi/vec4 0, 0, 16;
    %assign/vec4 v0000026413b196a0_0, 0;
    %pushi/vec4 0, 0, 1;
    %assign/vec4 v0000026413b19d80_0, 0;
    %jmp T_15.1;
T_15.0 ;
    %load/vec4 v0000026413b19920_0;
    %flag_set/vec4 8;
    %jmp/0xz  T_15.2, 8;
    %load/vec4 v0000026413b1abe0_0;
    %ix/load 4, 8, 0;
    %ix/load 5, 0, 0;
    %flag_set/imm 4, 0;
    %assign/vec4/off/d v0000026413b196a0_0, 4, 5;
    %pushi/vec4 1, 0, 1;
    %assign/vec4 v0000026413b19d80_0, 0;
    %jmp T_15.3;
T_15.2 ;
    %load/vec4 v0000026413b1ac80_0;
    %flag_set/vec4 8;
    %jmp/0xz  T_15.4, 8;
    %load/vec4 v0000026413b1abe0_0;
    %ix/load 4, 0, 0;
    %ix/load 5, 0, 0;
    %flag_set/imm 4, 0;
    %assign/vec4/off/d v0000026413b196a0_0, 4, 5;
    %pushi/vec4 0, 0, 8;
    %ix/load 4, 8, 0;
    %ix/load 5, 0, 0;
    %flag_set/imm 4, 0;
    %assign/vec4/off/d v0000026413b196a0_0, 4, 5;
    %pushi/vec4 1, 0, 1;
    %assign/vec4 v0000026413b19d80_0, 0;
    %jmp T_15.5;
T_15.4 ;
    %load/vec4 v0000026413b19d80_0;
    %flag_set/vec4 9;
    %flag_get/vec4 9;
    %jmp/0 T_15.8, 9;
    %pushi/vec4 0, 0, 32;
    %load/vec4 v0000026413b196a0_0;
    %pad/u 32;
    %cmp/u;
    %flag_get/vec4 5;
    %and;
T_15.8;
    %flag_set/vec4 8;
    %jmp/0xz  T_15.6, 8;
    %load/vec4 v0000026413b196a0_0;
    %subi 1, 0, 16;
    %assign/vec4 v0000026413b196a0_0, 0;
    %jmp T_15.7;
T_15.6 ;
    %load/vec4 v0000026413b196a0_0;
    %pad/u 32;
    %cmpi/e 0, 0, 32;
    %jmp/0xz  T_15.9, 4;
    %pushi/vec4 0, 0, 1;
    %assign/vec4 v0000026413b19d80_0, 0;
T_15.9 ;
T_15.7 ;
T_15.5 ;
T_15.3 ;
T_15.1 ;
    %jmp T_15;
    .thread T_15;
    .scope S_0000026413964320;
T_16 ;
    %wait E_0000026413a895d0;
    %load/vec4 v0000026413b03290_0;
    %nor/r;
    %flag_set/vec4 8;
    %jmp/0xz  T_16.0, 8;
    %pushi/vec4 0, 0, 3;
    %assign/vec4 v0000026413b015d0_0, 0;
    %pushi/vec4 0, 0, 7;
    %assign/vec4 v0000026413b027f0_0, 0;
    %pushi/vec4 0, 0, 7;
    %assign/vec4 v0000026413b02890_0, 0;
    %pushi/vec4 0, 0, 1;
    %assign/vec4 v0000026413b01270_0, 0;
    %pushi/vec4 0, 0, 8;
    %assign/vec4 v0000026413b00050_0, 0;
    %pushi/vec4 0, 0, 8;
    %assign/vec4 v0000026413aff5b0_0, 0;
    %pushi/vec4 0, 0, 1;
    %assign/vec4 v0000026413b009b0_0, 0;
    %pushi/vec4 0, 0, 1;
    %assign/vec4 v0000026413b011d0_0, 0;
    %pushi/vec4 0, 0, 1;
    %assign/vec4 v0000026413b031f0_0, 0;
    %pushi/vec4 0, 0, 1;
    %assign/vec4 v0000026413b02b10_0, 0;
    %pushi/vec4 0, 0, 4;
    %assign/vec4 v0000026413b029d0_0, 0;
    %pushi/vec4 0, 0, 4;
    %assign/vec4 v0000026413b036f0_0, 0;
    %jmp T_16.1;
T_16.0 ;
    %pushi/vec4 0, 0, 1;
    %assign/vec4 v0000026413b031f0_0, 0;
    %pushi/vec4 0, 0, 1;
    %assign/vec4 v0000026413b02b10_0, 0;
    %load/vec4 v0000026413b015d0_0;
    %dup/vec4;
    %pushi/vec4 0, 0, 3;
    %cmp/u;
    %jmp/1 T_16.2, 6;
    %dup/vec4;
    %pushi/vec4 1, 0, 3;
    %cmp/u;
    %jmp/1 T_16.3, 6;
    %dup/vec4;
    %pushi/vec4 2, 0, 3;
    %cmp/u;
    %jmp/1 T_16.4, 6;
    %dup/vec4;
    %pushi/vec4 3, 0, 3;
    %cmp/u;
    %jmp/1 T_16.5, 6;
    %dup/vec4;
    %pushi/vec4 4, 0, 3;
    %cmp/u;
    %jmp/1 T_16.6, 6;
    %dup/vec4;
    %pushi/vec4 5, 0, 3;
    %cmp/u;
    %jmp/1 T_16.7, 6;
    %jmp T_16.8;
T_16.2 ;
    %load/vec4 v0000026413b01fd0_0;
    %flag_set/vec4 8;
    %jmp/0xz  T_16.9, 8;
    %pushi/vec4 1, 0, 3;
    %assign/vec4 v0000026413b015d0_0, 0;
T_16.9 ;
    %jmp T_16.8;
T_16.3 ;
    %load/vec4 v0000026413b01fd0_0;
    %nor/r;
    %flag_set/vec4 8;
    %jmp/0xz  T_16.11, 8;
    %pushi/vec4 0, 0, 3;
    %assign/vec4 v0000026413b015d0_0, 0;
    %jmp T_16.12;
T_16.11 ;
    %load/vec4 v0000026413b00550_0;
    %flag_set/vec4 9;
    %flag_get/vec4 9;
    %jmp/0 T_16.15, 9;
    %load/vec4 v0000026413b01270_0;
    %nor/r;
    %and;
T_16.15;
    %flag_set/vec4 8;
    %jmp/0xz  T_16.13, 8;
    %load/vec4 v0000026413b027f0_0;
    %assign/vec4 v0000026413b02890_0, 0;
    %pushi/vec4 0, 0, 7;
    %assign/vec4 v0000026413b027f0_0, 0;
    %pushi/vec4 1, 0, 1;
    %assign/vec4 v0000026413b01270_0, 0;
    %jmp T_16.14;
T_16.13 ;
    %load/vec4 v0000026413b03bf0_0;
    %assign/vec4 v0000026413b000f0_0, 0;
    %load/vec4 v0000026413b027f0_0;
    %addi 1, 0, 7;
    %assign/vec4 v0000026413b027f0_0, 0;
    %load/vec4 v0000026413b03bf0_0;
    %parti/s 1, 3, 3;
    %cmpi/e 0, 0, 1;
    %jmp/0xz  T_16.16, 4;
    %pushi/vec4 4, 0, 3;
    %assign/vec4 v0000026413b015d0_0, 0;
    %jmp T_16.17;
T_16.16 ;
    %pushi/vec4 2, 0, 3;
    %assign/vec4 v0000026413b015d0_0, 0;
T_16.17 ;
T_16.14 ;
T_16.12 ;
    %jmp T_16.8;
T_16.4 ;
    %load/vec4 v0000026413b03bf0_0;
    %assign/vec4 v0000026413b01090_0, 0;
    %load/vec4 v0000026413b027f0_0;
    %addi 1, 0, 7;
    %assign/vec4 v0000026413b027f0_0, 0;
    %load/vec4 v0000026413b000f0_0;
    %cmpi/u 13, 0, 4;
    %flag_inv 5; GE is !LT
    %jmp/0xz  T_16.18, 5;
    %pushi/vec4 3, 0, 3;
    %assign/vec4 v0000026413b015d0_0, 0;
    %jmp T_16.19;
T_16.18 ;
    %pushi/vec4 4, 0, 3;
    %assign/vec4 v0000026413b015d0_0, 0;
T_16.19 ;
    %jmp T_16.8;
T_16.5 ;
    %load/vec4 v0000026413b03bf0_0;
    %assign/vec4 v0000026413b004b0_0, 0;
    %load/vec4 v0000026413b027f0_0;
    %addi 1, 0, 7;
    %assign/vec4 v0000026413b027f0_0, 0;
    %pushi/vec4 4, 0, 3;
    %assign/vec4 v0000026413b015d0_0, 0;
    %jmp T_16.8;
T_16.6 ;
    %load/vec4 v0000026413b000f0_0;
    %dup/vec4;
    %pushi/vec4 0, 0, 4;
    %cmp/u;
    %jmp/1 T_16.20, 6;
    %dup/vec4;
    %pushi/vec4 1, 0, 4;
    %cmp/u;
    %jmp/1 T_16.21, 6;
    %dup/vec4;
    %pushi/vec4 2, 0, 4;
    %cmp/u;
    %jmp/1 T_16.22, 6;
    %dup/vec4;
    %pushi/vec4 3, 0, 4;
    %cmp/u;
    %jmp/1 T_16.23, 6;
    %dup/vec4;
    %pushi/vec4 4, 0, 4;
    %cmp/u;
    %jmp/1 T_16.24, 6;
    %dup/vec4;
    %pushi/vec4 5, 0, 4;
    %cmp/u;
    %jmp/1 T_16.25, 6;
    %dup/vec4;
    %pushi/vec4 6, 0, 4;
    %cmp/u;
    %jmp/1 T_16.26, 6;
    %dup/vec4;
    %pushi/vec4 7, 0, 4;
    %cmp/u;
    %jmp/1 T_16.27, 6;
    %dup/vec4;
    %pushi/vec4 8, 0, 4;
    %cmp/u;
    %jmp/1 T_16.28, 6;
    %dup/vec4;
    %pushi/vec4 9, 0, 4;
    %cmp/u;
    %jmp/1 T_16.29, 6;
    %dup/vec4;
    %pushi/vec4 10, 0, 4;
    %cmp/u;
    %jmp/1 T_16.30, 6;
    %dup/vec4;
    %pushi/vec4 11, 0, 4;
    %cmp/u;
    %jmp/1 T_16.31, 6;
    %dup/vec4;
    %pushi/vec4 12, 0, 4;
    %cmp/u;
    %jmp/1 T_16.32, 6;
    %dup/vec4;
    %pushi/vec4 13, 0, 4;
    %cmp/u;
    %jmp/1 T_16.33, 6;
    %dup/vec4;
    %pushi/vec4 14, 0, 4;
    %cmp/u;
    %jmp/1 T_16.34, 6;
    %dup/vec4;
    %pushi/vec4 15, 0, 4;
    %cmp/u;
    %jmp/1 T_16.35, 6;
    %jmp T_16.36;
T_16.20 ;
    %load/vec4 v0000026413b00f50_0;
    %parti/s 8, 0, 2;
    %assign/vec4 v0000026413b00050_0, 0;
    %load/vec4 v0000026413b00f50_0;
    %parti/s 1, 8, 5;
    %assign/vec4 v0000026413b011d0_0, 0;
    %load/vec4 v0000026413b00f50_0;
    %parti/s 8, 0, 2;
    %pad/u 32;
    %pushi/vec4 0, 0, 32;
    %cmp/e;
    %flag_get/vec4 4;
    %assign/vec4 v0000026413b009b0_0, 0;
    %pushi/vec4 1, 0, 3;
    %assign/vec4 v0000026413b015d0_0, 0;
    %jmp T_16.36;
T_16.21 ;
    %load/vec4 v0000026413b01a30_0;
    %parti/s 8, 0, 2;
    %assign/vec4 v0000026413b00050_0, 0;
    %load/vec4 v0000026413b01a30_0;
    %parti/s 1, 8, 5;
    %assign/vec4 v0000026413b011d0_0, 0;
    %load/vec4 v0000026413b01a30_0;
    %parti/s 8, 0, 2;
    %pad/u 32;
    %pushi/vec4 0, 0, 32;
    %cmp/e;
    %flag_get/vec4 4;
    %assign/vec4 v0000026413b009b0_0, 0;
    %pushi/vec4 1, 0, 3;
    %assign/vec4 v0000026413b015d0_0, 0;
    %jmp T_16.36;
T_16.22 ;
    %load/vec4 v0000026413b00050_0;
    %load/vec4 v0000026413aff5b0_0;
    %and;
    %assign/vec4 v0000026413b00050_0, 0;
    %load/vec4 v0000026413b00050_0;
    %pad/u 32;
    %load/vec4 v0000026413aff5b0_0;
    %pad/u 32;
    %and;
    %pushi/vec4 0, 0, 32;
    %cmp/e;
    %flag_get/vec4 4;
    %assign/vec4 v0000026413b009b0_0, 0;
    %pushi/vec4 1, 0, 3;
    %assign/vec4 v0000026413b015d0_0, 0;
    %jmp T_16.36;
T_16.23 ;
    %load/vec4 v0000026413b00050_0;
    %load/vec4 v0000026413aff5b0_0;
    %xor;
    %assign/vec4 v0000026413b00050_0, 0;
    %load/vec4 v0000026413b00050_0;
    %pad/u 32;
    %load/vec4 v0000026413aff5b0_0;
    %pad/u 32;
    %xor;
    %pushi/vec4 0, 0, 32;
    %cmp/e;
    %flag_get/vec4 4;
    %assign/vec4 v0000026413b009b0_0, 0;
    %pushi/vec4 1, 0, 3;
    %assign/vec4 v0000026413b015d0_0, 0;
    %jmp T_16.36;
T_16.24 ;
    %pushi/vec4 0, 0, 1;
    %load/vec4 v0000026413b00050_0;
    %parti/s 7, 1, 2;
    %concat/vec4; draw_concat_vec4
    %assign/vec4 v0000026413b00050_0, 0;
    %load/vec4 v0000026413b00050_0;
    %parti/s 1, 0, 2;
    %assign/vec4 v0000026413b011d0_0, 0;
    %load/vec4 v0000026413b00050_0;
    %parti/s 7, 1, 2;
    %pad/u 32;
    %pushi/vec4 0, 0, 32;
    %cmp/e;
    %flag_get/vec4 4;
    %assign/vec4 v0000026413b009b0_0, 0;
    %pushi/vec4 1, 0, 3;
    %assign/vec4 v0000026413b015d0_0, 0;
    %jmp T_16.36;
T_16.25 ;
    %load/vec4 v0000026413b00050_0;
    %parti/s 7, 0, 2;
    %concati/vec4 0, 0, 1;
    %assign/vec4 v0000026413b00050_0, 0;
    %load/vec4 v0000026413b00050_0;
    %parti/s 1, 7, 4;
    %assign/vec4 v0000026413b011d0_0, 0;
    %load/vec4 v0000026413b00050_0;
    %parti/s 7, 0, 2;
    %pad/u 32;
    %pushi/vec4 0, 0, 32;
    %cmp/e;
    %flag_get/vec4 4;
    %assign/vec4 v0000026413b009b0_0, 0;
    %pushi/vec4 1, 0, 3;
    %assign/vec4 v0000026413b015d0_0, 0;
    %jmp T_16.36;
T_16.26 ;
    %pushi/vec4 1, 0, 3;
    %assign/vec4 v0000026413b015d0_0, 0;
    %jmp T_16.36;
T_16.27 ;
    %load/vec4 v0000026413b02890_0;
    %assign/vec4 v0000026413b027f0_0, 0;
    %pushi/vec4 0, 0, 1;
    %assign/vec4 v0000026413b01270_0, 0;
    %pushi/vec4 1, 0, 3;
    %assign/vec4 v0000026413b015d0_0, 0;
    %jmp T_16.36;
T_16.28 ;
    %load/vec4 v0000026413b01090_0;
    %pad/u 32;
    %cmpi/u 4, 0, 32;
    %jmp/0xz  T_16.37, 5;
    %pushi/vec4 0, 0, 1;
    %ix/load 5, 0, 0;
    %load/vec4 v0000026413b01090_0;
    %parti/s 2, 0, 2;
    %ix/vec4 4;
    %assign/vec4/off/d v0000026413b029d0_0, 4, 5;
T_16.37 ;
    %pushi/vec4 1, 0, 3;
    %assign/vec4 v0000026413b015d0_0, 0;
    %jmp T_16.36;
T_16.29 ;
    %load/vec4 v0000026413b01090_0;
    %pad/u 32;
    %cmpi/u 4, 0, 32;
    %jmp/0xz  T_16.39, 5;
    %pushi/vec4 1, 0, 1;
    %ix/load 5, 0, 0;
    %load/vec4 v0000026413b01090_0;
    %parti/s 2, 0, 2;
    %ix/vec4 4;
    %assign/vec4/off/d v0000026413b029d0_0, 4, 5;
T_16.39 ;
    %pushi/vec4 1, 0, 3;
    %assign/vec4 v0000026413b015d0_0, 0;
    %jmp T_16.36;
T_16.30 ;
    %pushi/vec4 0, 0, 4;
    %load/vec4 v0000026413b01090_0;
    %concat/vec4; draw_concat_vec4
    %assign/vec4 v0000026413b00050_0, 0;
    %pushi/vec4 1, 0, 3;
    %assign/vec4 v0000026413b015d0_0, 0;
    %jmp T_16.36;
T_16.31 ;
    %load/vec4 v0000026413b01090_0;
    %store/vec4 v0000026413b00af0_0, 0, 4;
    %callf/vec4 TD_test_3_3_i2c_loopback.dut.core1.is_internal_reg, S_00000264138f9440;
    %flag_set/vec4 8;
    %jmp/0xz  T_16.41, 8;
    %load/vec4 v0000026413b01090_0;
    %cmpi/e 0, 0, 4;
    %jmp/0xz  T_16.43, 4;
    %load/vec4 v0000026413b00050_0;
    %assign/vec4 v0000026413b00050_0, 0;
    %jmp T_16.44;
T_16.43 ;
    %load/vec4 v0000026413b01090_0;
    %cmpi/e 1, 0, 4;
    %jmp/0xz  T_16.45, 4;
    %load/vec4 v0000026413aff5b0_0;
    %assign/vec4 v0000026413b00050_0, 0;
    %jmp T_16.46;
T_16.45 ;
    %load/vec4 v0000026413b01090_0;
    %cmpi/e 8, 0, 4;
    %jmp/0xz  T_16.47, 4;
    %pushi/vec4 0, 0, 6;
    %load/vec4 v0000026413b011d0_0;
    %concat/vec4; draw_concat_vec4
    %load/vec4 v0000026413b009b0_0;
    %concat/vec4; draw_concat_vec4
    %assign/vec4 v0000026413b00050_0, 0;
    %jmp T_16.48;
T_16.47 ;
    %load/vec4 v0000026413b01090_0;
    %cmpi/e 15, 0, 4;
    %jmp/0xz  T_16.49, 4;
    %pushi/vec4 0, 0, 4;
    %load/vec4 v0000026413b036f0_0;
    %concat/vec4; draw_concat_vec4
    %assign/vec4 v0000026413b00050_0, 0;
    %jmp T_16.50;
T_16.49 ;
    %load/vec4 v0000026413b01090_0;
    %pad/u 5;
    %subi 2, 0, 5;
    %ix/vec4 4;
    %load/vec4a v0000026413b03b50, 4;
    %assign/vec4 v0000026413b00050_0, 0;
T_16.50 ;
T_16.48 ;
T_16.46 ;
T_16.44 ;
    %pushi/vec4 1, 0, 3;
    %assign/vec4 v0000026413b015d0_0, 0;
    %jmp T_16.42;
T_16.41 ;
    %load/vec4 v0000026413b01090_0;
    %assign/vec4 v0000026413b01670_0, 0;
    %pushi/vec4 1, 0, 1;
    %assign/vec4 v0000026413b02b10_0, 0;
    %pushi/vec4 5, 0, 3;
    %assign/vec4 v0000026413b015d0_0, 0;
T_16.42 ;
    %jmp T_16.36;
T_16.32 ;
    %load/vec4 v0000026413b01090_0;
    %store/vec4 v0000026413b00af0_0, 0, 4;
    %callf/vec4 TD_test_3_3_i2c_loopback.dut.core1.is_internal_reg, S_00000264138f9440;
    %flag_set/vec4 8;
    %jmp/0xz  T_16.51, 8;
    %load/vec4 v0000026413b01090_0;
    %cmpi/e 1, 0, 4;
    %jmp/0xz  T_16.53, 4;
    %load/vec4 v0000026413b00050_0;
    %assign/vec4 v0000026413aff5b0_0, 0;
    %jmp T_16.54;
T_16.53 ;
    %load/vec4 v0000026413b01090_0;
    %cmpi/e 15, 0, 4;
    %jmp/0xz  T_16.55, 4;
    %load/vec4 v0000026413b00050_0;
    %parti/s 4, 0, 2;
    %assign/vec4 v0000026413b036f0_0, 0;
    %jmp T_16.56;
T_16.55 ;
    %load/vec4 v0000026413b01090_0;
    %cmpi/ne 0, 0, 4;
    %flag_get/vec4 4;
    %jmp/0 T_16.59, 4;
    %load/vec4 v0000026413b01090_0;
    %pushi/vec4 8, 0, 4;
    %cmp/ne;
    %flag_get/vec4 4;
    %and;
T_16.59;
    %flag_set/vec4 8;
    %jmp/0xz  T_16.57, 8;
    %load/vec4 v0000026413b00050_0;
    %load/vec4 v0000026413b01090_0;
    %pad/u 5;
    %subi 2, 0, 5;
    %ix/vec4 3;
    %ix/load 4, 0, 0; Constant delay
    %assign/vec4/a/d v0000026413b03b50, 0, 4;
T_16.57 ;
T_16.56 ;
T_16.54 ;
    %pushi/vec4 1, 0, 3;
    %assign/vec4 v0000026413b015d0_0, 0;
    %jmp T_16.52;
T_16.51 ;
    %load/vec4 v0000026413b01090_0;
    %assign/vec4 v0000026413b01670_0, 0;
    %load/vec4 v0000026413b00050_0;
    %assign/vec4 v0000026413b01990_0, 0;
    %pushi/vec4 1, 0, 1;
    %assign/vec4 v0000026413b031f0_0, 0;
    %pushi/vec4 5, 0, 3;
    %assign/vec4 v0000026413b015d0_0, 0;
T_16.52 ;
    %jmp T_16.36;
T_16.33 ;
    %load/vec4 v0000026413b01090_0;
    %parti/s 3, 0, 2;
    %load/vec4 v0000026413b004b0_0;
    %concat/vec4; draw_concat_vec4
    %assign/vec4 v0000026413b027f0_0, 0;
    %pushi/vec4 1, 0, 3;
    %assign/vec4 v0000026413b015d0_0, 0;
    %jmp T_16.36;
T_16.34 ;
    %load/vec4 v0000026413b009b0_0;
    %nor/r;
    %flag_set/vec4 8;
    %jmp/0xz  T_16.60, 8;
    %load/vec4 v0000026413b01090_0;
    %parti/s 3, 0, 2;
    %load/vec4 v0000026413b004b0_0;
    %concat/vec4; draw_concat_vec4
    %assign/vec4 v0000026413b027f0_0, 0;
T_16.60 ;
    %pushi/vec4 1, 0, 3;
    %assign/vec4 v0000026413b015d0_0, 0;
    %jmp T_16.36;
T_16.35 ;
    %load/vec4 v0000026413b011d0_0;
    %flag_set/vec4 8;
    %jmp/0xz  T_16.62, 8;
    %load/vec4 v0000026413b01090_0;
    %parti/s 3, 0, 2;
    %load/vec4 v0000026413b004b0_0;
    %concat/vec4; draw_concat_vec4
    %assign/vec4 v0000026413b027f0_0, 0;
T_16.62 ;
    %pushi/vec4 1, 0, 3;
    %assign/vec4 v0000026413b015d0_0, 0;
    %jmp T_16.36;
T_16.36 ;
    %pop/vec4 1;
    %jmp T_16.8;
T_16.7 ;
    %load/vec4 v0000026413b01ad0_0;
    %nor/r;
    %flag_set/vec4 8;
    %jmp/0xz  T_16.64, 8;
    %load/vec4 v0000026413b02b10_0;
    %flag_set/vec4 8;
    %jmp/0xz  T_16.66, 8;
    %load/vec4 v0000026413b03970_0;
    %assign/vec4 v0000026413b00050_0, 0;
T_16.66 ;
    %pushi/vec4 1, 0, 3;
    %assign/vec4 v0000026413b015d0_0, 0;
    %jmp T_16.65;
T_16.64 ;
    %load/vec4 v0000026413b02b10_0;
    %assign/vec4 v0000026413b02b10_0, 0;
    %load/vec4 v0000026413b031f0_0;
    %assign/vec4 v0000026413b031f0_0, 0;
T_16.65 ;
    %jmp T_16.8;
T_16.8 ;
    %pop/vec4 1;
T_16.1 ;
    %jmp T_16;
    .thread T_16;
    .scope S_0000026413b175c0;
T_17 ;
    %wait E_0000026413a895d0;
    %load/vec4 v0000026413b15a50_0;
    %nor/r;
    %flag_set/vec4 8;
    %jmp/0xz  T_17.0, 8;
    %pushi/vec4 0, 0, 4;
    %assign/vec4 v0000026413b140b0_0, 0;
    %pushi/vec4 0, 0, 4;
    %assign/vec4 v0000026413b15230_0, 0;
    %pushi/vec4 0, 0, 5;
    %assign/vec4 v0000026413b15730_0, 0;
    %jmp T_17.1;
T_17.0 ;
    %load/vec4 v0000026413b13cf0_0;
    %flag_set/vec4 8;
    %flag_get/vec4 8;
    %jmp/0 T_17.6, 8;
    %load/vec4 v0000026413b14650_0;
    %nor/r;
    %and;
T_17.6;
    %load/vec4 v0000026413b139d0_0;
    %flag_set/vec4 8;
    %flag_get/vec4 8;
    %jmp/0 T_17.7, 8;
    %load/vec4 v0000026413b13b10_0;
    %nor/r;
    %and;
T_17.7;
    %concat/vec4; draw_concat_vec4
    %dup/vec4;
    %pushi/vec4 2, 0, 2;
    %cmp/u;
    %jmp/1 T_17.2, 6;
    %dup/vec4;
    %pushi/vec4 1, 0, 2;
    %cmp/u;
    %jmp/1 T_17.3, 6;
    %dup/vec4;
    %pushi/vec4 3, 0, 2;
    %cmp/u;
    %jmp/1 T_17.4, 6;
    %jmp T_17.5;
T_17.2 ;
    %load/vec4 v0000026413b14b50_0;
    %load/vec4 v0000026413b140b0_0;
    %parti/s 3, 0, 2;
    %pad/u 5;
    %ix/vec4 3;
    %ix/load 4, 0, 0; Constant delay
    %assign/vec4/a/d v0000026413b150f0, 0, 4;
    %load/vec4 v0000026413b140b0_0;
    %addi 1, 0, 4;
    %assign/vec4 v0000026413b140b0_0, 0;
    %load/vec4 v0000026413b15730_0;
    %addi 1, 0, 5;
    %assign/vec4 v0000026413b15730_0, 0;
    %jmp T_17.5;
T_17.3 ;
    %load/vec4 v0000026413b15230_0;
    %addi 1, 0, 4;
    %assign/vec4 v0000026413b15230_0, 0;
    %load/vec4 v0000026413b15730_0;
    %subi 1, 0, 5;
    %assign/vec4 v0000026413b15730_0, 0;
    %jmp T_17.5;
T_17.4 ;
    %load/vec4 v0000026413b14b50_0;
    %load/vec4 v0000026413b140b0_0;
    %parti/s 3, 0, 2;
    %pad/u 5;
    %ix/vec4 3;
    %ix/load 4, 0, 0; Constant delay
    %assign/vec4/a/d v0000026413b150f0, 0, 4;
    %load/vec4 v0000026413b140b0_0;
    %addi 1, 0, 4;
    %assign/vec4 v0000026413b140b0_0, 0;
    %load/vec4 v0000026413b15230_0;
    %addi 1, 0, 4;
    %assign/vec4 v0000026413b15230_0, 0;
    %jmp T_17.5;
T_17.5 ;
    %pop/vec4 1;
T_17.1 ;
    %jmp T_17;
    .thread T_17;
    .scope S_0000026413b18100;
T_18 ;
    %wait E_0000026413a895d0;
    %load/vec4 v0000026413b1e0d0_0;
    %nor/r;
    %flag_set/vec4 8;
    %jmp/0xz  T_18.0, 8;
    %pushi/vec4 0, 0, 4;
    %assign/vec4 v0000026413b1dbd0_0, 0;
    %pushi/vec4 0, 0, 4;
    %assign/vec4 v0000026413b1edf0_0, 0;
    %pushi/vec4 0, 0, 5;
    %assign/vec4 v0000026413b1ef30_0, 0;
    %jmp T_18.1;
T_18.0 ;
    %load/vec4 v0000026413b1efd0_0;
    %flag_set/vec4 8;
    %flag_get/vec4 8;
    %jmp/0 T_18.6, 8;
    %load/vec4 v0000026413b1e8f0_0;
    %nor/r;
    %and;
T_18.6;
    %load/vec4 v0000026413b1e170_0;
    %flag_set/vec4 8;
    %flag_get/vec4 8;
    %jmp/0 T_18.7, 8;
    %load/vec4 v0000026413b1ed50_0;
    %nor/r;
    %and;
T_18.7;
    %concat/vec4; draw_concat_vec4
    %dup/vec4;
    %pushi/vec4 2, 0, 2;
    %cmp/u;
    %jmp/1 T_18.2, 6;
    %dup/vec4;
    %pushi/vec4 1, 0, 2;
    %cmp/u;
    %jmp/1 T_18.3, 6;
    %dup/vec4;
    %pushi/vec4 3, 0, 2;
    %cmp/u;
    %jmp/1 T_18.4, 6;
    %jmp T_18.5;
T_18.2 ;
    %load/vec4 v0000026413b1e210_0;
    %load/vec4 v0000026413b1dbd0_0;
    %parti/s 3, 0, 2;
    %pad/u 5;
    %ix/vec4 3;
    %ix/load 4, 0, 0; Constant delay
    %assign/vec4/a/d v0000026413b1dc70, 0, 4;
    %load/vec4 v0000026413b1dbd0_0;
    %addi 1, 0, 4;
    %assign/vec4 v0000026413b1dbd0_0, 0;
    %load/vec4 v0000026413b1ef30_0;
    %addi 1, 0, 5;
    %assign/vec4 v0000026413b1ef30_0, 0;
    %jmp T_18.5;
T_18.3 ;
    %load/vec4 v0000026413b1edf0_0;
    %addi 1, 0, 4;
    %assign/vec4 v0000026413b1edf0_0, 0;
    %load/vec4 v0000026413b1ef30_0;
    %subi 1, 0, 5;
    %assign/vec4 v0000026413b1ef30_0, 0;
    %jmp T_18.5;
T_18.4 ;
    %load/vec4 v0000026413b1e210_0;
    %load/vec4 v0000026413b1dbd0_0;
    %parti/s 3, 0, 2;
    %pad/u 5;
    %ix/vec4 3;
    %ix/load 4, 0, 0; Constant delay
    %assign/vec4/a/d v0000026413b1dc70, 0, 4;
    %load/vec4 v0000026413b1dbd0_0;
    %addi 1, 0, 4;
    %assign/vec4 v0000026413b1dbd0_0, 0;
    %load/vec4 v0000026413b1edf0_0;
    %addi 1, 0, 4;
    %assign/vec4 v0000026413b1edf0_0, 0;
    %jmp T_18.5;
T_18.5 ;
    %pop/vec4 1;
T_18.1 ;
    %jmp T_18;
    .thread T_18;
    .scope S_0000026413b17ac0;
T_19 ;
    %wait E_0000026413a895d0;
    %load/vec4 v0000026413b199c0_0;
    %nor/r;
    %flag_set/vec4 8;
    %jmp/0xz  T_19.0, 8;
    %pushi/vec4 0, 0, 16;
    %assign/vec4 v0000026413b19880_0, 0;
    %pushi/vec4 0, 0, 1;
    %assign/vec4 v0000026413b19e20_0, 0;
    %jmp T_19.1;
T_19.0 ;
    %load/vec4 v0000026413b18fc0_0;
    %flag_set/vec4 8;
    %jmp/0xz  T_19.2, 8;
    %load/vec4 v0000026413b19560_0;
    %ix/load 4, 8, 0;
    %ix/load 5, 0, 0;
    %flag_set/imm 4, 0;
    %assign/vec4/off/d v0000026413b19880_0, 4, 5;
    %pushi/vec4 1, 0, 1;
    %assign/vec4 v0000026413b19e20_0, 0;
    %jmp T_19.3;
T_19.2 ;
    %load/vec4 v0000026413b1b540_0;
    %flag_set/vec4 8;
    %jmp/0xz  T_19.4, 8;
    %load/vec4 v0000026413b19560_0;
    %ix/load 4, 0, 0;
    %ix/load 5, 0, 0;
    %flag_set/imm 4, 0;
    %assign/vec4/off/d v0000026413b19880_0, 4, 5;
    %pushi/vec4 0, 0, 8;
    %ix/load 4, 8, 0;
    %ix/load 5, 0, 0;
    %flag_set/imm 4, 0;
    %assign/vec4/off/d v0000026413b19880_0, 4, 5;
    %pushi/vec4 1, 0, 1;
    %assign/vec4 v0000026413b19e20_0, 0;
    %jmp T_19.5;
T_19.4 ;
    %load/vec4 v0000026413b19e20_0;
    %flag_set/vec4 9;
    %flag_get/vec4 9;
    %jmp/0 T_19.8, 9;
    %pushi/vec4 0, 0, 32;
    %load/vec4 v0000026413b19880_0;
    %pad/u 32;
    %cmp/u;
    %flag_get/vec4 5;
    %and;
T_19.8;
    %flag_set/vec4 8;
    %jmp/0xz  T_19.6, 8;
    %load/vec4 v0000026413b19880_0;
    %subi 1, 0, 16;
    %assign/vec4 v0000026413b19880_0, 0;
    %jmp T_19.7;
T_19.6 ;
    %load/vec4 v0000026413b19880_0;
    %pad/u 32;
    %cmpi/e 0, 0, 32;
    %jmp/0xz  T_19.9, 4;
    %pushi/vec4 0, 0, 1;
    %assign/vec4 v0000026413b19e20_0, 0;
T_19.9 ;
T_19.7 ;
T_19.5 ;
T_19.3 ;
T_19.1 ;
    %jmp T_19;
    .thread T_19;
    .scope S_00000264138f4620;
T_20 ;
    %wait E_0000026413a895d0;
    %load/vec4 v0000026413b05270_0;
    %nor/r;
    %flag_set/vec4 8;
    %jmp/0xz  T_20.0, 8;
    %pushi/vec4 0, 0, 3;
    %assign/vec4 v0000026413b04ff0_0, 0;
    %pushi/vec4 0, 0, 7;
    %assign/vec4 v0000026413b03f10_0, 0;
    %pushi/vec4 0, 0, 7;
    %assign/vec4 v0000026413b044b0_0, 0;
    %pushi/vec4 0, 0, 1;
    %assign/vec4 v0000026413b04a50_0, 0;
    %pushi/vec4 0, 0, 8;
    %assign/vec4 v0000026413b03470_0, 0;
    %pushi/vec4 0, 0, 8;
    %assign/vec4 v0000026413b02750_0, 0;
    %pushi/vec4 0, 0, 1;
    %assign/vec4 v0000026413b047d0_0, 0;
    %pushi/vec4 0, 0, 1;
    %assign/vec4 v0000026413b04690_0, 0;
    %pushi/vec4 0, 0, 1;
    %assign/vec4 v0000026413b04c30_0, 0;
    %pushi/vec4 0, 0, 1;
    %assign/vec4 v0000026413b04910_0, 0;
    %pushi/vec4 0, 0, 4;
    %assign/vec4 v0000026413b04cd0_0, 0;
    %pushi/vec4 0, 0, 4;
    %assign/vec4 v0000026413b03fb0_0, 0;
    %jmp T_20.1;
T_20.0 ;
    %pushi/vec4 0, 0, 1;
    %assign/vec4 v0000026413b04c30_0, 0;
    %pushi/vec4 0, 0, 1;
    %assign/vec4 v0000026413b04910_0, 0;
    %load/vec4 v0000026413b04ff0_0;
    %dup/vec4;
    %pushi/vec4 0, 0, 3;
    %cmp/u;
    %jmp/1 T_20.2, 6;
    %dup/vec4;
    %pushi/vec4 1, 0, 3;
    %cmp/u;
    %jmp/1 T_20.3, 6;
    %dup/vec4;
    %pushi/vec4 2, 0, 3;
    %cmp/u;
    %jmp/1 T_20.4, 6;
    %dup/vec4;
    %pushi/vec4 3, 0, 3;
    %cmp/u;
    %jmp/1 T_20.5, 6;
    %dup/vec4;
    %pushi/vec4 4, 0, 3;
    %cmp/u;
    %jmp/1 T_20.6, 6;
    %dup/vec4;
    %pushi/vec4 5, 0, 3;
    %cmp/u;
    %jmp/1 T_20.7, 6;
    %jmp T_20.8;
T_20.2 ;
    %load/vec4 v0000026413b04f50_0;
    %flag_set/vec4 8;
    %jmp/0xz  T_20.9, 8;
    %pushi/vec4 1, 0, 3;
    %assign/vec4 v0000026413b04ff0_0, 0;
T_20.9 ;
    %jmp T_20.8;
T_20.3 ;
    %load/vec4 v0000026413b04f50_0;
    %nor/r;
    %flag_set/vec4 8;
    %jmp/0xz  T_20.11, 8;
    %pushi/vec4 0, 0, 3;
    %assign/vec4 v0000026413b04ff0_0, 0;
    %jmp T_20.12;
T_20.11 ;
    %load/vec4 v0000026413b04410_0;
    %flag_set/vec4 9;
    %flag_get/vec4 9;
    %jmp/0 T_20.15, 9;
    %load/vec4 v0000026413b04a50_0;
    %nor/r;
    %and;
T_20.15;
    %flag_set/vec4 8;
    %jmp/0xz  T_20.13, 8;
    %load/vec4 v0000026413b03f10_0;
    %assign/vec4 v0000026413b044b0_0, 0;
    %pushi/vec4 0, 0, 7;
    %assign/vec4 v0000026413b03f10_0, 0;
    %pushi/vec4 1, 0, 1;
    %assign/vec4 v0000026413b04a50_0, 0;
    %jmp T_20.14;
T_20.13 ;
    %load/vec4 v0000026413b04e10_0;
    %assign/vec4 v0000026413b03e70_0, 0;
    %load/vec4 v0000026413b03f10_0;
    %addi 1, 0, 7;
    %assign/vec4 v0000026413b03f10_0, 0;
    %load/vec4 v0000026413b04e10_0;
    %parti/s 1, 3, 3;
    %cmpi/e 0, 0, 1;
    %jmp/0xz  T_20.16, 4;
    %pushi/vec4 4, 0, 3;
    %assign/vec4 v0000026413b04ff0_0, 0;
    %jmp T_20.17;
T_20.16 ;
    %pushi/vec4 2, 0, 3;
    %assign/vec4 v0000026413b04ff0_0, 0;
T_20.17 ;
T_20.14 ;
T_20.12 ;
    %jmp T_20.8;
T_20.4 ;
    %load/vec4 v0000026413b04e10_0;
    %assign/vec4 v0000026413b035b0_0, 0;
    %load/vec4 v0000026413b03f10_0;
    %addi 1, 0, 7;
    %assign/vec4 v0000026413b03f10_0, 0;
    %load/vec4 v0000026413b03e70_0;
    %cmpi/u 13, 0, 4;
    %flag_inv 5; GE is !LT
    %jmp/0xz  T_20.18, 5;
    %pushi/vec4 3, 0, 3;
    %assign/vec4 v0000026413b04ff0_0, 0;
    %jmp T_20.19;
T_20.18 ;
    %pushi/vec4 4, 0, 3;
    %assign/vec4 v0000026413b04ff0_0, 0;
T_20.19 ;
    %jmp T_20.8;
T_20.5 ;
    %load/vec4 v0000026413b04e10_0;
    %assign/vec4 v0000026413b03650_0, 0;
    %load/vec4 v0000026413b03f10_0;
    %addi 1, 0, 7;
    %assign/vec4 v0000026413b03f10_0, 0;
    %pushi/vec4 4, 0, 3;
    %assign/vec4 v0000026413b04ff0_0, 0;
    %jmp T_20.8;
T_20.6 ;
    %load/vec4 v0000026413b03e70_0;
    %dup/vec4;
    %pushi/vec4 0, 0, 4;
    %cmp/u;
    %jmp/1 T_20.20, 6;
    %dup/vec4;
    %pushi/vec4 1, 0, 4;
    %cmp/u;
    %jmp/1 T_20.21, 6;
    %dup/vec4;
    %pushi/vec4 2, 0, 4;
    %cmp/u;
    %jmp/1 T_20.22, 6;
    %dup/vec4;
    %pushi/vec4 3, 0, 4;
    %cmp/u;
    %jmp/1 T_20.23, 6;
    %dup/vec4;
    %pushi/vec4 4, 0, 4;
    %cmp/u;
    %jmp/1 T_20.24, 6;
    %dup/vec4;
    %pushi/vec4 5, 0, 4;
    %cmp/u;
    %jmp/1 T_20.25, 6;
    %dup/vec4;
    %pushi/vec4 6, 0, 4;
    %cmp/u;
    %jmp/1 T_20.26, 6;
    %dup/vec4;
    %pushi/vec4 7, 0, 4;
    %cmp/u;
    %jmp/1 T_20.27, 6;
    %dup/vec4;
    %pushi/vec4 8, 0, 4;
    %cmp/u;
    %jmp/1 T_20.28, 6;
    %dup/vec4;
    %pushi/vec4 9, 0, 4;
    %cmp/u;
    %jmp/1 T_20.29, 6;
    %dup/vec4;
    %pushi/vec4 10, 0, 4;
    %cmp/u;
    %jmp/1 T_20.30, 6;
    %dup/vec4;
    %pushi/vec4 11, 0, 4;
    %cmp/u;
    %jmp/1 T_20.31, 6;
    %dup/vec4;
    %pushi/vec4 12, 0, 4;
    %cmp/u;
    %jmp/1 T_20.32, 6;
    %dup/vec4;
    %pushi/vec4 13, 0, 4;
    %cmp/u;
    %jmp/1 T_20.33, 6;
    %dup/vec4;
    %pushi/vec4 14, 0, 4;
    %cmp/u;
    %jmp/1 T_20.34, 6;
    %dup/vec4;
    %pushi/vec4 15, 0, 4;
    %cmp/u;
    %jmp/1 T_20.35, 6;
    %jmp T_20.36;
T_20.20 ;
    %load/vec4 v0000026413b026b0_0;
    %parti/s 8, 0, 2;
    %assign/vec4 v0000026413b03470_0, 0;
    %load/vec4 v0000026413b026b0_0;
    %parti/s 1, 8, 5;
    %assign/vec4 v0000026413b04690_0, 0;
    %load/vec4 v0000026413b026b0_0;
    %parti/s 8, 0, 2;
    %pad/u 32;
    %pushi/vec4 0, 0, 32;
    %cmp/e;
    %flag_get/vec4 4;
    %assign/vec4 v0000026413b047d0_0, 0;
    %pushi/vec4 1, 0, 3;
    %assign/vec4 v0000026413b04ff0_0, 0;
    %jmp T_20.36;
T_20.21 ;
    %load/vec4 v0000026413b05090_0;
    %parti/s 8, 0, 2;
    %assign/vec4 v0000026413b03470_0, 0;
    %load/vec4 v0000026413b05090_0;
    %parti/s 1, 8, 5;
    %assign/vec4 v0000026413b04690_0, 0;
    %load/vec4 v0000026413b05090_0;
    %parti/s 8, 0, 2;
    %pad/u 32;
    %pushi/vec4 0, 0, 32;
    %cmp/e;
    %flag_get/vec4 4;
    %assign/vec4 v0000026413b047d0_0, 0;
    %pushi/vec4 1, 0, 3;
    %assign/vec4 v0000026413b04ff0_0, 0;
    %jmp T_20.36;
T_20.22 ;
    %load/vec4 v0000026413b03470_0;
    %load/vec4 v0000026413b02750_0;
    %and;
    %assign/vec4 v0000026413b03470_0, 0;
    %load/vec4 v0000026413b03470_0;
    %pad/u 32;
    %load/vec4 v0000026413b02750_0;
    %pad/u 32;
    %and;
    %pushi/vec4 0, 0, 32;
    %cmp/e;
    %flag_get/vec4 4;
    %assign/vec4 v0000026413b047d0_0, 0;
    %pushi/vec4 1, 0, 3;
    %assign/vec4 v0000026413b04ff0_0, 0;
    %jmp T_20.36;
T_20.23 ;
    %load/vec4 v0000026413b03470_0;
    %load/vec4 v0000026413b02750_0;
    %xor;
    %assign/vec4 v0000026413b03470_0, 0;
    %load/vec4 v0000026413b03470_0;
    %pad/u 32;
    %load/vec4 v0000026413b02750_0;
    %pad/u 32;
    %xor;
    %pushi/vec4 0, 0, 32;
    %cmp/e;
    %flag_get/vec4 4;
    %assign/vec4 v0000026413b047d0_0, 0;
    %pushi/vec4 1, 0, 3;
    %assign/vec4 v0000026413b04ff0_0, 0;
    %jmp T_20.36;
T_20.24 ;
    %pushi/vec4 0, 0, 1;
    %load/vec4 v0000026413b03470_0;
    %parti/s 7, 1, 2;
    %concat/vec4; draw_concat_vec4
    %assign/vec4 v0000026413b03470_0, 0;
    %load/vec4 v0000026413b03470_0;
    %parti/s 1, 0, 2;
    %assign/vec4 v0000026413b04690_0, 0;
    %load/vec4 v0000026413b03470_0;
    %parti/s 7, 1, 2;
    %pad/u 32;
    %pushi/vec4 0, 0, 32;
    %cmp/e;
    %flag_get/vec4 4;
    %assign/vec4 v0000026413b047d0_0, 0;
    %pushi/vec4 1, 0, 3;
    %assign/vec4 v0000026413b04ff0_0, 0;
    %jmp T_20.36;
T_20.25 ;
    %load/vec4 v0000026413b03470_0;
    %parti/s 7, 0, 2;
    %concati/vec4 0, 0, 1;
    %assign/vec4 v0000026413b03470_0, 0;
    %load/vec4 v0000026413b03470_0;
    %parti/s 1, 7, 4;
    %assign/vec4 v0000026413b04690_0, 0;
    %load/vec4 v0000026413b03470_0;
    %parti/s 7, 0, 2;
    %pad/u 32;
    %pushi/vec4 0, 0, 32;
    %cmp/e;
    %flag_get/vec4 4;
    %assign/vec4 v0000026413b047d0_0, 0;
    %pushi/vec4 1, 0, 3;
    %assign/vec4 v0000026413b04ff0_0, 0;
    %jmp T_20.36;
T_20.26 ;
    %pushi/vec4 1, 0, 3;
    %assign/vec4 v0000026413b04ff0_0, 0;
    %jmp T_20.36;
T_20.27 ;
    %load/vec4 v0000026413b044b0_0;
    %assign/vec4 v0000026413b03f10_0, 0;
    %pushi/vec4 0, 0, 1;
    %assign/vec4 v0000026413b04a50_0, 0;
    %pushi/vec4 1, 0, 3;
    %assign/vec4 v0000026413b04ff0_0, 0;
    %jmp T_20.36;
T_20.28 ;
    %load/vec4 v0000026413b035b0_0;
    %pad/u 32;
    %cmpi/u 4, 0, 32;
    %jmp/0xz  T_20.37, 5;
    %pushi/vec4 0, 0, 1;
    %ix/load 5, 0, 0;
    %load/vec4 v0000026413b035b0_0;
    %parti/s 2, 0, 2;
    %ix/vec4 4;
    %assign/vec4/off/d v0000026413b04cd0_0, 4, 5;
T_20.37 ;
    %pushi/vec4 1, 0, 3;
    %assign/vec4 v0000026413b04ff0_0, 0;
    %jmp T_20.36;
T_20.29 ;
    %load/vec4 v0000026413b035b0_0;
    %pad/u 32;
    %cmpi/u 4, 0, 32;
    %jmp/0xz  T_20.39, 5;
    %pushi/vec4 1, 0, 1;
    %ix/load 5, 0, 0;
    %load/vec4 v0000026413b035b0_0;
    %parti/s 2, 0, 2;
    %ix/vec4 4;
    %assign/vec4/off/d v0000026413b04cd0_0, 4, 5;
T_20.39 ;
    %pushi/vec4 1, 0, 3;
    %assign/vec4 v0000026413b04ff0_0, 0;
    %jmp T_20.36;
T_20.30 ;
    %pushi/vec4 0, 0, 4;
    %load/vec4 v0000026413b035b0_0;
    %concat/vec4; draw_concat_vec4
    %assign/vec4 v0000026413b03470_0, 0;
    %pushi/vec4 1, 0, 3;
    %assign/vec4 v0000026413b04ff0_0, 0;
    %jmp T_20.36;
T_20.31 ;
    %load/vec4 v0000026413b035b0_0;
    %store/vec4 v0000026413b02e30_0, 0, 4;
    %callf/vec4 TD_test_3_3_i2c_loopback.dut.core2.is_internal_reg, S_00000264138c6db0;
    %flag_set/vec4 8;
    %jmp/0xz  T_20.41, 8;
    %load/vec4 v0000026413b035b0_0;
    %cmpi/e 0, 0, 4;
    %jmp/0xz  T_20.43, 4;
    %load/vec4 v0000026413b03470_0;
    %assign/vec4 v0000026413b03470_0, 0;
    %jmp T_20.44;
T_20.43 ;
    %load/vec4 v0000026413b035b0_0;
    %cmpi/e 1, 0, 4;
    %jmp/0xz  T_20.45, 4;
    %load/vec4 v0000026413b02750_0;
    %assign/vec4 v0000026413b03470_0, 0;
    %jmp T_20.46;
T_20.45 ;
    %load/vec4 v0000026413b035b0_0;
    %cmpi/e 8, 0, 4;
    %jmp/0xz  T_20.47, 4;
    %pushi/vec4 0, 0, 6;
    %load/vec4 v0000026413b04690_0;
    %concat/vec4; draw_concat_vec4
    %load/vec4 v0000026413b047d0_0;
    %concat/vec4; draw_concat_vec4
    %assign/vec4 v0000026413b03470_0, 0;
    %jmp T_20.48;
T_20.47 ;
    %load/vec4 v0000026413b035b0_0;
    %cmpi/e 15, 0, 4;
    %jmp/0xz  T_20.49, 4;
    %pushi/vec4 0, 0, 4;
    %load/vec4 v0000026413b03fb0_0;
    %concat/vec4; draw_concat_vec4
    %assign/vec4 v0000026413b03470_0, 0;
    %jmp T_20.50;
T_20.49 ;
    %load/vec4 v0000026413b035b0_0;
    %pad/u 5;
    %subi 2, 0, 5;
    %ix/vec4 4;
    %load/vec4a v0000026413b040f0, 4;
    %assign/vec4 v0000026413b03470_0, 0;
T_20.50 ;
T_20.48 ;
T_20.46 ;
T_20.44 ;
    %pushi/vec4 1, 0, 3;
    %assign/vec4 v0000026413b04ff0_0, 0;
    %jmp T_20.42;
T_20.41 ;
    %load/vec4 v0000026413b035b0_0;
    %assign/vec4 v0000026413b04730_0, 0;
    %pushi/vec4 1, 0, 1;
    %assign/vec4 v0000026413b04910_0, 0;
    %pushi/vec4 5, 0, 3;
    %assign/vec4 v0000026413b04ff0_0, 0;
T_20.42 ;
    %jmp T_20.36;
T_20.32 ;
    %load/vec4 v0000026413b035b0_0;
    %store/vec4 v0000026413b02e30_0, 0, 4;
    %callf/vec4 TD_test_3_3_i2c_loopback.dut.core2.is_internal_reg, S_00000264138c6db0;
    %flag_set/vec4 8;
    %jmp/0xz  T_20.51, 8;
    %load/vec4 v0000026413b035b0_0;
    %cmpi/e 1, 0, 4;
    %jmp/0xz  T_20.53, 4;
    %load/vec4 v0000026413b03470_0;
    %assign/vec4 v0000026413b02750_0, 0;
    %jmp T_20.54;
T_20.53 ;
    %load/vec4 v0000026413b035b0_0;
    %cmpi/e 15, 0, 4;
    %jmp/0xz  T_20.55, 4;
    %load/vec4 v0000026413b03470_0;
    %parti/s 4, 0, 2;
    %assign/vec4 v0000026413b03fb0_0, 0;
    %jmp T_20.56;
T_20.55 ;
    %load/vec4 v0000026413b035b0_0;
    %cmpi/ne 0, 0, 4;
    %flag_get/vec4 4;
    %jmp/0 T_20.59, 4;
    %load/vec4 v0000026413b035b0_0;
    %pushi/vec4 8, 0, 4;
    %cmp/ne;
    %flag_get/vec4 4;
    %and;
T_20.59;
    %flag_set/vec4 8;
    %jmp/0xz  T_20.57, 8;
    %load/vec4 v0000026413b03470_0;
    %load/vec4 v0000026413b035b0_0;
    %pad/u 5;
    %subi 2, 0, 5;
    %ix/vec4 3;
    %ix/load 4, 0, 0; Constant delay
    %assign/vec4/a/d v0000026413b040f0, 0, 4;
T_20.57 ;
T_20.56 ;
T_20.54 ;
    %pushi/vec4 1, 0, 3;
    %assign/vec4 v0000026413b04ff0_0, 0;
    %jmp T_20.52;
T_20.51 ;
    %load/vec4 v0000026413b035b0_0;
    %assign/vec4 v0000026413b04730_0, 0;
    %load/vec4 v0000026413b03470_0;
    %assign/vec4 v0000026413b04b90_0, 0;
    %pushi/vec4 1, 0, 1;
    %assign/vec4 v0000026413b04c30_0, 0;
    %pushi/vec4 5, 0, 3;
    %assign/vec4 v0000026413b04ff0_0, 0;
T_20.52 ;
    %jmp T_20.36;
T_20.33 ;
    %load/vec4 v0000026413b035b0_0;
    %parti/s 3, 0, 2;
    %load/vec4 v0000026413b03650_0;
    %concat/vec4; draw_concat_vec4
    %assign/vec4 v0000026413b03f10_0, 0;
    %pushi/vec4 1, 0, 3;
    %assign/vec4 v0000026413b04ff0_0, 0;
    %jmp T_20.36;
T_20.34 ;
    %load/vec4 v0000026413b047d0_0;
    %nor/r;
    %flag_set/vec4 8;
    %jmp/0xz  T_20.60, 8;
    %load/vec4 v0000026413b035b0_0;
    %parti/s 3, 0, 2;
    %load/vec4 v0000026413b03650_0;
    %concat/vec4; draw_concat_vec4
    %assign/vec4 v0000026413b03f10_0, 0;
T_20.60 ;
    %pushi/vec4 1, 0, 3;
    %assign/vec4 v0000026413b04ff0_0, 0;
    %jmp T_20.36;
T_20.35 ;
    %load/vec4 v0000026413b04690_0;
    %flag_set/vec4 8;
    %jmp/0xz  T_20.62, 8;
    %load/vec4 v0000026413b035b0_0;
    %parti/s 3, 0, 2;
    %load/vec4 v0000026413b03650_0;
    %concat/vec4; draw_concat_vec4
    %assign/vec4 v0000026413b03f10_0, 0;
T_20.62 ;
    %pushi/vec4 1, 0, 3;
    %assign/vec4 v0000026413b04ff0_0, 0;
    %jmp T_20.36;
T_20.36 ;
    %pop/vec4 1;
    %jmp T_20.8;
T_20.7 ;
    %load/vec4 v0000026413b049b0_0;
    %nor/r;
    %flag_set/vec4 8;
    %jmp/0xz  T_20.64, 8;
    %load/vec4 v0000026413b04910_0;
    %flag_set/vec4 8;
    %jmp/0xz  T_20.66, 8;
    %load/vec4 v0000026413b04870_0;
    %assign/vec4 v0000026413b03470_0, 0;
T_20.66 ;
    %pushi/vec4 1, 0, 3;
    %assign/vec4 v0000026413b04ff0_0, 0;
    %jmp T_20.65;
T_20.64 ;
    %load/vec4 v0000026413b04910_0;
    %assign/vec4 v0000026413b04910_0, 0;
    %load/vec4 v0000026413b04c30_0;
    %assign/vec4 v0000026413b04c30_0, 0;
T_20.65 ;
    %jmp T_20.8;
T_20.8 ;
    %pop/vec4 1;
T_20.1 ;
    %jmp T_20;
    .thread T_20;
    .scope S_0000026413b18290;
T_21 ;
    %wait E_0000026413a895d0;
    %load/vec4 v0000026413b14dd0_0;
    %nor/r;
    %flag_set/vec4 8;
    %jmp/0xz  T_21.0, 8;
    %pushi/vec4 0, 0, 4;
    %assign/vec4 v0000026413b159b0_0, 0;
    %pushi/vec4 0, 0, 4;
    %assign/vec4 v0000026413b155f0_0, 0;
    %pushi/vec4 0, 0, 5;
    %assign/vec4 v0000026413b148d0_0, 0;
    %jmp T_21.1;
T_21.0 ;
    %load/vec4 v0000026413b14e70_0;
    %flag_set/vec4 8;
    %flag_get/vec4 8;
    %jmp/0 T_21.6, 8;
    %load/vec4 v0000026413b137f0_0;
    %nor/r;
    %and;
T_21.6;
    %load/vec4 v0000026413b15cd0_0;
    %flag_set/vec4 8;
    %flag_get/vec4 8;
    %jmp/0 T_21.7, 8;
    %load/vec4 v0000026413b13e30_0;
    %nor/r;
    %and;
T_21.7;
    %concat/vec4; draw_concat_vec4
    %dup/vec4;
    %pushi/vec4 2, 0, 2;
    %cmp/u;
    %jmp/1 T_21.2, 6;
    %dup/vec4;
    %pushi/vec4 1, 0, 2;
    %cmp/u;
    %jmp/1 T_21.3, 6;
    %dup/vec4;
    %pushi/vec4 3, 0, 2;
    %cmp/u;
    %jmp/1 T_21.4, 6;
    %jmp T_21.5;
T_21.2 ;
    %load/vec4 v0000026413b14bf0_0;
    %load/vec4 v0000026413b159b0_0;
    %parti/s 3, 0, 2;
    %pad/u 5;
    %ix/vec4 3;
    %ix/load 4, 0, 0; Constant delay
    %assign/vec4/a/d v0000026413b14830, 0, 4;
    %load/vec4 v0000026413b159b0_0;
    %addi 1, 0, 4;
    %assign/vec4 v0000026413b159b0_0, 0;
    %load/vec4 v0000026413b148d0_0;
    %addi 1, 0, 5;
    %assign/vec4 v0000026413b148d0_0, 0;
    %jmp T_21.5;
T_21.3 ;
    %load/vec4 v0000026413b155f0_0;
    %addi 1, 0, 4;
    %assign/vec4 v0000026413b155f0_0, 0;
    %load/vec4 v0000026413b148d0_0;
    %subi 1, 0, 5;
    %assign/vec4 v0000026413b148d0_0, 0;
    %jmp T_21.5;
T_21.4 ;
    %load/vec4 v0000026413b14bf0_0;
    %load/vec4 v0000026413b159b0_0;
    %parti/s 3, 0, 2;
    %pad/u 5;
    %ix/vec4 3;
    %ix/load 4, 0, 0; Constant delay
    %assign/vec4/a/d v0000026413b14830, 0, 4;
    %load/vec4 v0000026413b159b0_0;
    %addi 1, 0, 4;
    %assign/vec4 v0000026413b159b0_0, 0;
    %load/vec4 v0000026413b155f0_0;
    %addi 1, 0, 4;
    %assign/vec4 v0000026413b155f0_0, 0;
    %jmp T_21.5;
T_21.5 ;
    %pop/vec4 1;
T_21.1 ;
    %jmp T_21;
    .thread T_21;
    .scope S_0000026413b177a0;
T_22 ;
    %wait E_0000026413a895d0;
    %load/vec4 v0000026413b1e7b0_0;
    %nor/r;
    %flag_set/vec4 8;
    %jmp/0xz  T_22.0, 8;
    %pushi/vec4 0, 0, 4;
    %assign/vec4 v0000026413b1f070_0, 0;
    %pushi/vec4 0, 0, 4;
    %assign/vec4 v0000026413b1f610_0, 0;
    %pushi/vec4 0, 0, 5;
    %assign/vec4 v0000026413b1e5d0_0, 0;
    %jmp T_22.1;
T_22.0 ;
    %load/vec4 v0000026413b1e850_0;
    %flag_set/vec4 8;
    %flag_get/vec4 8;
    %jmp/0 T_22.6, 8;
    %load/vec4 v0000026413b1ead0_0;
    %nor/r;
    %and;
T_22.6;
    %load/vec4 v0000026413b1da90_0;
    %flag_set/vec4 8;
    %flag_get/vec4 8;
    %jmp/0 T_22.7, 8;
    %load/vec4 v0000026413b1d4f0_0;
    %nor/r;
    %and;
T_22.7;
    %concat/vec4; draw_concat_vec4
    %dup/vec4;
    %pushi/vec4 2, 0, 2;
    %cmp/u;
    %jmp/1 T_22.2, 6;
    %dup/vec4;
    %pushi/vec4 1, 0, 2;
    %cmp/u;
    %jmp/1 T_22.3, 6;
    %dup/vec4;
    %pushi/vec4 3, 0, 2;
    %cmp/u;
    %jmp/1 T_22.4, 6;
    %jmp T_22.5;
T_22.2 ;
    %load/vec4 v0000026413b1d450_0;
    %load/vec4 v0000026413b1f070_0;
    %parti/s 3, 0, 2;
    %pad/u 5;
    %ix/vec4 3;
    %ix/load 4, 0, 0; Constant delay
    %assign/vec4/a/d v0000026413b1def0, 0, 4;
    %load/vec4 v0000026413b1f070_0;
    %addi 1, 0, 4;
    %assign/vec4 v0000026413b1f070_0, 0;
    %load/vec4 v0000026413b1e5d0_0;
    %addi 1, 0, 5;
    %assign/vec4 v0000026413b1e5d0_0, 0;
    %jmp T_22.5;
T_22.3 ;
    %load/vec4 v0000026413b1f610_0;
    %addi 1, 0, 4;
    %assign/vec4 v0000026413b1f610_0, 0;
    %load/vec4 v0000026413b1e5d0_0;
    %subi 1, 0, 5;
    %assign/vec4 v0000026413b1e5d0_0, 0;
    %jmp T_22.5;
T_22.4 ;
    %load/vec4 v0000026413b1d450_0;
    %load/vec4 v0000026413b1f070_0;
    %parti/s 3, 0, 2;
    %pad/u 5;
    %ix/vec4 3;
    %ix/load 4, 0, 0; Constant delay
    %assign/vec4/a/d v0000026413b1def0, 0, 4;
    %load/vec4 v0000026413b1f070_0;
    %addi 1, 0, 4;
    %assign/vec4 v0000026413b1f070_0, 0;
    %load/vec4 v0000026413b1f610_0;
    %addi 1, 0, 4;
    %assign/vec4 v0000026413b1f610_0, 0;
    %jmp T_22.5;
T_22.5 ;
    %pop/vec4 1;
T_22.1 ;
    %jmp T_22;
    .thread T_22;
    .scope S_0000026413b17c50;
T_23 ;
    %wait E_0000026413a895d0;
    %load/vec4 v0000026413b1b0e0_0;
    %nor/r;
    %flag_set/vec4 8;
    %jmp/0xz  T_23.0, 8;
    %pushi/vec4 0, 0, 16;
    %assign/vec4 v0000026413b194c0_0, 0;
    %pushi/vec4 0, 0, 1;
    %assign/vec4 v0000026413b1a1e0_0, 0;
    %jmp T_23.1;
T_23.0 ;
    %load/vec4 v0000026413b197e0_0;
    %flag_set/vec4 8;
    %jmp/0xz  T_23.2, 8;
    %load/vec4 v0000026413b19600_0;
    %ix/load 4, 8, 0;
    %ix/load 5, 0, 0;
    %flag_set/imm 4, 0;
    %assign/vec4/off/d v0000026413b194c0_0, 4, 5;
    %pushi/vec4 1, 0, 1;
    %assign/vec4 v0000026413b1a1e0_0, 0;
    %jmp T_23.3;
T_23.2 ;
    %load/vec4 v0000026413b19060_0;
    %flag_set/vec4 8;
    %jmp/0xz  T_23.4, 8;
    %load/vec4 v0000026413b19600_0;
    %ix/load 4, 0, 0;
    %ix/load 5, 0, 0;
    %flag_set/imm 4, 0;
    %assign/vec4/off/d v0000026413b194c0_0, 4, 5;
    %pushi/vec4 0, 0, 8;
    %ix/load 4, 8, 0;
    %ix/load 5, 0, 0;
    %flag_set/imm 4, 0;
    %assign/vec4/off/d v0000026413b194c0_0, 4, 5;
    %pushi/vec4 1, 0, 1;
    %assign/vec4 v0000026413b1a1e0_0, 0;
    %jmp T_23.5;
T_23.4 ;
    %load/vec4 v0000026413b1a1e0_0;
    %flag_set/vec4 9;
    %flag_get/vec4 9;
    %jmp/0 T_23.8, 9;
    %pushi/vec4 0, 0, 32;
    %load/vec4 v0000026413b194c0_0;
    %pad/u 32;
    %cmp/u;
    %flag_get/vec4 5;
    %and;
T_23.8;
    %flag_set/vec4 8;
    %jmp/0xz  T_23.6, 8;
    %load/vec4 v0000026413b194c0_0;
    %subi 1, 0, 16;
    %assign/vec4 v0000026413b194c0_0, 0;
    %jmp T_23.7;
T_23.6 ;
    %load/vec4 v0000026413b194c0_0;
    %pad/u 32;
    %cmpi/e 0, 0, 32;
    %jmp/0xz  T_23.9, 4;
    %pushi/vec4 0, 0, 1;
    %assign/vec4 v0000026413b1a1e0_0, 0;
T_23.9 ;
T_23.7 ;
T_23.5 ;
T_23.3 ;
T_23.1 ;
    %jmp T_23;
    .thread T_23;
    .scope S_0000026413892720;
T_24 ;
    %wait E_0000026413a895d0;
    %load/vec4 v0000026413b0ef90_0;
    %nor/r;
    %flag_set/vec4 8;
    %jmp/0xz  T_24.0, 8;
    %pushi/vec4 0, 0, 3;
    %assign/vec4 v0000026413b0fb70_0, 0;
    %pushi/vec4 0, 0, 7;
    %assign/vec4 v0000026413b0ea90_0, 0;
    %pushi/vec4 0, 0, 7;
    %assign/vec4 v0000026413b0ee50_0, 0;
    %pushi/vec4 0, 0, 1;
    %assign/vec4 v0000026413b0e3b0_0, 0;
    %pushi/vec4 0, 0, 8;
    %assign/vec4 v0000026413b0deb0_0, 0;
    %pushi/vec4 0, 0, 8;
    %assign/vec4 v0000026413b0edb0_0, 0;
    %pushi/vec4 0, 0, 1;
    %assign/vec4 v0000026413b0e270_0, 0;
    %pushi/vec4 0, 0, 1;
    %assign/vec4 v0000026413b0ec70_0, 0;
    %pushi/vec4 0, 0, 1;
    %assign/vec4 v0000026413b0fad0_0, 0;
    %pushi/vec4 0, 0, 1;
    %assign/vec4 v0000026413b0e8b0_0, 0;
    %pushi/vec4 0, 0, 4;
    %assign/vec4 v0000026413b0eb30_0, 0;
    %pushi/vec4 0, 0, 4;
    %assign/vec4 v0000026413b0e9f0_0, 0;
    %jmp T_24.1;
T_24.0 ;
    %pushi/vec4 0, 0, 1;
    %assign/vec4 v0000026413b0fad0_0, 0;
    %pushi/vec4 0, 0, 1;
    %assign/vec4 v0000026413b0e8b0_0, 0;
    %load/vec4 v0000026413b0fb70_0;
    %dup/vec4;
    %pushi/vec4 0, 0, 3;
    %cmp/u;
    %jmp/1 T_24.2, 6;
    %dup/vec4;
    %pushi/vec4 1, 0, 3;
    %cmp/u;
    %jmp/1 T_24.3, 6;
    %dup/vec4;
    %pushi/vec4 2, 0, 3;
    %cmp/u;
    %jmp/1 T_24.4, 6;
    %dup/vec4;
    %pushi/vec4 3, 0, 3;
    %cmp/u;
    %jmp/1 T_24.5, 6;
    %dup/vec4;
    %pushi/vec4 4, 0, 3;
    %cmp/u;
    %jmp/1 T_24.6, 6;
    %dup/vec4;
    %pushi/vec4 5, 0, 3;
    %cmp/u;
    %jmp/1 T_24.7, 6;
    %jmp T_24.8;
T_24.2 ;
    %load/vec4 v0000026413b0f990_0;
    %flag_set/vec4 8;
    %jmp/0xz  T_24.9, 8;
    %pushi/vec4 1, 0, 3;
    %assign/vec4 v0000026413b0fb70_0, 0;
T_24.9 ;
    %jmp T_24.8;
T_24.3 ;
    %load/vec4 v0000026413b0f990_0;
    %nor/r;
    %flag_set/vec4 8;
    %jmp/0xz  T_24.11, 8;
    %pushi/vec4 0, 0, 3;
    %assign/vec4 v0000026413b0fb70_0, 0;
    %jmp T_24.12;
T_24.11 ;
    %load/vec4 v0000026413b0e590_0;
    %flag_set/vec4 9;
    %flag_get/vec4 9;
    %jmp/0 T_24.15, 9;
    %load/vec4 v0000026413b0e3b0_0;
    %nor/r;
    %and;
T_24.15;
    %flag_set/vec4 8;
    %jmp/0xz  T_24.13, 8;
    %load/vec4 v0000026413b0ea90_0;
    %assign/vec4 v0000026413b0ee50_0, 0;
    %pushi/vec4 0, 0, 7;
    %assign/vec4 v0000026413b0ea90_0, 0;
    %pushi/vec4 1, 0, 1;
    %assign/vec4 v0000026413b0e3b0_0, 0;
    %jmp T_24.14;
T_24.13 ;
    %load/vec4 v0000026413b0eef0_0;
    %assign/vec4 v0000026413b0e810_0, 0;
    %load/vec4 v0000026413b0ea90_0;
    %addi 1, 0, 7;
    %assign/vec4 v0000026413b0ea90_0, 0;
    %load/vec4 v0000026413b0eef0_0;
    %parti/s 1, 3, 3;
    %cmpi/e 0, 0, 1;
    %jmp/0xz  T_24.16, 4;
    %pushi/vec4 4, 0, 3;
    %assign/vec4 v0000026413b0fb70_0, 0;
    %jmp T_24.17;
T_24.16 ;
    %pushi/vec4 2, 0, 3;
    %assign/vec4 v0000026413b0fb70_0, 0;
T_24.17 ;
T_24.14 ;
T_24.12 ;
    %jmp T_24.8;
T_24.4 ;
    %load/vec4 v0000026413b0eef0_0;
    %assign/vec4 v0000026413b0ebd0_0, 0;
    %load/vec4 v0000026413b0ea90_0;
    %addi 1, 0, 7;
    %assign/vec4 v0000026413b0ea90_0, 0;
    %load/vec4 v0000026413b0e810_0;
    %cmpi/u 13, 0, 4;
    %flag_inv 5; GE is !LT
    %jmp/0xz  T_24.18, 5;
    %pushi/vec4 3, 0, 3;
    %assign/vec4 v0000026413b0fb70_0, 0;
    %jmp T_24.19;
T_24.18 ;
    %pushi/vec4 4, 0, 3;
    %assign/vec4 v0000026413b0fb70_0, 0;
T_24.19 ;
    %jmp T_24.8;
T_24.5 ;
    %load/vec4 v0000026413b0eef0_0;
    %assign/vec4 v0000026413b0e130_0, 0;
    %load/vec4 v0000026413b0ea90_0;
    %addi 1, 0, 7;
    %assign/vec4 v0000026413b0ea90_0, 0;
    %pushi/vec4 4, 0, 3;
    %assign/vec4 v0000026413b0fb70_0, 0;
    %jmp T_24.8;
T_24.6 ;
    %load/vec4 v0000026413b0e810_0;
    %dup/vec4;
    %pushi/vec4 0, 0, 4;
    %cmp/u;
    %jmp/1 T_24.20, 6;
    %dup/vec4;
    %pushi/vec4 1, 0, 4;
    %cmp/u;
    %jmp/1 T_24.21, 6;
    %dup/vec4;
    %pushi/vec4 2, 0, 4;
    %cmp/u;
    %jmp/1 T_24.22, 6;
    %dup/vec4;
    %pushi/vec4 3, 0, 4;
    %cmp/u;
    %jmp/1 T_24.23, 6;
    %dup/vec4;
    %pushi/vec4 4, 0, 4;
    %cmp/u;
    %jmp/1 T_24.24, 6;
    %dup/vec4;
    %pushi/vec4 5, 0, 4;
    %cmp/u;
    %jmp/1 T_24.25, 6;
    %dup/vec4;
    %pushi/vec4 6, 0, 4;
    %cmp/u;
    %jmp/1 T_24.26, 6;
    %dup/vec4;
    %pushi/vec4 7, 0, 4;
    %cmp/u;
    %jmp/1 T_24.27, 6;
    %dup/vec4;
    %pushi/vec4 8, 0, 4;
    %cmp/u;
    %jmp/1 T_24.28, 6;
    %dup/vec4;
    %pushi/vec4 9, 0, 4;
    %cmp/u;
    %jmp/1 T_24.29, 6;
    %dup/vec4;
    %pushi/vec4 10, 0, 4;
    %cmp/u;
    %jmp/1 T_24.30, 6;
    %dup/vec4;
    %pushi/vec4 11, 0, 4;
    %cmp/u;
    %jmp/1 T_24.31, 6;
    %dup/vec4;
    %pushi/vec4 12, 0, 4;
    %cmp/u;
    %jmp/1 T_24.32, 6;
    %dup/vec4;
    %pushi/vec4 13, 0, 4;
    %cmp/u;
    %jmp/1 T_24.33, 6;
    %dup/vec4;
    %pushi/vec4 14, 0, 4;
    %cmp/u;
    %jmp/1 T_24.34, 6;
    %dup/vec4;
    %pushi/vec4 15, 0, 4;
    %cmp/u;
    %jmp/1 T_24.35, 6;
    %jmp T_24.36;
T_24.20 ;
    %load/vec4 v0000026413b0e090_0;
    %parti/s 8, 0, 2;
    %assign/vec4 v0000026413b0deb0_0, 0;
    %load/vec4 v0000026413b0e090_0;
    %parti/s 1, 8, 5;
    %assign/vec4 v0000026413b0ec70_0, 0;
    %load/vec4 v0000026413b0e090_0;
    %parti/s 8, 0, 2;
    %pad/u 32;
    %pushi/vec4 0, 0, 32;
    %cmp/e;
    %flag_get/vec4 4;
    %assign/vec4 v0000026413b0e270_0, 0;
    %pushi/vec4 1, 0, 3;
    %assign/vec4 v0000026413b0fb70_0, 0;
    %jmp T_24.36;
T_24.21 ;
    %load/vec4 v0000026413b0fc10_0;
    %parti/s 8, 0, 2;
    %assign/vec4 v0000026413b0deb0_0, 0;
    %load/vec4 v0000026413b0fc10_0;
    %parti/s 1, 8, 5;
    %assign/vec4 v0000026413b0ec70_0, 0;
    %load/vec4 v0000026413b0fc10_0;
    %parti/s 8, 0, 2;
    %pad/u 32;
    %pushi/vec4 0, 0, 32;
    %cmp/e;
    %flag_get/vec4 4;
    %assign/vec4 v0000026413b0e270_0, 0;
    %pushi/vec4 1, 0, 3;
    %assign/vec4 v0000026413b0fb70_0, 0;
    %jmp T_24.36;
T_24.22 ;
    %load/vec4 v0000026413b0deb0_0;
    %load/vec4 v0000026413b0edb0_0;
    %and;
    %assign/vec4 v0000026413b0deb0_0, 0;
    %load/vec4 v0000026413b0deb0_0;
    %pad/u 32;
    %load/vec4 v0000026413b0edb0_0;
    %pad/u 32;
    %and;
    %pushi/vec4 0, 0, 32;
    %cmp/e;
    %flag_get/vec4 4;
    %assign/vec4 v0000026413b0e270_0, 0;
    %pushi/vec4 1, 0, 3;
    %assign/vec4 v0000026413b0fb70_0, 0;
    %jmp T_24.36;
T_24.23 ;
    %load/vec4 v0000026413b0deb0_0;
    %load/vec4 v0000026413b0edb0_0;
    %xor;
    %assign/vec4 v0000026413b0deb0_0, 0;
    %load/vec4 v0000026413b0deb0_0;
    %pad/u 32;
    %load/vec4 v0000026413b0edb0_0;
    %pad/u 32;
    %xor;
    %pushi/vec4 0, 0, 32;
    %cmp/e;
    %flag_get/vec4 4;
    %assign/vec4 v0000026413b0e270_0, 0;
    %pushi/vec4 1, 0, 3;
    %assign/vec4 v0000026413b0fb70_0, 0;
    %jmp T_24.36;
T_24.24 ;
    %pushi/vec4 0, 0, 1;
    %load/vec4 v0000026413b0deb0_0;
    %parti/s 7, 1, 2;
    %concat/vec4; draw_concat_vec4
    %assign/vec4 v0000026413b0deb0_0, 0;
    %load/vec4 v0000026413b0deb0_0;
    %parti/s 1, 0, 2;
    %assign/vec4 v0000026413b0ec70_0, 0;
    %load/vec4 v0000026413b0deb0_0;
    %parti/s 7, 1, 2;
    %pad/u 32;
    %pushi/vec4 0, 0, 32;
    %cmp/e;
    %flag_get/vec4 4;
    %assign/vec4 v0000026413b0e270_0, 0;
    %pushi/vec4 1, 0, 3;
    %assign/vec4 v0000026413b0fb70_0, 0;
    %jmp T_24.36;
T_24.25 ;
    %load/vec4 v0000026413b0deb0_0;
    %parti/s 7, 0, 2;
    %concati/vec4 0, 0, 1;
    %assign/vec4 v0000026413b0deb0_0, 0;
    %load/vec4 v0000026413b0deb0_0;
    %parti/s 1, 7, 4;
    %assign/vec4 v0000026413b0ec70_0, 0;
    %load/vec4 v0000026413b0deb0_0;
    %parti/s 7, 0, 2;
    %pad/u 32;
    %pushi/vec4 0, 0, 32;
    %cmp/e;
    %flag_get/vec4 4;
    %assign/vec4 v0000026413b0e270_0, 0;
    %pushi/vec4 1, 0, 3;
    %assign/vec4 v0000026413b0fb70_0, 0;
    %jmp T_24.36;
T_24.26 ;
    %pushi/vec4 1, 0, 3;
    %assign/vec4 v0000026413b0fb70_0, 0;
    %jmp T_24.36;
T_24.27 ;
    %load/vec4 v0000026413b0ee50_0;
    %assign/vec4 v0000026413b0ea90_0, 0;
    %pushi/vec4 0, 0, 1;
    %assign/vec4 v0000026413b0e3b0_0, 0;
    %pushi/vec4 1, 0, 3;
    %assign/vec4 v0000026413b0fb70_0, 0;
    %jmp T_24.36;
T_24.28 ;
    %load/vec4 v0000026413b0ebd0_0;
    %pad/u 32;
    %cmpi/u 4, 0, 32;
    %jmp/0xz  T_24.37, 5;
    %pushi/vec4 0, 0, 1;
    %ix/load 5, 0, 0;
    %load/vec4 v0000026413b0ebd0_0;
    %parti/s 2, 0, 2;
    %ix/vec4 4;
    %assign/vec4/off/d v0000026413b0eb30_0, 4, 5;
T_24.37 ;
    %pushi/vec4 1, 0, 3;
    %assign/vec4 v0000026413b0fb70_0, 0;
    %jmp T_24.36;
T_24.29 ;
    %load/vec4 v0000026413b0ebd0_0;
    %pad/u 32;
    %cmpi/u 4, 0, 32;
    %jmp/0xz  T_24.39, 5;
    %pushi/vec4 1, 0, 1;
    %ix/load 5, 0, 0;
    %load/vec4 v0000026413b0ebd0_0;
    %parti/s 2, 0, 2;
    %ix/vec4 4;
    %assign/vec4/off/d v0000026413b0eb30_0, 4, 5;
T_24.39 ;
    %pushi/vec4 1, 0, 3;
    %assign/vec4 v0000026413b0fb70_0, 0;
    %jmp T_24.36;
T_24.30 ;
    %pushi/vec4 0, 0, 4;
    %load/vec4 v0000026413b0ebd0_0;
    %concat/vec4; draw_concat_vec4
    %assign/vec4 v0000026413b0deb0_0, 0;
    %pushi/vec4 1, 0, 3;
    %assign/vec4 v0000026413b0fb70_0, 0;
    %jmp T_24.36;
T_24.31 ;
    %load/vec4 v0000026413b0ebd0_0;
    %store/vec4 v0000026413b0f3f0_0, 0, 4;
    %callf/vec4 TD_test_3_3_i2c_loopback.dut.core3.is_internal_reg, S_0000026413aa18b0;
    %flag_set/vec4 8;
    %jmp/0xz  T_24.41, 8;
    %load/vec4 v0000026413b0ebd0_0;
    %cmpi/e 0, 0, 4;
    %jmp/0xz  T_24.43, 4;
    %load/vec4 v0000026413b0deb0_0;
    %assign/vec4 v0000026413b0deb0_0, 0;
    %jmp T_24.44;
T_24.43 ;
    %load/vec4 v0000026413b0ebd0_0;
    %cmpi/e 1, 0, 4;
    %jmp/0xz  T_24.45, 4;
    %load/vec4 v0000026413b0edb0_0;
    %assign/vec4 v0000026413b0deb0_0, 0;
    %jmp T_24.46;
T_24.45 ;
    %load/vec4 v0000026413b0ebd0_0;
    %cmpi/e 8, 0, 4;
    %jmp/0xz  T_24.47, 4;
    %pushi/vec4 0, 0, 6;
    %load/vec4 v0000026413b0ec70_0;
    %concat/vec4; draw_concat_vec4
    %load/vec4 v0000026413b0e270_0;
    %concat/vec4; draw_concat_vec4
    %assign/vec4 v0000026413b0deb0_0, 0;
    %jmp T_24.48;
T_24.47 ;
    %load/vec4 v0000026413b0ebd0_0;
    %cmpi/e 15, 0, 4;
    %jmp/0xz  T_24.49, 4;
    %pushi/vec4 0, 0, 4;
    %load/vec4 v0000026413b0e9f0_0;
    %concat/vec4; draw_concat_vec4
    %assign/vec4 v0000026413b0deb0_0, 0;
    %jmp T_24.50;
T_24.49 ;
    %load/vec4 v0000026413b0ebd0_0;
    %pad/u 5;
    %subi 2, 0, 5;
    %ix/vec4 4;
    %load/vec4a v0000026413b0ed10, 4;
    %assign/vec4 v0000026413b0deb0_0, 0;
T_24.50 ;
T_24.48 ;
T_24.46 ;
T_24.44 ;
    %pushi/vec4 1, 0, 3;
    %assign/vec4 v0000026413b0fb70_0, 0;
    %jmp T_24.42;
T_24.41 ;
    %load/vec4 v0000026413b0ebd0_0;
    %assign/vec4 v0000026413b0f030_0, 0;
    %pushi/vec4 1, 0, 1;
    %assign/vec4 v0000026413b0e8b0_0, 0;
    %pushi/vec4 5, 0, 3;
    %assign/vec4 v0000026413b0fb70_0, 0;
T_24.42 ;
    %jmp T_24.36;
T_24.32 ;
    %load/vec4 v0000026413b0ebd0_0;
    %store/vec4 v0000026413b0f3f0_0, 0, 4;
    %callf/vec4 TD_test_3_3_i2c_loopback.dut.core3.is_internal_reg, S_0000026413aa18b0;
    %flag_set/vec4 8;
    %jmp/0xz  T_24.51, 8;
    %load/vec4 v0000026413b0ebd0_0;
    %cmpi/e 1, 0, 4;
    %jmp/0xz  T_24.53, 4;
    %load/vec4 v0000026413b0deb0_0;
    %assign/vec4 v0000026413b0edb0_0, 0;
    %jmp T_24.54;
T_24.53 ;
    %load/vec4 v0000026413b0ebd0_0;
    %cmpi/e 15, 0, 4;
    %jmp/0xz  T_24.55, 4;
    %load/vec4 v0000026413b0deb0_0;
    %parti/s 4, 0, 2;
    %assign/vec4 v0000026413b0e9f0_0, 0;
    %jmp T_24.56;
T_24.55 ;
    %load/vec4 v0000026413b0ebd0_0;
    %cmpi/ne 0, 0, 4;
    %flag_get/vec4 4;
    %jmp/0 T_24.59, 4;
    %load/vec4 v0000026413b0ebd0_0;
    %pushi/vec4 8, 0, 4;
    %cmp/ne;
    %flag_get/vec4 4;
    %and;
T_24.59;
    %flag_set/vec4 8;
    %jmp/0xz  T_24.57, 8;
    %load/vec4 v0000026413b0deb0_0;
    %load/vec4 v0000026413b0ebd0_0;
    %pad/u 5;
    %subi 2, 0, 5;
    %ix/vec4 3;
    %ix/load 4, 0, 0; Constant delay
    %assign/vec4/a/d v0000026413b0ed10, 0, 4;
T_24.57 ;
T_24.56 ;
T_24.54 ;
    %pushi/vec4 1, 0, 3;
    %assign/vec4 v0000026413b0fb70_0, 0;
    %jmp T_24.52;
T_24.51 ;
    %load/vec4 v0000026413b0ebd0_0;
    %assign/vec4 v0000026413b0f030_0, 0;
    %load/vec4 v0000026413b0deb0_0;
    %assign/vec4 v0000026413b0e950_0, 0;
    %pushi/vec4 1, 0, 1;
    %assign/vec4 v0000026413b0fad0_0, 0;
    %pushi/vec4 5, 0, 3;
    %assign/vec4 v0000026413b0fb70_0, 0;
T_24.52 ;
    %jmp T_24.36;
T_24.33 ;
    %load/vec4 v0000026413b0ebd0_0;
    %parti/s 3, 0, 2;
    %load/vec4 v0000026413b0e130_0;
    %concat/vec4; draw_concat_vec4
    %assign/vec4 v0000026413b0ea90_0, 0;
    %pushi/vec4 1, 0, 3;
    %assign/vec4 v0000026413b0fb70_0, 0;
    %jmp T_24.36;
T_24.34 ;
    %load/vec4 v0000026413b0e270_0;
    %nor/r;
    %flag_set/vec4 8;
    %jmp/0xz  T_24.60, 8;
    %load/vec4 v0000026413b0ebd0_0;
    %parti/s 3, 0, 2;
    %load/vec4 v0000026413b0e130_0;
    %concat/vec4; draw_concat_vec4
    %assign/vec4 v0000026413b0ea90_0, 0;
T_24.60 ;
    %pushi/vec4 1, 0, 3;
    %assign/vec4 v0000026413b0fb70_0, 0;
    %jmp T_24.36;
T_24.35 ;
    %load/vec4 v0000026413b0ec70_0;
    %flag_set/vec4 8;
    %jmp/0xz  T_24.62, 8;
    %load/vec4 v0000026413b0ebd0_0;
    %parti/s 3, 0, 2;
    %load/vec4 v0000026413b0e130_0;
    %concat/vec4; draw_concat_vec4
    %assign/vec4 v0000026413b0ea90_0, 0;
T_24.62 ;
    %pushi/vec4 1, 0, 3;
    %assign/vec4 v0000026413b0fb70_0, 0;
    %jmp T_24.36;
T_24.36 ;
    %pop/vec4 1;
    %jmp T_24.8;
T_24.7 ;
    %load/vec4 v0000026413b0f2b0_0;
    %nor/r;
    %flag_set/vec4 8;
    %jmp/0xz  T_24.64, 8;
    %load/vec4 v0000026413b0e8b0_0;
    %flag_set/vec4 8;
    %jmp/0xz  T_24.66, 8;
    %load/vec4 v0000026413b0f670_0;
    %assign/vec4 v0000026413b0deb0_0, 0;
T_24.66 ;
    %pushi/vec4 1, 0, 3;
    %assign/vec4 v0000026413b0fb70_0, 0;
    %jmp T_24.65;
T_24.64 ;
    %load/vec4 v0000026413b0e8b0_0;
    %assign/vec4 v0000026413b0e8b0_0, 0;
    %load/vec4 v0000026413b0fad0_0;
    %assign/vec4 v0000026413b0fad0_0, 0;
T_24.65 ;
    %jmp T_24.8;
T_24.8 ;
    %pop/vec4 1;
T_24.1 ;
    %jmp T_24;
    .thread T_24;
    .scope S_0000026413a9f940;
T_25 ;
    %wait E_0000026413a8ad50;
    %load/vec4 v0000026413b26f70_0;
    %nor/r;
    %flag_set/vec4 8;
    %jmp/0xz  T_25.0, 8;
    %pushi/vec4 0, 0, 8;
    %assign/vec4 v0000026413b27dd0_0, 0;
    %pushi/vec4 0, 0, 8;
    %assign/vec4 v0000026413b27010_0, 0;
    %jmp T_25.1;
T_25.0 ;
    %load/vec4 v0000026413b244d0_0;
    %flag_set/vec4 9;
    %flag_get/vec4 9;
    %jmp/0 T_25.4, 9;
    %load/vec4 v0000026413b22130_0;
    %pushi/vec4 9, 0, 4;
    %cmp/e;
    %flag_get/vec4 4;
    %and;
T_25.4;
    %flag_set/vec4 8;
    %jmp/0xz  T_25.2, 8;
    %load/vec4 v0000026413b24430_0;
    %assign/vec4 v0000026413b27dd0_0, 0;
T_25.2 ;
    %load/vec4 v0000026413b2c010_0;
    %flag_set/vec4 9;
    %flag_get/vec4 9;
    %jmp/0 T_25.7, 9;
    %load/vec4 v0000026413b24e30_0;
    %pushi/vec4 9, 0, 4;
    %cmp/e;
    %flag_get/vec4 4;
    %and;
T_25.7;
    %flag_set/vec4 8;
    %jmp/0xz  T_25.5, 8;
    %load/vec4 v0000026413b2c150_0;
    %assign/vec4 v0000026413b27dd0_0, 0;
T_25.5 ;
    %load/vec4 v0000026413b2d050_0;
    %flag_set/vec4 9;
    %flag_get/vec4 9;
    %jmp/0 T_25.10, 9;
    %load/vec4 v0000026413b2c330_0;
    %pushi/vec4 9, 0, 4;
    %cmp/e;
    %flag_get/vec4 4;
    %and;
T_25.10;
    %flag_set/vec4 8;
    %jmp/0xz  T_25.8, 8;
    %load/vec4 v0000026413b2bcf0_0;
    %assign/vec4 v0000026413b27dd0_0, 0;
T_25.8 ;
    %load/vec4 v0000026413b2df50_0;
    %flag_set/vec4 9;
    %flag_get/vec4 9;
    %jmp/0 T_25.13, 9;
    %load/vec4 v0000026413b2d690_0;
    %pushi/vec4 9, 0, 4;
    %cmp/e;
    %flag_get/vec4 4;
    %and;
T_25.13;
    %flag_set/vec4 8;
    %jmp/0xz  T_25.11, 8;
    %load/vec4 v0000026413b2dff0_0;
    %assign/vec4 v0000026413b27dd0_0, 0;
T_25.11 ;
    %load/vec4 v0000026413b244d0_0;
    %flag_set/vec4 9;
    %flag_get/vec4 9;
    %jmp/0 T_25.16, 9;
    %load/vec4 v0000026413b22130_0;
    %pushi/vec4 10, 0, 4;
    %cmp/e;
    %flag_get/vec4 4;
    %and;
T_25.16;
    %flag_set/vec4 8;
    %jmp/0xz  T_25.14, 8;
    %load/vec4 v0000026413b24430_0;
    %assign/vec4 v0000026413b27010_0, 0;
T_25.14 ;
    %load/vec4 v0000026413b2c010_0;
    %flag_set/vec4 9;
    %flag_get/vec4 9;
    %jmp/0 T_25.19, 9;
    %load/vec4 v0000026413b24e30_0;
    %pushi/vec4 10, 0, 4;
    %cmp/e;
    %flag_get/vec4 4;
    %and;
T_25.19;
    %flag_set/vec4 8;
    %jmp/0xz  T_25.17, 8;
    %load/vec4 v0000026413b2c150_0;
    %assign/vec4 v0000026413b27010_0, 0;
T_25.17 ;
    %load/vec4 v0000026413b2d050_0;
    %flag_set/vec4 9;
    %flag_get/vec4 9;
    %jmp/0 T_25.22, 9;
    %load/vec4 v0000026413b2c330_0;
    %pushi/vec4 10, 0, 4;
    %cmp/e;
    %flag_get/vec4 4;
    %and;
T_25.22;
    %flag_set/vec4 8;
    %jmp/0xz  T_25.20, 8;
    %load/vec4 v0000026413b2bcf0_0;
    %assign/vec4 v0000026413b27010_0, 0;
T_25.20 ;
    %load/vec4 v0000026413b2df50_0;
    %flag_set/vec4 9;
    %flag_get/vec4 9;
    %jmp/0 T_25.25, 9;
    %load/vec4 v0000026413b2d690_0;
    %pushi/vec4 10, 0, 4;
    %cmp/e;
    %flag_get/vec4 4;
    %and;
T_25.25;
    %flag_set/vec4 8;
    %jmp/0xz  T_25.23, 8;
    %load/vec4 v0000026413b2dff0_0;
    %assign/vec4 v0000026413b27010_0, 0;
T_25.23 ;
T_25.1 ;
    %jmp T_25;
    .thread T_25;
    .scope S_0000026413a9f940;
T_26 ;
    %wait E_0000026413a8ad50;
    %load/vec4 v0000026413b22270_0;
    %flag_set/vec4 8;
    %jmp/0xz  T_26.0, 8;
    %load/vec4 v0000026413b221d0_0;
    %load/vec4 v0000026413b21f50_0;
    %pad/u 9;
    %ix/vec4 3;
    %ix/load 4, 0, 0; Constant delay
    %assign/vec4/a/d v0000026413b24570, 0, 4;
T_26.0 ;
    %jmp T_26;
    .thread T_26;
    .scope S_0000026413a9f940;
T_27 ;
    %wait E_0000026413a89550;
    %pushi/vec4 0, 0, 8;
    %store/vec4 v0000026413b23990_0, 0, 8;
    %load/vec4 v0000026413b22130_0;
    %cmpi/e 5, 0, 4;
    %jmp/0xz  T_27.0, 4;
    %load/vec4 v0000026413b22b30_0;
    %store/vec4 v0000026413b23990_0, 0, 8;
    %jmp T_27.1;
T_27.0 ;
    %load/vec4 v0000026413b22130_0;
    %cmpi/e 6, 0, 4;
    %jmp/0xz  T_27.2, 4;
    %pushi/vec4 0, 0, 4;
    %load/vec4 v0000026413b276f0_0;
    %parti/s 4, 0, 2;
    %concat/vec4; draw_concat_vec4
    %store/vec4 v0000026413b23990_0, 0, 8;
    %jmp T_27.3;
T_27.2 ;
    %load/vec4 v0000026413b22130_0;
    %cmpi/e 7, 0, 4;
    %jmp/0xz  T_27.4, 4;
    %load/vec4 v0000026413b24bb0_0;
    %store/vec4 v0000026413b23990_0, 0, 8;
    %jmp T_27.5;
T_27.4 ;
    %load/vec4 v0000026413b22130_0;
    %cmpi/e 9, 0, 4;
    %jmp/0xz  T_27.6, 4;
    %load/vec4 v0000026413b27dd0_0;
    %store/vec4 v0000026413b23990_0, 0, 8;
    %jmp T_27.7;
T_27.6 ;
    %load/vec4 v0000026413b22130_0;
    %cmpi/e 10, 0, 4;
    %jmp/0xz  T_27.8, 4;
    %load/vec4 v0000026413b27010_0;
    %store/vec4 v0000026413b23990_0, 0, 8;
T_27.8 ;
T_27.7 ;
T_27.5 ;
T_27.3 ;
T_27.1 ;
    %jmp T_27;
    .thread T_27, $push;
    .scope S_0000026413a9f940;
T_28 ;
    %wait E_0000026413a8ad50;
    %load/vec4 v0000026413b22590_0;
    %flag_set/vec4 9;
    %flag_get/vec4 9;
    %jmp/0 T_28.2, 9;
    %load/vec4 v0000026413a5f970_0;
    %pushi/vec4 4, 0, 3;
    %cmp/e;
    %flag_get/vec4 4;
    %and;
T_28.2;
    %flag_set/vec4 8;
    %jmp/0xz  T_28.0, 8;
    %vpi_call 3 141 "$display", "DBG|0|%0t|%h|%h|%h|%h|%h|%h|%h|%h|%h|%h|%h|%h|%h", $time, v0000026413a4f6b0_0, v0000026413a4ff70_0, v0000026413a9ce50_0, v0000026413a9d0d0_0, &A<v00000264139bb790, 0>, &A<v00000264139bb790, 1>, &A<v00000264139bb790, 2>, &A<v00000264139bb790, 6>, v0000026413a4e990_0, v0000026413a4ecb0_0, v0000026413a3ca00_0, v00000264139bbbf0_0, 8'b00000000 {0 0 0};
T_28.0 ;
    %jmp T_28;
    .thread T_28;
    .scope S_0000026413a9f940;
T_29 ;
    %wait E_0000026413a8ad50;
    %load/vec4 v0000026413b2b250_0;
    %flag_set/vec4 8;
    %jmp/0xz  T_29.0, 8;
    %load/vec4 v0000026413b2b930_0;
    %load/vec4 v0000026413b2c0b0_0;
    %pad/u 9;
    %ix/vec4 3;
    %ix/load 4, 0, 0; Constant delay
    %assign/vec4/a/d v0000026413b2d910, 0, 4;
T_29.0 ;
    %jmp T_29;
    .thread T_29;
    .scope S_0000026413a9f940;
T_30 ;
    %wait E_0000026413a8ad50;
    %load/vec4 v0000026413b2c970_0;
    %flag_set/vec4 8;
    %jmp/0xz  T_30.0, 8;
    %vpi_call 3 172 "$display", "[%0t] CPU 1 WROTE TO TX FIFO: 0x%h", $time, v0000026413b2c150_0 {0 0 0};
T_30.0 ;
    %jmp T_30;
    .thread T_30;
    .scope S_0000026413a9f940;
T_31 ;
    %wait E_0000026413a87a10;
    %pushi/vec4 0, 0, 8;
    %store/vec4 v0000026413b24a70_0, 0, 8;
    %load/vec4 v0000026413b24e30_0;
    %cmpi/e 5, 0, 4;
    %jmp/0xz  T_31.0, 4;
    %load/vec4 v0000026413b2b4d0_0;
    %store/vec4 v0000026413b24a70_0, 0, 8;
    %jmp T_31.1;
T_31.0 ;
    %load/vec4 v0000026413b24e30_0;
    %cmpi/e 6, 0, 4;
    %jmp/0xz  T_31.2, 4;
    %pushi/vec4 0, 0, 4;
    %load/vec4 v0000026413b276f0_0;
    %parti/s 4, 0, 2;
    %concat/vec4; draw_concat_vec4
    %store/vec4 v0000026413b24a70_0, 0, 8;
    %jmp T_31.3;
T_31.2 ;
    %load/vec4 v0000026413b24e30_0;
    %cmpi/e 7, 0, 4;
    %jmp/0xz  T_31.4, 4;
    %load/vec4 v0000026413b2b570_0;
    %store/vec4 v0000026413b24a70_0, 0, 8;
    %jmp T_31.5;
T_31.4 ;
    %load/vec4 v0000026413b24e30_0;
    %cmpi/e 9, 0, 4;
    %jmp/0xz  T_31.6, 4;
    %load/vec4 v0000026413b27dd0_0;
    %store/vec4 v0000026413b24a70_0, 0, 8;
    %jmp T_31.7;
T_31.6 ;
    %load/vec4 v0000026413b24e30_0;
    %cmpi/e 10, 0, 4;
    %jmp/0xz  T_31.8, 4;
    %load/vec4 v0000026413b27010_0;
    %store/vec4 v0000026413b24a70_0, 0, 8;
T_31.8 ;
T_31.7 ;
T_31.5 ;
T_31.3 ;
T_31.1 ;
    %jmp T_31;
    .thread T_31, $push;
    .scope S_0000026413a9f940;
T_32 ;
    %wait E_0000026413a8ad50;
    %load/vec4 v0000026413b2b610_0;
    %flag_set/vec4 9;
    %flag_get/vec4 9;
    %jmp/0 T_32.2, 9;
    %load/vec4 v0000026413b015d0_0;
    %pushi/vec4 4, 0, 3;
    %cmp/e;
    %flag_get/vec4 4;
    %and;
T_32.2;
    %flag_set/vec4 8;
    %jmp/0xz  T_32.0, 8;
    %vpi_call 3 204 "$display", "DBG|1|%0t|%h|%h|%h|%h|%h|%h|%h|%h|%h|%h|%h|%h|%h", $time, v0000026413b002d0_0, v0000026413b000f0_0, v0000026413b00050_0, v0000026413aff5b0_0, &A<v0000026413b03b50, 0>, &A<v0000026413b03b50, 1>, &A<v0000026413b03b50, 2>, &A<v0000026413b03b50, 6>, v0000026413b011d0_0, v0000026413b009b0_0, v0000026413b036f0_0, v0000026413b029d0_0, 8'b00000000 {0 0 0};
T_32.0 ;
    %jmp T_32;
    .thread T_32;
    .scope S_0000026413a9f940;
T_33 ;
    %wait E_0000026413a8ad50;
    %load/vec4 v0000026413b2be30_0;
    %flag_set/vec4 8;
    %jmp/0xz  T_33.0, 8;
    %load/vec4 v0000026413b2c830_0;
    %load/vec4 v0000026413b2cab0_0;
    %pad/u 9;
    %ix/vec4 3;
    %ix/load 4, 0, 0; Constant delay
    %assign/vec4/a/d v0000026413b2d2d0, 0, 4;
T_33.0 ;
    %jmp T_33;
    .thread T_33;
    .scope S_0000026413a9f940;
T_34 ;
    %wait E_0000026413a88610;
    %pushi/vec4 0, 0, 8;
    %store/vec4 v0000026413b2c6f0_0, 0, 8;
    %load/vec4 v0000026413b2c330_0;
    %cmpi/e 5, 0, 4;
    %jmp/0xz  T_34.0, 4;
    %load/vec4 v0000026413b2d370_0;
    %store/vec4 v0000026413b2c6f0_0, 0, 8;
    %jmp T_34.1;
T_34.0 ;
    %load/vec4 v0000026413b2c330_0;
    %cmpi/e 6, 0, 4;
    %jmp/0xz  T_34.2, 4;
    %pushi/vec4 0, 0, 4;
    %load/vec4 v0000026413b276f0_0;
    %parti/s 4, 0, 2;
    %concat/vec4; draw_concat_vec4
    %store/vec4 v0000026413b2c6f0_0, 0, 8;
    %jmp T_34.3;
T_34.2 ;
    %load/vec4 v0000026413b2c330_0;
    %cmpi/e 7, 0, 4;
    %jmp/0xz  T_34.4, 4;
    %load/vec4 v0000026413b2bf70_0;
    %store/vec4 v0000026413b2c6f0_0, 0, 8;
    %jmp T_34.5;
T_34.4 ;
    %load/vec4 v0000026413b2c330_0;
    %cmpi/e 9, 0, 4;
    %jmp/0xz  T_34.6, 4;
    %load/vec4 v0000026413b27dd0_0;
    %store/vec4 v0000026413b2c6f0_0, 0, 8;
    %jmp T_34.7;
T_34.6 ;
    %load/vec4 v0000026413b2c330_0;
    %cmpi/e 10, 0, 4;
    %jmp/0xz  T_34.8, 4;
    %load/vec4 v0000026413b27010_0;
    %store/vec4 v0000026413b2c6f0_0, 0, 8;
T_34.8 ;
T_34.7 ;
T_34.5 ;
T_34.3 ;
T_34.1 ;
    %jmp T_34;
    .thread T_34, $push;
    .scope S_0000026413a9f940;
T_35 ;
    %wait E_0000026413a8ad50;
    %load/vec4 v0000026413b2daf0_0;
    %flag_set/vec4 8;
    %jmp/0xz  T_35.0, 8;
    %load/vec4 v0000026413b2da50_0;
    %load/vec4 v0000026413b2de10_0;
    %pad/u 9;
    %ix/vec4 3;
    %ix/load 4, 0, 0; Constant delay
    %assign/vec4/a/d v0000026413b2d9b0, 0, 4;
T_35.0 ;
    %jmp T_35;
    .thread T_35;
    .scope S_0000026413a9f940;
T_36 ;
    %wait E_0000026413a88190;
    %pushi/vec4 0, 0, 8;
    %store/vec4 v0000026413b2d730_0, 0, 8;
    %load/vec4 v0000026413b2d690_0;
    %cmpi/e 5, 0, 4;
    %jmp/0xz  T_36.0, 4;
    %load/vec4 v0000026413b26e30_0;
    %store/vec4 v0000026413b2d730_0, 0, 8;
    %jmp T_36.1;
T_36.0 ;
    %load/vec4 v0000026413b2d690_0;
    %cmpi/e 6, 0, 4;
    %jmp/0xz  T_36.2, 4;
    %pushi/vec4 0, 0, 4;
    %load/vec4 v0000026413b276f0_0;
    %parti/s 4, 0, 2;
    %concat/vec4; draw_concat_vec4
    %store/vec4 v0000026413b2d730_0, 0, 8;
    %jmp T_36.3;
T_36.2 ;
    %load/vec4 v0000026413b2d690_0;
    %cmpi/e 7, 0, 4;
    %jmp/0xz  T_36.4, 4;
    %load/vec4 v0000026413b27e70_0;
    %store/vec4 v0000026413b2d730_0, 0, 8;
    %jmp T_36.5;
T_36.4 ;
    %load/vec4 v0000026413b2d690_0;
    %cmpi/e 9, 0, 4;
    %jmp/0xz  T_36.6, 4;
    %load/vec4 v0000026413b27dd0_0;
    %store/vec4 v0000026413b2d730_0, 0, 8;
    %jmp T_36.7;
T_36.6 ;
    %load/vec4 v0000026413b2d690_0;
    %cmpi/e 10, 0, 4;
    %jmp/0xz  T_36.8, 4;
    %load/vec4 v0000026413b27010_0;
    %store/vec4 v0000026413b2d730_0, 0, 8;
T_36.8 ;
T_36.7 ;
T_36.5 ;
T_36.3 ;
T_36.1 ;
    %jmp T_36;
    .thread T_36, $push;
    .scope S_0000026413aa3c70;
T_37 ;
    %pushi/vec4 0, 0, 1;
    %store/vec4 v0000026413b26bb0_0, 0, 1;
T_37.0 ;
    %delay 10000, 0;
    %load/vec4 v0000026413b26bb0_0;
    %inv;
    %store/vec4 v0000026413b26bb0_0, 0, 1;
    %jmp T_37.0;
    %end;
    .thread T_37;
    .scope S_0000026413aa3c70;
T_38 ;
    %pushi/vec4 0, 0, 8;
    %store/vec4 v0000026413b28230_0, 0, 8;
    %pushi/vec4 1, 0, 1;
    %ix/load 4, 0, 0;
    %flag_set/imm 4, 0;
    %store/vec4 v0000026413b28230_0, 4, 1;
    %pushi/vec4 1, 0, 1;
    %store/vec4 v0000026413b264d0_0, 0, 1;
    %pushi/vec4 0, 0, 1;
    %store/vec4 v0000026413b27a10_0, 0, 1;
    %delay 50000, 0;
    %pushi/vec4 1, 0, 1;
    %store/vec4 v0000026413b27a10_0, 0, 1;
    %delay 50000, 0;
    %vpi_call 2 74 "$display", "[Test 3.3] I2C Multi-Core Loopback (CPU0=Master, CPU1=Slave)" {0 0 0};
    %pushi/vec4 0, 0, 8;
    %store/vec4 v0000026413b26890_0, 0, 8;
    %pushi/vec4 0, 0, 32; draw_string_vec4
    %pushi/vec4 0, 0, 32; draw_string_vec4
    %concat/vec4; draw_string_vec4
    %pushi/vec4 0, 0, 32; draw_string_vec4
    %concat/vec4; draw_string_vec4
    %pushi/vec4 0, 0, 32; draw_string_vec4
    %concat/vec4; draw_string_vec4
    %pushi/vec4 0, 0, 32; draw_string_vec4
    %concat/vec4; draw_string_vec4
    %pushi/vec4 0, 0, 32; draw_string_vec4
    %concat/vec4; draw_string_vec4
    %pushi/vec4 0, 0, 32; draw_string_vec4
    %concat/vec4; draw_string_vec4
    %pushi/vec4 0, 0, 32; draw_string_vec4
    %concat/vec4; draw_string_vec4
    %pushi/vec4 0, 0, 32; draw_string_vec4
    %concat/vec4; draw_string_vec4
    %pushi/vec4 0, 0, 32; draw_string_vec4
    %concat/vec4; draw_string_vec4
    %pushi/vec4 0, 0, 32; draw_string_vec4
    %concat/vec4; draw_string_vec4
    %pushi/vec4 0, 0, 32; draw_string_vec4
    %concat/vec4; draw_string_vec4
    %pushi/vec4 0, 0, 32; draw_string_vec4
    %concat/vec4; draw_string_vec4
    %pushi/vec4 0, 0, 32; draw_string_vec4
    %concat/vec4; draw_string_vec4
    %pushi/vec4 0, 0, 32; draw_string_vec4
    %concat/vec4; draw_string_vec4
    %pushi/vec4 0, 0, 32; draw_string_vec4
    %concat/vec4; draw_string_vec4
    %pushi/vec4 0, 0, 32; draw_string_vec4
    %concat/vec4; draw_string_vec4
    %pushi/vec4 0, 0, 32; draw_string_vec4
    %concat/vec4; draw_string_vec4
    %pushi/vec4 1886547828, 0, 32; draw_string_vec4
    %concat/vec4; draw_string_vec4
    %pushi/vec4 1868787564, 0, 32; draw_string_vec4
    %concat/vec4; draw_string_vec4
    %pushi/vec4 1932486962, 0, 32; draw_string_vec4
    %concat/vec4; draw_string_vec4
    %pushi/vec4 1664051506, 0, 32; draw_string_vec4
    %concat/vec4; draw_string_vec4
    %pushi/vec4 1667198305, 0, 32; draw_string_vec4
    %concat/vec4; draw_string_vec4
    %pushi/vec4 1937007986, 0, 32; draw_string_vec4
    %concat/vec4; draw_string_vec4
    %pushi/vec4 778593656, 0, 32; draw_string_vec4
    %concat/vec4; draw_string_vec4
    %store/vec4 v0000026413b287d0_0, 0, 800;
    %fork TD_test_3_3_i2c_loopback.load_cpu_ram, S_0000026413b30610;
    %join;
    %pushi/vec4 1, 0, 8;
    %store/vec4 v0000026413b26890_0, 0, 8;
    %pushi/vec4 0, 0, 32; draw_string_vec4
    %pushi/vec4 0, 0, 32; draw_string_vec4
    %concat/vec4; draw_string_vec4
    %pushi/vec4 0, 0, 32; draw_string_vec4
    %concat/vec4; draw_string_vec4
    %pushi/vec4 0, 0, 32; draw_string_vec4
    %concat/vec4; draw_string_vec4
    %pushi/vec4 0, 0, 32; draw_string_vec4
    %concat/vec4; draw_string_vec4
    %pushi/vec4 0, 0, 32; draw_string_vec4
    %concat/vec4; draw_string_vec4
    %pushi/vec4 0, 0, 32; draw_string_vec4
    %concat/vec4; draw_string_vec4
    %pushi/vec4 0, 0, 32; draw_string_vec4
    %concat/vec4; draw_string_vec4
    %pushi/vec4 0, 0, 32; draw_string_vec4
    %concat/vec4; draw_string_vec4
    %pushi/vec4 0, 0, 32; draw_string_vec4
    %concat/vec4; draw_string_vec4
    %pushi/vec4 0, 0, 32; draw_string_vec4
    %concat/vec4; draw_string_vec4
    %pushi/vec4 0, 0, 32; draw_string_vec4
    %concat/vec4; draw_string_vec4
    %pushi/vec4 0, 0, 32; draw_string_vec4
    %concat/vec4; draw_string_vec4
    %pushi/vec4 0, 0, 32; draw_string_vec4
    %concat/vec4; draw_string_vec4
    %pushi/vec4 0, 0, 32; draw_string_vec4
    %concat/vec4; draw_string_vec4
    %pushi/vec4 0, 0, 32; draw_string_vec4
    %concat/vec4; draw_string_vec4
    %pushi/vec4 0, 0, 32; draw_string_vec4
    %concat/vec4; draw_string_vec4
    %pushi/vec4 0, 0, 32; draw_string_vec4
    %concat/vec4; draw_string_vec4
    %pushi/vec4 7369327, 0, 32; draw_string_vec4
    %concat/vec4; draw_string_vec4
    %pushi/vec4 1953457007, 0, 32; draw_string_vec4
    %concat/vec4; draw_string_vec4
    %pushi/vec4 1819488105, 0, 32; draw_string_vec4
    %concat/vec4; draw_string_vec4
    %pushi/vec4 845361001, 0, 32; draw_string_vec4
    %concat/vec4; draw_string_vec4
    %pushi/vec4 845373299, 0, 32; draw_string_vec4
    %concat/vec4; draw_string_vec4
    %pushi/vec4 1818326629, 0, 32; draw_string_vec4
    %concat/vec4; draw_string_vec4
    %pushi/vec4 778593656, 0, 32; draw_string_vec4
    %concat/vec4; draw_string_vec4
    %store/vec4 v0000026413b287d0_0, 0, 800;
    %fork TD_test_3_3_i2c_loopback.load_cpu_ram, S_0000026413b30610;
    %join;
    %vpi_call 2 80 "$monitor", "[%0t] SCL=%b, SDA=%b", $time, v0000026413b26430_0, v0000026413b27ab0_0 {0 0 0};
    %pushi/vec4 0, 0, 1;
    %ix/load 4, 0, 0;
    %flag_set/imm 4, 0;
    %store/vec4 v0000026413b28230_0, 4, 1;
    %pushi/vec4 7, 0, 8;
    %store/vec4 v0000026413b26390_0, 0, 8;
    %fork TD_test_3_3_i2c_loopback.spi_send_byte, S_0000026413b30f70;
    %join;
    %pushi/vec4 1, 0, 1;
    %ix/load 4, 0, 0;
    %flag_set/imm 4, 0;
    %store/vec4 v0000026413b28230_0, 4, 1;
    %delay 100000, 0;
    %pushi/vec4 0, 0, 1;
    %ix/load 4, 0, 0;
    %flag_set/imm 4, 0;
    %store/vec4 v0000026413b28230_0, 4, 1;
    %pushi/vec4 6, 0, 8;
    %store/vec4 v0000026413b26390_0, 0, 8;
    %fork TD_test_3_3_i2c_loopback.spi_send_byte, S_0000026413b30f70;
    %join;
    %pushi/vec4 1, 0, 1;
    %ix/load 4, 0, 0;
    %flag_set/imm 4, 0;
    %store/vec4 v0000026413b28230_0, 4, 1;
    %delay 100000, 0;
    %vpi_call 2 90 "$display", "Host sending 0x77 to CPU 0 (Master)..." {0 0 0};
    %pushi/vec4 0, 0, 1;
    %ix/load 4, 0, 0;
    %flag_set/imm 4, 0;
    %store/vec4 v0000026413b28230_0, 4, 1;
    %pushi/vec4 2, 0, 8;
    %store/vec4 v0000026413b26390_0, 0, 8;
    %fork TD_test_3_3_i2c_loopback.spi_send_byte, S_0000026413b30f70;
    %join;
    %pushi/vec4 119, 0, 8;
    %store/vec4 v0000026413b26390_0, 0, 8;
    %fork TD_test_3_3_i2c_loopback.spi_send_byte, S_0000026413b30f70;
    %join;
    %pushi/vec4 1, 0, 1;
    %ix/load 4, 0, 0;
    %flag_set/imm 4, 0;
    %store/vec4 v0000026413b28230_0, 4, 1;
    %delay 500000000, 0;
    %vpi_call 2 99 "$display", "Reading from CPU 1 (Slave) TX FIFO..." {0 0 0};
    %pushi/vec4 0, 0, 1;
    %ix/load 4, 0, 0;
    %flag_set/imm 4, 0;
    %store/vec4 v0000026413b28230_0, 4, 1;
    %pushi/vec4 5, 0, 8;
    %store/vec4 v0000026413b26390_0, 0, 8;
    %fork TD_test_3_3_i2c_loopback.spi_send_byte, S_0000026413b30f70;
    %join;
    %fork TD_test_3_3_i2c_loopback.spi_read_byte, S_0000026413b2fcb0;
    %join;
    %load/vec4 v0000026413b28050_0;
    %store/vec4 v0000026413b271f0_0, 0, 8;
    %pushi/vec4 1, 0, 1;
    %ix/load 4, 0, 0;
    %flag_set/imm 4, 0;
    %store/vec4 v0000026413b28230_0, 4, 1;
    %vpi_call 2 102 "$display", "Received Data: 0x%0x", v0000026413b271f0_0 {0 0 0};
    %load/vec4 v0000026413b271f0_0;
    %cmpi/e 119, 0, 8;
    %jmp/0xz  T_38.0, 4;
    %vpi_call 2 104 "$display", "LOOPBACK PASSED!" {0 0 0};
    %jmp T_38.1;
T_38.0 ;
    %vpi_call 2 106 "$display", "LOOPBACK FAILED!" {0 0 0};
T_38.1 ;
    %delay 1000000, 0;
    %vpi_call 2 109 "$display", "[Test 3.3] Completed. Check test_3_3_i2c_loopback.vcd" {0 0 0};
    %vpi_call 2 110 "$finish" {0 0 0};
    %end;
    .thread T_38;
    .scope S_0000026413aa3c70;
T_39 ;
    %vpi_call 2 113 "$dumpfile", "test_3_3_i2c_loopback.vcd" {0 0 0};
    %vpi_call 2 113 "$dumpvars", 32'sb00000000000000000000000000000000, S_0000026413aa3c70 {0 0 0};
    %end;
    .thread T_39;
# The file index is used to find the file name in the following table.
:file_names 9;
    "N/A";
    "<interactive>";
    "tests/test_3_3_i2c_loopback.v";
    "rtl/top.v";
    "rtl/cpu_core.v";
    "rtl/decoder.v";
    "rtl/fifo.v";
    "rtl/spi_slave.v";
    "rtl/timer.v";
