VCD info: dumpfile test_3_3_i2c_loopback.vcd opened for output.
[Test 3.3] I2C Multi-Core Loopback (CPU0=Master, CPU1=Slave)
[367160000] SCL=1, SDA=1
DBG|1|0|00|a|00|00|xx|xx|xx|xx|0|0|0|0|00
DBG|1|0|02|c|00|00|xx|xx|xx|xx|0|0|0|0|00
DBG|1|0|04|a|00|00|xx|xx|xx|xx|0|0|0|0|00
DBG|1|0|06|c|03|00|xx|xx|xx|xx|0|0|0|0|00
DBG|1|0|08|b|03|03|xx|xx|xx|xx|0|0|0|0|00
DBG|1|0|0a|2|03|03|xx|xx|xx|xx|0|0|0|0|00
DBG|1|0|0b|c|03|03|xx|xx|xx|xx|0|0|0|0|00
DBG|1|0|0d|a|03|03|03|xx|xx|xx|0|0|0|0|00
DBG|1|0|0f|c|02|03|03|xx|xx|xx|0|0|0|0|00
DBG|1|0|11|b|02|02|03|xx|xx|xx|0|0|0|0|00
DBG|1|0|13|1|03|02|03|xx|xx|xx|0|0|0|0|00
DBG|1|0|14|e|01|02|03|xx|xx|xx|0|0|0|0|00
DBG|1|0|04|a|01|02|03|xx|xx|xx|0|0|0|0|00
DBG|1|0|06|c|03|02|03|xx|xx|xx|0|0|0|0|00
DBG|1|0|08|b|03|03|03|xx|xx|xx|0|0|0|0|00
DBG|1|0|0a|2|03|03|03|xx|xx|xx|0|0|0|0|00
DBG|1|0|0b|c|03|03|03|xx|xx|xx|0|0|0|0|00
DBG|1|0|0d|a|03|03|03|xx|xx|xx|0|0|0|0|00
DBG|1|0|0f|c|02|03|03|xx|xx|xx|0|0|0|0|00
DBG|1|0|11|b|02|02|03|xx|xx|xx|0|0|0|0|00
DBG|1|0|13|1|03|02|03|xx|xx|xx|0|0|0|0|00
DBG|1|0|14|e|01|02|03|xx|xx|xx|0|0|0|0|00
DBG|1|0|04|a|01|02|03|xx|xx|xx|0|0|0|0|00
DBG|1|0|06|c|03|02|03|xx|xx|xx|0|0|0|0|00
DBG|1|0|08|b|03|03|03|xx|xx|xx|0|0|0|0|00
DBG|1|0|0a|2|03|03|03|xx|xx|xx|0|0|0|0|00
DBG|1|0|0b|c|03|03|03|xx|xx|xx|0|0|0|0|00
DBG|1|0|0d|a|03|03|03|xx|xx|xx|0|0|0|0|00
DBG|1|0|0f|c|02|03|03|xx|xx|xx|0|0|0|0|00
DBG|1|0|11|b|02|02|03|xx|xx|xx|0|0|0|0|00
DBG|0|0|00|8|00|00|xx|xx|xx|xx|0|0|0|0|00
DBG|1|0|13|1|03|02|03|xx|xx|xx|0|0|0|0|00
DBG|0|0|02|8|00|00|xx|xx|xx|xx|0|0|0|0|00
DBG|1|0|14|e|01|02|03|xx|xx|xx|0|0|0|0|00
DBG|0|0|04|a|00|00|xx|xx|xx|xx|0|0|0|0|00
Host sending 0x77 to CPU 0 (Master)...
DBG|1|0|04|a|01|02|03|xx|xx|xx|0|0|0|0|00
DBG|0|0|06|c|01|00|xx|xx|xx|xx|0|0|0|0|00
[370710000] SCL=1, SDA=0
DBG|1|0|06|c|03|02|03|xx|xx|xx|0|0|0|0|00
DBG|0|0|08|a|01|00|xx|xx|xx|xx|0|0|1|0|00
DBG|1|0|08|b|03|03|03|xx|xx|xx|0|0|0|0|00
DBG|0|0|0a|c|0f|00|xx|xx|xx|xx|0|0|1|0|00
DBG|1|0|0a|2|02|03|03|xx|xx|xx|0|0|0|0|00
DBG|0|0|0c|a|0f|00|xx|xx|xx|xx|0|0|1|0|00
DBG|1|0|0b|c|02|03|03|xx|xx|xx|0|0|0|0|00
DBG|0|0|0e|c|01|00|xx|xx|xx|xx|0|0|1|0|00
DBG|1|0|0d|a|02|03|02|xx|xx|xx|0|0|0|0|00
DBG|0|0|10|b|01|01|xx|xx|xx|xx|0|0|1|0|00
DBG|1|0|0f|c|02|03|02|xx|xx|xx|0|0|0|0|00
DBG|0|0|12|1|0f|01|xx|xx|xx|xx|0|0|1|0|00
DBG|0|0|13|c|0e|01|xx|xx|xx|xx|0|0|1|0|00
DBG|1|0|11|b|02|02|02|xx|xx|xx|0|0|0|0|00
DBG|1|0|13|1|02|02|02|xx|xx|xx|0|0|0|0|00
DBG|0|0|15|e|0e|01|xx|xx|xx|xx|0|0|1|0|00
DBG|1|0|14|e|00|02|02|xx|xx|xx|0|1|0|0|00
DBG|0|0|10|b|0e|01|xx|xx|xx|xx|0|0|1|0|00
DBG|1|0|17|a|00|02|02|xx|xx|xx|0|1|0|0|00
DBG|0|0|12|1|0e|01|xx|xx|xx|xx|0|0|1|0|00
DBG|0|0|13|c|0d|01|xx|xx|xx|xx|0|0|1|0|00
DBG|1|0|19|c|08|02|02|xx|xx|xx|0|1|0|0|00
DBG|1|0|1b|a|08|02|02|08|xx|xx|0|1|0|0|00
DBG|0|0|15|e|0d|01|xx|xx|xx|xx|0|0|1|0|00
DBG|1|0|1d|c|00|02|02|08|xx|xx|0|1|0|0|00
DBG|0|0|10|b|0d|01|xx|xx|xx|xx|0|0|1|0|00
DBG|1|0|1f|a|00|02|00|08|xx|xx|0|1|0|0|00
DBG|0|0|12|1|0d|01|xx|xx|xx|xx|0|0|1|0|00
DBG|0|0|13|c|0c|01|xx|xx|xx|xx|0|0|1|0|00
DBG|1|0|21|c|02|02|00|08|xx|xx|0|1|0|0|00
DBG|1|0|23|b|02|02|00|08|xx|xx|0|1|0|0|00
DBG|0|0|15|e|0c|01|xx|xx|xx|xx|0|0|1|0|00
DBG|1|0|25|2|02|02|00|08|xx|xx|0|1|0|0|00
DBG|0|0|10|b|0c|01|xx|xx|xx|xx|0|0|1|0|00
DBG|0|0|12|1|0c|01|xx|xx|xx|xx|0|0|1|0|00
DBG|1|0|26|e|02|02|00|08|xx|xx|0|0|0|0|00
DBG|0|0|13|c|0b|01|xx|xx|xx|xx|0|0|1|0|00
DBG|1|0|1f|a|02|02|00|08|xx|xx|0|0|0|0|00
DBG|0|0|15|e|0b|01|xx|xx|xx|xx|0|0|1|0|00
DBG|1|0|21|c|02|02|00|08|xx|xx|0|0|0|0|00
DBG|1|0|23|b|02|02|00|08|xx|xx|0|0|0|0|00
DBG|0|0|10|b|0b|01|xx|xx|xx|xx|0|0|1|0|00
DBG|0|0|12|1|0b|01|xx|xx|xx|xx|0|0|1|0|00
DBG|1|0|25|2|02|02|00|08|xx|xx|0|0|0|0|00
DBG|0|0|13|c|0a|01|xx|xx|xx|xx|0|0|1|0|00
DBG|1|0|26|e|02|02|00|08|xx|xx|0|0|0|0|00
DBG|0|0|15|e|0a|01|xx|xx|xx|xx|0|0|1|0|00
DBG|1|0|1f|a|02|02|00|08|xx|xx|0|0|0|0|00
DBG|0|0|10|b|0a|01|xx|xx|xx|xx|0|0|1|0|00
DBG|1|0|21|c|02|02|00|08|xx|xx|0|0|0|0|00
DBG|0|0|12|1|0a|01|xx|xx|xx|xx|0|0|1|0|00
DBG|1|0|23|b|02|02|00|08|xx|xx|0|0|0|0|00
DBG|0|0|13|c|09|01|xx|xx|xx|xx|0|0|1|0|00
DBG|1|0|25|2|02|02|00|08|xx|xx|0|0|0|0|00
DBG|0|0|15|e|09|01|xx|xx|xx|xx|0|0|1|0|00
DBG|1|0|26|e|02|02|00|08|xx|xx|0|0|0|0|00
DBG|0|0|10|b|09|01|xx|xx|xx|xx|0|0|1|0|00
DBG|1|0|1f|a|02|02|00|08|xx|xx|0|0|0|0|00
DBG|0|0|12|1|09|01|xx|xx|xx|xx|0|0|1|0|00
DBG|0|0|13|c|08|01|xx|xx|xx|xx|0|0|1|0|00
DBG|1|0|21|c|02|02|00|08|xx|xx|0|0|0|0|00
DBG|1|0|23|b|02|02|00|08|xx|xx|0|0|0|0|00
DBG|0|0|15|e|08|01|xx|xx|xx|xx|0|0|1|0|00
DBG|1|0|25|2|02|02|00|08|xx|xx|0|0|0|0|00
DBG|0|0|10|b|08|01|xx|xx|xx|xx|0|0|1|0|00
DBG|0|0|12|1|08|01|xx|xx|xx|xx|0|0|1|0|00
DBG|1|0|26|e|02|02|00|08|xx|xx|0|0|0|0|00
DBG|0|0|13|c|07|01|xx|xx|xx|xx|0|0|1|0|00
DBG|1|0|1f|a|02|02|00|08|xx|xx|0|0|0|0|00
DBG|0|0|15|e|07|01|xx|xx|xx|xx|0|0|1|0|00
DBG|1|0|21|c|02|02|00|08|xx|xx|0|0|0|0|00
DBG|1|0|23|b|02|02|00|08|xx|xx|0|0|0|0|00
DBG|0|0|10|b|07|01|xx|xx|xx|xx|0|0|1|0|00
DBG|0|0|12|1|07|01|xx|xx|xx|xx|0|0|1|0|00
DBG|1|0|25|2|02|02|00|08|xx|xx|0|0|0|0|00
DBG|0|0|13|c|06|01|xx|xx|xx|xx|0|0|1|0|00
DBG|1|0|26|e|02|02|00|08|xx|xx|0|0|0|0|00
DBG|0|0|15|e|06|01|xx|xx|xx|xx|0|0|1|0|00
DBG|1|0|1f|a|02|02|00|08|xx|xx|0|0|0|0|00
DBG|0|0|10|b|06|01|xx|xx|xx|xx|0|0|1|0|00
DBG|1|0|21|c|02|02|00|08|xx|xx|0|0|0|0|00
DBG|0|0|12|1|06|01|xx|xx|xx|xx|0|0|1|0|00
DBG|1|0|23|b|02|02|00|08|xx|xx|0|0|0|0|00
DBG|0|0|13|c|05|01|xx|xx|xx|xx|0|0|1|0|00
DBG|1|0|25|2|02|02|00|08|xx|xx|0|0|0|0|00
DBG|0|0|15|e|05|01|xx|xx|xx|xx|0|0|1|0|00
DBG|1|0|26|e|02|02|00|08|xx|xx|0|0|0|0|00
DBG|0|0|10|b|05|01|xx|xx|xx|xx|0|0|1|0|00
DBG|1|0|1f|a|02|02|00|08|xx|xx|0|0|0|0|00
DBG|0|0|12|1|05|01|xx|xx|xx|xx|0|0|1|0|00
DBG|0|0|13|c|04|01|xx|xx|xx|xx|0|0|1|0|00
DBG|1|0|21|c|02|02|00|08|xx|xx|0|0|0|0|00
DBG|1|0|23|b|02|02|00|08|xx|xx|0|0|0|0|00
DBG|0|0|15|e|04|01|xx|xx|xx|xx|0|0|1|0|00
DBG|1|0|25|2|02|02|00|08|xx|xx|0|0|0|0|00
DBG|0|0|10|b|04|01|xx|xx|xx|xx|0|0|1|0|00
DBG|0|0|12|1|04|01|xx|xx|xx|xx|0|0|1|0|00
DBG|1|0|26|e|02|02|00|08|xx|xx|0|0|0|0|00
DBG|0|0|13|c|03|01|xx|xx|xx|xx|0|0|1|0|00
DBG|1|0|1f|a|02|02|00|08|xx|xx|0|0|0|0|00
DBG|0|0|15|e|03|01|xx|xx|xx|xx|0|0|1|0|00
DBG|1|0|21|c|02|02|00|08|xx|xx|0|0|0|0|00
DBG|1|0|23|b|02|02|00|08|xx|xx|0|0|0|0|00
DBG|0|0|10|b|03|01|xx|xx|xx|xx|0|0|1|0|00
DBG|0|0|12|1|03|01|xx|xx|xx|xx|0|0|1|0|00
DBG|1|0|25|2|02|02|00|08|xx|xx|0|0|0|0|00
DBG|0|0|13|c|02|01|xx|xx|xx|xx|0|0|1|0|00
DBG|1|0|26|e|02|02|00|08|xx|xx|0|0|0|0|00
DBG|0|0|15|e|02|01|xx|xx|xx|xx|0|0|1|0|00
DBG|1|0|1f|a|02|02|00|08|xx|xx|0|0|0|0|00
DBG|0|0|10|b|02|01|xx|xx|xx|xx|0|0|1|0|00
DBG|1|0|21|c|02|02|00|08|xx|xx|0|0|0|0|00
DBG|0|0|12|1|02|01|xx|xx|xx|xx|0|0|1|0|00
DBG|1|0|23|b|02|02|00|08|xx|xx|0|0|0|0|00
DBG|0|0|13|c|01|01|xx|xx|xx|xx|0|0|1|0|00
DBG|1|0|25|2|02|02|00|08|xx|xx|0|0|0|0|00
DBG|0|0|15|e|01|01|xx|xx|xx|xx|0|0|1|0|00
DBG|1|0|26|e|02|02|00|08|xx|xx|0|0|0|0|00
DBG|0|0|10|b|01|01|xx|xx|xx|xx|0|0|1|0|00
DBG|1|0|1f|a|02|02|00|08|xx|xx|0|0|0|0|00
DBG|0|0|12|1|01|01|xx|xx|xx|xx|0|0|1|0|00
DBG|0|0|13|c|00|01|xx|xx|xx|xx|0|1|1|0|00
DBG|1|0|21|c|02|02|00|08|xx|xx|0|0|0|0|00
DBG|1|0|23|b|02|02|00|08|xx|xx|0|0|0|0|00
DBG|0|0|15|e|00|01|xx|xx|xx|xx|0|1|1|0|00
DBG|1|0|25|2|02|02|00|08|xx|xx|0|0|0|0|00
DBG|0|0|18|a|00|01|xx|xx|xx|xx|0|1|1|0|00
DBG|0|0|1a|c|03|01|xx|xx|xx|xx|0|1|1|0|00
DBG|1|0|26|e|02|02|00|08|xx|xx|0|0|0|0|00
[374670000] SCL=0, SDA=0
DBG|1|0|1f|a|02|02|00|08|xx|xx|0|0|0|0|00
DBG|0|0|1c|b|03|01|xx|xx|xx|xx|0|1|3|0|00
DBG|1|0|21|c|02|02|00|08|xx|xx|0|0|0|0|00
DBG|0|0|1e|c|77|01|xx|xx|xx|xx|0|1|3|0|00
DBG|1|0|23|b|02|02|00|08|xx|xx|0|0|0|0|00
DBG|0|0|20|a|77|01|77|xx|xx|xx|0|1|3|0|00
DBG|1|0|25|2|00|02|00|08|xx|xx|0|0|0|0|00
DBG|0|0|22|c|08|01|77|xx|xx|xx|0|1|3|0|00
DBG|0|0|24|a|08|01|77|08|xx|xx|0|1|3|0|00
DBG|1|0|26|e|00|02|00|08|xx|xx|0|1|0|0|00
DBG|1|0|29|a|00|02|00|08|xx|xx|0|1|0|0|00
DBG|0|0|26|c|0c|01|77|08|xx|xx|0|1|3|0|00
DBG|0|0|28|b|0c|01|77|08|xx|xx|0|1|3|0|00
DBG|1|0|2b|c|02|02|00|08|xx|xx|0|1|0|0|00
DBG|0|0|2a|1|0c|01|77|08|xx|xx|0|1|3|0|00
DBG|1|0|2d|b|02|02|00|08|xx|xx|0|1|0|0|00
DBG|0|0|2b|c|0b|01|77|08|xx|xx|0|0|3|0|00
DBG|1|0|2f|2|00|02|00|08|xx|xx|0|1|0|0|00
DBG|0|0|2d|e|0b|01|77|08|xx|xx|0|0|3|0|00
DBG|1|0|30|e|00|02|00|08|xx|xx|0|1|0|0|00
DBG|0|0|28|b|0b|01|77|08|xx|xx|0|0|3|0|00
DBG|0|0|2a|1|0b|01|77|08|xx|xx|0|0|3|0|00
DBG|1|0|33|d|00|02|00|08|xx|xx|0|1|0|0|00
DBG|1|0|29|a|00|02|00|08|xx|xx|0|1|0|0|00
DBG|0|0|2b|c|0a|01|77|08|xx|xx|0|0|3|0|00
DBG|1|0|2b|c|02|02|00|08|xx|xx|0|1|0|0|00
DBG|0|0|2d|e|0a|01|77|08|xx|xx|0|0|3|0|00
DBG|1|0|2d|b|02|02|00|08|xx|xx|0|1|0|0|00
DBG|0|0|28|b|0a|01|77|08|xx|xx|0|0|3|0|00
DBG|0|0|2a|1|0a|01|77|08|xx|xx|0|0|3|0|00
DBG|1|0|2f|2|00|02|00|08|xx|xx|0|1|0|0|00
DBG|0|0|2b|c|09|01|77|08|xx|xx|0|0|3|0|00
DBG|1|0|30|e|00|02|00|08|xx|xx|0|1|0|0|00
DBG|0|0|2d|e|09|01|77|08|xx|xx|0|0|3|0|00
DBG|1|0|33|d|00|02|00|08|xx|xx|0|1|0|0|00
DBG|0|0|28|b|09|01|77|08|xx|xx|0|0|3|0|00
DBG|1|0|29|a|00|02|00|08|xx|xx|0|1|0|0|00
DBG|0|0|2a|1|09|01|77|08|xx|xx|0|0|3|0|00
DBG|1|0|2b|c|02|02|00|08|xx|xx|0|1|0|0|00
DBG|0|0|2b|c|08|01|77|08|xx|xx|0|0|3|0|00
DBG|1|0|2d|b|02|02|00|08|xx|xx|0|1|0|0|00
DBG|0|0|2d|e|08|01|77|08|xx|xx|0|0|3|0|00
DBG|1|0|2f|2|00|02|00|08|xx|xx|0|1|0|0|00
DBG|0|0|28|b|08|01|77|08|xx|xx|0|0|3|0|00
DBG|0|0|2a|1|08|01|77|08|xx|xx|0|0|3|0|00
DBG|1|0|30|e|00|02|00|08|xx|xx|0|1|0|0|00
DBG|0|0|2b|c|07|01|77|08|xx|xx|0|0|3|0|00
DBG|1|0|33|d|00|02|00|08|xx|xx|0|1|0|0|00
DBG|1|0|29|a|00|02|00|08|xx|xx|0|1|0|0|00
DBG|0|0|2d|e|07|01|77|08|xx|xx|0|0|3|0|00
DBG|0|0|28|b|07|01|77|08|xx|xx|0|0|3|0|00
DBG|1|0|2b|c|02|02|00|08|xx|xx|0|1|0|0|00
DBG|0|0|2a|1|07|01|77|08|xx|xx|0|0|3|0|00
DBG|1|0|2d|b|02|02|00|08|xx|xx|0|1|0|0|00
DBG|0|0|2b|c|06|01|77|08|xx|xx|0|0|3|0|00
DBG|1|0|2f|2|00|02|00|08|xx|xx|0|1|0|0|00
DBG|0|0|2d|e|06|01|77|08|xx|xx|0|0|3|0|00
DBG|1|0|30|e|00|02|00|08|xx|xx|0|1|0|0|00
DBG|0|0|28|b|06|01|77|08|xx|xx|0|0|3|0|00
DBG|0|0|2a|1|06|01|77|08|xx|xx|0|0|3|0|00
DBG|1|0|33|d|00|02|00|08|xx|xx|0|1|0|0|00
DBG|1|0|29|a|00|02|00|08|xx|xx|0|1|0|0|00
DBG|0|0|2b|c|05|01|77|08|xx|xx|0|0|3|0|00
DBG|1|0|2b|c|02|02|00|08|xx|xx|0|1|0|0|00
DBG|0|0|2d|e|05|01|77|08|xx|xx|0|0|3|0|00
DBG|1|0|2d|b|02|02|00|08|xx|xx|0|1|0|0|00
DBG|0|0|28|b|05|01|77|08|xx|xx|0|0|3|0|00
DBG|0|0|2a|1|05|01|77|08|xx|xx|0|0|3|0|00
DBG|1|0|2f|2|00|02|00|08|xx|xx|0|1|0|0|00
DBG|0|0|2b|c|04|01|77|08|xx|xx|0|0|3|0|00
DBG|1|0|30|e|00|02|00|08|xx|xx|0|1|0|0|00
DBG|0|0|2d|e|04|01|77|08|xx|xx|0|0|3|0|00
DBG|1|0|33|d|00|02|00|08|xx|xx|0|1|0|0|00
DBG|0|0|28|b|04|01|77|08|xx|xx|0|0|3|0|00
DBG|1|0|29|a|00|02|00|08|xx|xx|0|1|0|0|00
DBG|0|0|2a|1|04|01|77|08|xx|xx|0|0|3|0|00
DBG|1|0|2b|c|02|02|00|08|xx|xx|0|1|0|0|00
DBG|0|0|2b|c|03|01|77|08|xx|xx|0|0|3|0|00
DBG|1|0|2d|b|02|02|00|08|xx|xx|0|1|0|0|00
DBG|0|0|2d|e|03|01|77|08|xx|xx|0|0|3|0|00
DBG|1|0|2f|2|00|02|00|08|xx|xx|0|1|0|0|00
DBG|0|0|28|b|03|01|77|08|xx|xx|0|0|3|0|00
DBG|0|0|2a|1|03|01|77|08|xx|xx|0|0|3|0|00
DBG|1|0|30|e|00|02|00|08|xx|xx|0|1|0|0|00
DBG|0|0|2b|c|02|01|77|08|xx|xx|0|0|3|0|00
DBG|1|0|33|d|00|02|00|08|xx|xx|0|1|0|0|00
DBG|1|0|29|a|00|02|00|08|xx|xx|0|1|0|0|00
DBG|0|0|2d|e|02|01|77|08|xx|xx|0|0|3|0|00
DBG|0|0|28|b|02|01|77|08|xx|xx|0|0|3|0|00
DBG|1|0|2b|c|02|02|00|08|xx|xx|0|1|0|0|00
DBG|0|0|2a|1|02|01|77|08|xx|xx|0|0|3|0|00
DBG|1|0|2d|b|02|02|00|08|xx|xx|0|1|0|0|00
DBG|0|0|2b|c|01|01|77|08|xx|xx|0|0|3|0|00
DBG|1|0|2f|2|00|02|00|08|xx|xx|0|1|0|0|00
DBG|0|0|2d|e|01|01|77|08|xx|xx|0|0|3|0|00
DBG|1|0|30|e|00|02|00|08|xx|xx|0|1|0|0|00
DBG|0|0|28|b|01|01|77|08|xx|xx|0|0|3|0|00
DBG|0|0|2a|1|01|01|77|08|xx|xx|0|0|3|0|00
DBG|1|0|33|d|00|02|00|08|xx|xx|0|1|0|0|00
DBG|1|0|29|a|00|02|00|08|xx|xx|0|1|0|0|00
DBG|0|0|2b|c|00|01|77|08|xx|xx|0|1|3|0|00
DBG|1|0|2b|c|02|02|00|08|xx|xx|0|1|0|0|00
DBG|0|0|2d|e|00|01|77|08|xx|xx|0|1|3|0|00
DBG|1|0|2d|b|02|02|00|08|xx|xx|0|1|0|0|00
DBG|0|0|30|b|00|01|77|08|xx|xx|0|1|3|0|00
DBG|0|0|32|5|77|01|77|08|xx|xx|0|1|3|0|00
DBG|1|0|2f|2|00|02|00|08|xx|xx|0|1|0|0|00
DBG|0|0|33|c|ee|01|77|08|xx|xx|0|0|3|0|00
DBG|1|0|30|e|00|02|00|08|xx|xx|0|1|0|0|00
DBG|0|0|35|f|ee|01|ee|08|xx|xx|0|0|3|0|00
DBG|1|0|33|d|00|02|00|08|xx|xx|0|1|0|0|00
DBG|0|0|38|a|ee|01|ee|08|xx|xx|0|0|3|0|00
DBG|1|0|29|a|00|02|00|08|xx|xx|0|1|0|0|00
DBG|0|0|3a|c|03|01|ee|08|xx|xx|0|0|3|0|00
DBG|1|0|2b|c|02|02|00|08|xx|xx|0|1|0|0|00
DBG|0|0|3c|c|03|01|ee|08|xx|xx|0|0|3|0|00
DBG|1|0|2d|b|02|02|00|08|xx|xx|0|1|0|0|00
DBG|0|0|3e|a|03|01|ee|08|xx|xx|0|0|3|0|00
DBG|1|0|2f|2|00|02|00|08|xx|xx|0|1|0|0|00
DBG|0|0|40|c|01|01|ee|08|xx|xx|0|0|3|0|00
[378470000] SCL=1, SDA=0
DBG|1|0|30|e|00|02|00|08|xx|xx|0|1|0|0|00
DBG|0|0|42|d|01|01|ee|08|xx|xx|0|0|1|0|00
DBG|1|0|33|d|00|02|00|08|xx|xx|0|1|0|0|00
DBG|0|0|4f|a|01|01|ee|08|xx|xx|0|0|1|0|00
DBG|1|0|29|a|00|02|00|08|xx|xx|0|1|0|0|00
DBG|0|0|51|c|02|01|ee|08|xx|xx|0|0|1|0|00
DBG|1|0|2b|c|02|02|00|08|xx|xx|0|1|0|0|00
DBG|0|0|53|b|02|02|ee|08|xx|xx|0|0|1|0|00
DBG|1|0|2d|b|02|02|00|08|xx|xx|0|1|0|0|00
DBG|0|0|55|2|02|02|ee|08|xx|xx|0|0|1|0|00
DBG|1|0|2f|2|02|02|00|08|xx|xx|0|1|0|0|00
DBG|0|0|56|e|02|02|ee|08|xx|xx|0|0|1|0|00
DBG|1|0|30|e|02|02|00|08|xx|xx|0|0|0|0|00
DBG|0|0|5c|a|02|02|ee|08|xx|xx|0|0|1|0|00
DBG|1|0|36|b|02|02|00|08|xx|xx|0|0|0|0|00
DBG|0|0|5e|c|06|02|ee|08|xx|xx|0|0|1|0|00
DBG|1|0|38|5|00|02|00|08|xx|xx|0|0|0|0|00
DBG|0|0|60|a|06|02|ee|08|xx|xx|0|0|1|0|00
DBG|1|0|39|c|00|02|00|08|xx|xx|0|1|0|0|00
DBG|0|0|62|c|01|02|ee|08|xx|xx|0|0|1|0|00
DBG|1|0|3b|a|00|02|00|08|xx|xx|0|1|0|0|00
DBG|0|0|64|b|01|01|ee|08|xx|xx|0|0|1|0|00
DBG|1|0|3d|c|01|02|00|08|xx|xx|0|1|0|0|00
DBG|0|0|66|1|06|01|ee|08|xx|xx|0|0|1|0|00
DBG|1|0|3f|b|01|01|00|08|xx|xx|0|1|0|0|00
DBG|0|0|67|c|05|01|ee|08|xx|xx|0|0|1|0|00
DBG|1|0|41|2|02|01|00|08|xx|xx|0|1|0|0|00
DBG|0|0|69|e|05|01|ee|08|xx|xx|0|0|1|0|00
DBG|1|0|42|c|00|01|00|08|xx|xx|0|1|0|0|00
DBG|0|0|64|b|05|01|ee|08|xx|xx|0|0|1|0|00
DBG|1|0|44|b|00|00|00|08|xx|xx|0|1|0|0|00
DBG|0|0|66|1|05|01|ee|08|xx|xx|0|0|1|0|00
DBG|1|0|46|0|00|00|00|08|xx|xx|0|1|0|0|00
DBG|0|0|67|c|04|01|ee|08|xx|xx|0|0|1|0|00
DBG|1|0|47|c|00|00|00|08|xx|xx|0|1|0|0|00
DBG|0|0|69|e|04|01|ee|08|xx|xx|0|0|1|0|00
DBG|1|0|49|a|00|00|00|08|xx|xx|0|1|0|0|00
DBG|1|0|4b|c|01|00|00|08|xx|xx|0|1|0|0|00
DBG|0|0|64|b|04|01|ee|08|xx|xx|0|0|1|0|00
DBG|0|0|66|1|04|01|ee|08|xx|xx|0|0|1|0|00
DBG|1|0|4d|b|01|01|00|08|xx|xx|0|1|0|0|00
DBG|0|0|67|c|03|01|ee|08|xx|xx|0|0|1|0|00
DBG|1|0|4f|1|08|01|00|08|xx|xx|0|1|0|0|00
DBG|1|0|50|c|07|01|00|08|xx|xx|0|0|0|0|00
DBG|0|0|69|e|03|01|ee|08|xx|xx|0|0|1|0|00
DBG|1|0|52|e|07|01|00|07|xx|xx|0|0|0|0|00
DBG|0|0|64|b|03|01|ee|08|xx|xx|0|0|1|0|00
DBG|0|0|66|1|03|01|ee|08|xx|xx|0|0|1|0|00
DBG|1|0|1f|a|07|01|00|07|xx|xx|0|0|0|0|00
DBG|0|0|67|c|02|01|ee|08|xx|xx|0|0|1|0|00
DBG|1|0|21|c|02|01|00|07|xx|xx|0|0|0|0|00
DBG|0|0|69|e|02|01|ee|08|xx|xx|0|0|1|0|00
DBG|1|0|23|b|02|02|00|07|xx|xx|0|0|0|0|00
DBG|1|0|25|2|02|02|00|07|xx|xx|0|0|0|0|00
DBG|0|0|64|b|02|01|ee|08|xx|xx|0|0|1|0|00
DBG|0|0|66|1|02|01|ee|08|xx|xx|0|0|1|0|00
DBG|1|0|26|e|02|02|00|07|xx|xx|0|0|0|0|00
DBG|0|0|67|c|01|01|ee|08|xx|xx|0|0|1|0|00
DBG|1|0|1f|a|02|02|00|07|xx|xx|0|0|0|0|00
DBG|0|0|69|e|01|01|ee|08|xx|xx|0|0|1|0|00
DBG|1|0|21|c|02|02|00|07|xx|xx|0|0|0|0|00
DBG|0|0|64|b|01|01|ee|08|xx|xx|0|0|1|0|00
DBG|1|0|23|b|02|02|00|07|xx|xx|0|0|0|0|00
DBG|0|0|66|1|01|01|ee|08|xx|xx|0|0|1|0|00
DBG|1|0|25|2|02|02|00|07|xx|xx|0|0|0|0|00
DBG|0|0|67|c|00|01|ee|08|xx|xx|0|1|1|0|00
DBG|1|0|26|e|02|02|00|07|xx|xx|0|0|0|0|00
DBG|0|0|69|e|00|01|ee|08|xx|xx|0|1|1|0|00
DBG|1|0|1f|a|02|02|00|07|xx|xx|0|0|0|0|00
DBG|0|0|6c|b|00|01|ee|08|xx|xx|0|1|1|0|00
DBG|1|0|21|c|02|02|00|07|xx|xx|0|0|0|0|00
DBG|0|0|6e|c|03|01|ee|08|xx|xx|0|1|1|0|00
[380670000] SCL=0, SDA=0
DBG|1|0|23|b|02|02|00|07|xx|xx|0|0|0|0|00
DBG|0|0|70|a|03|01|ee|08|xx|xx|0|1|3|0|00
DBG|1|0|25|2|00|02|00|07|xx|xx|0|0|0|0|00
DBG|0|0|72|c|01|01|ee|08|xx|xx|0|1|3|0|00
DBG|1|0|26|e|00|02|00|07|xx|xx|0|1|0|0|00
DBG|0|0|74|b|01|01|ee|08|xx|xx|0|1|3|0|00
DBG|0|0|76|1|08|01|ee|08|xx|xx|0|1|3|0|00
DBG|1|0|29|a|00|02|00|07|xx|xx|0|1|0|0|00
DBG|0|0|77|c|07|01|ee|08|xx|xx|0|0|3|0|00
DBG|1|0|2b|c|02|02|00|07|xx|xx|0|1|0|0|00
DBG|0|0|79|e|07|01|ee|07|xx|xx|0|0|3|0|00
DBG|1|0|2d|b|02|02|00|07|xx|xx|0|1|0|0|00
DBG|1|0|2f|2|00|02|00|07|xx|xx|0|1|0|0|00
DBG|0|0|24|a|07|01|ee|07|xx|xx|0|0|3|0|00
DBG|0|0|26|c|0c|01|ee|07|xx|xx|0|0|3|0|00
DBG|1|0|30|e|00|02|00|07|xx|xx|0|1|0|0|00
DBG|0|0|28|b|0c|01|ee|07|xx|xx|0|0|3|0|00
DBG|1|0|33|d|00|02|00|07|xx|xx|0|1|0|0|00
DBG|0|0|2a|1|0c|01|ee|07|xx|xx|0|0|3|0|00
DBG|0|0|2b|c|0b|01|ee|07|xx|xx|0|0|3|0|00
DBG|1|0|29|a|00|02|00|07|xx|xx|0|1|0|0|00
DBG|1|0|2b|c|02|02|00|07|xx|xx|0|1|0|0|00
DBG|0|0|2d|e|0b|01|ee|07|xx|xx|0|0|3|0|00
DBG|1|0|2d|b|02|02|00|07|xx|xx|0|1|0|0|00
DBG|0|0|28|b|0b|01|ee|07|xx|xx|0|0|3|0|00
DBG|1|0|2f|2|00|02|00|07|xx|xx|0|1|0|0|00
DBG|0|0|2a|1|0b|01|ee|07|xx|xx|0|0|3|0|00
DBG|0|0|2b|c|0a|01|ee|07|xx|xx|0|0|3|0|00
DBG|1|0|30|e|00|02|00|07|xx|xx|0|1|0|0|00
DBG|0|0|2d|e|0a|01|ee|07|xx|xx|0|0|3|0|00
DBG|1|0|33|d|00|02|00|07|xx|xx|0|1|0|0|00
DBG|0|0|28|b|0a|01|ee|07|xx|xx|0|0|3|0|00
DBG|1|0|29|a|00|02|00|07|xx|xx|0|1|0|0|00
DBG|0|0|2a|1|0a|01|ee|07|xx|xx|0|0|3|0|00
DBG|1|0|2b|c|02|02|00|07|xx|xx|0|1|0|0|00
DBG|0|0|2b|c|09|01|ee|07|xx|xx|0|0|3|0|00
DBG|1|0|2d|b|02|02|00|07|xx|xx|0|1|0|0|00
DBG|0|0|2d|e|09|01|ee|07|xx|xx|0|0|3|0|00
DBG|1|0|2f|2|00|02|00|07|xx|xx|0|1|0|0|00
DBG|0|0|28|b|09|01|ee|07|xx|xx|0|0|3|0|00
DBG|1|0|30|e|00|02|00|07|xx|xx|0|1|0|0|00
DBG|0|0|2a|1|09|01|ee|07|xx|xx|0|0|3|0|00
DBG|0|0|2b|c|08|01|ee|07|xx|xx|0|0|3|0|00
DBG|1|0|33|d|00|02|00|07|xx|xx|0|1|0|0|00
DBG|0|0|2d|e|08|01|ee|07|xx|xx|0|0|3|0|00
DBG|1|0|29|a|00|02|00|07|xx|xx|0|1|0|0|00
DBG|1|0|2b|c|02|02|00|07|xx|xx|0|1|0|0|00
DBG|0|0|28|b|08|01|ee|07|xx|xx|0|0|3|0|00
DBG|0|0|2a|1|08|01|ee|07|xx|xx|0|0|3|0|00
DBG|1|0|2d|b|02|02|00|07|xx|xx|0|1|0|0|00
DBG|0|0|2b|c|07|01|ee|07|xx|xx|0|0|3|0|00
DBG|1|0|2f|2|00|02|00|07|xx|xx|0|1|0|0|00
DBG|0|0|2d|e|07|01|ee|07|xx|xx|0|0|3|0|00
DBG|1|0|30|e|00|02|00|07|xx|xx|0|1|0|0|00
DBG|0|0|28|b|07|01|ee|07|xx|xx|0|0|3|0|00
DBG|1|0|33|d|00|02|00|07|xx|xx|0|1|0|0|00
DBG|0|0|2a|1|07|01|ee|07|xx|xx|0|0|3|0|00
DBG|0|0|2b|c|06|01|ee|07|xx|xx|0|0|3|0|00
DBG|1|0|29|a|00|02|00|07|xx|xx|0|1|0|0|00
DBG|1|0|2b|c|02|02|00|07|xx|xx|0|1|0|0|00
DBG|0|0|2d|e|06|01|ee|07|xx|xx|0|0|3|0|00
DBG|1|0|2d|b|02|02|00|07|xx|xx|0|1|0|0|00
DBG|0|0|28|b|06|01|ee|07|xx|xx|0|0|3|0|00
DBG|1|0|2f|2|00|02|00|07|xx|xx|0|1|0|0|00
DBG|0|0|2a|1|06|01|ee|07|xx|xx|0|0|3|0|00
DBG|0|0|2b|c|05|01|ee|07|xx|xx|0|0|3|0|00
DBG|1|0|30|e|00|02|00|07|xx|xx|0|1|0|0|00
DBG|0|0|2d|e|05|01|ee|07|xx|xx|0|0|3|0|00
DBG|1|0|33|d|00|02|00|07|xx|xx|0|1|0|0|00
DBG|0|0|28|b|05|01|ee|07|xx|xx|0|0|3|0|00
DBG|1|0|29|a|00|02|00|07|xx|xx|0|1|0|0|00
DBG|0|0|2a|1|05|01|ee|07|xx|xx|0|0|3|0|00
DBG|1|0|2b|c|02|02|00|07|xx|xx|0|1|0|0|00
DBG|0|0|2b|c|04|01|ee|07|xx|xx|0|0|3|0|00
DBG|1|0|2d|b|02|02|00|07|xx|xx|0|1|0|0|00
DBG|0|0|2d|e|04|01|ee|07|xx|xx|0|0|3|0|00
DBG|1|0|2f|2|00|02|00|07|xx|xx|0|1|0|0|00
DBG|0|0|28|b|04|01|ee|07|xx|xx|0|0|3|0|00
DBG|1|0|30|e|00|02|00|07|xx|xx|0|1|0|0|00
DBG|0|0|2a|1|04|01|ee|07|xx|xx|0|0|3|0|00
DBG|0|0|2b|c|03|01|ee|07|xx|xx|0|0|3|0|00
DBG|1|0|33|d|00|02|00|07|xx|xx|0|1|0|0|00
DBG|0|0|2d|e|03|01|ee|07|xx|xx|0|0|3|0|00
DBG|1|0|29|a|00|02|00|07|xx|xx|0|1|0|0|00
DBG|1|0|2b|c|02|02|00|07|xx|xx|0|1|0|0|00
DBG|0|0|28|b|03|01|ee|07|xx|xx|0|0|3|0|00
DBG|0|0|2a|1|03|01|ee|07|xx|xx|0|0|3|0|00
DBG|1|0|2d|b|02|02|00|07|xx|xx|0|1|0|0|00
DBG|0|0|2b|c|02|01|ee|07|xx|xx|0|0|3|0|00
DBG|1|0|2f|2|00|02|00|07|xx|xx|0|1|0|0|00
DBG|0|0|2d|e|02|01|ee|07|xx|xx|0|0|3|0|00
DBG|1|0|30|e|00|02|00|07|xx|xx|0|1|0|0|00
DBG|0|0|28|b|02|01|ee|07|xx|xx|0|0|3|0|00
DBG|1|0|33|d|00|02|00|07|xx|xx|0|1|0|0|00
DBG|0|0|2a|1|02|01|ee|07|xx|xx|0|0|3|0|00
DBG|0|0|2b|c|01|01|ee|07|xx|xx|0|0|3|0|00
DBG|1|0|29|a|00|02|00|07|xx|xx|0|1|0|0|00
DBG|1|0|2b|c|02|02|00|07|xx|xx|0|1|0|0|00
DBG|0|0|2d|e|01|01|ee|07|xx|xx|0|0|3|0|00
DBG|1|0|2d|b|02|02|00|07|xx|xx|0|1|0|0|00
DBG|0|0|28|b|01|01|ee|07|xx|xx|0|0|3|0|00
DBG|1|0|2f|2|00|02|00|07|xx|xx|0|1|0|0|00
DBG|0|0|2a|1|01|01|ee|07|xx|xx|0|0|3|0|00
DBG|0|0|2b|c|00|01|ee|07|xx|xx|0|1|3|0|00
DBG|1|0|30|e|00|02|00|07|xx|xx|0|1|0|0|00
DBG|0|0|2d|e|00|01|ee|07|xx|xx|0|1|3|0|00
DBG|1|0|33|d|00|02|00|07|xx|xx|0|1|0|0|00
DBG|0|0|30|b|00|01|ee|07|xx|xx|0|1|3|0|00
DBG|1|0|29|a|00|02|00|07|xx|xx|0|1|0|0|00
DBG|0|0|32|5|ee|01|ee|07|xx|xx|0|1|3|0|00
DBG|1|0|2b|c|02|02|00|07|xx|xx|0|1|0|0|00
DBG|0|0|33|c|dc|01|ee|07|xx|xx|1|0|3|0|00
DBG|1|0|2d|b|02|02|00|07|xx|xx|0|1|0|0|00
DBG|0|0|35|f|dc|01|dc|07|xx|xx|1|0|3|0|00
DBG|1|0|2f|2|00|02|00|07|xx|xx|0|1|0|0|00
DBG|0|0|45|a|dc|01|dc|07|xx|xx|1|0|3|0|00
DBG|1|0|30|e|00|02|00|07|xx|xx|0|1|0|0|00
DBG|0|0|47|c|02|01|dc|07|xx|xx|1|0|3|0|00
DBG|1|0|33|d|00|02|00|07|xx|xx|0|1|0|0|00
DBG|0|0|49|c|02|01|dc|07|xx|xx|1|0|3|0|00
[384450000] SCL=0, SDA=1
DBG|0|0|4b|a|02|01|dc|07|xx|xx|1|0|2|0|00
DBG|1|0|29|a|00|02|00|07|xx|xx|0|1|0|0|00
DBG|1|0|2b|c|02|02|00|07|xx|xx|0|1|0|0|00
DBG|0|0|4d|c|00|01|dc|07|xx|xx|1|0|2|0|00
[384570000] SCL=1, SDA=1
DBG|0|0|4f|a|00|01|dc|07|xx|xx|1|0|0|0|00
DBG|1|0|2d|b|02|02|00|07|xx|xx|0|1|0|0|00
DBG|1|0|2f|2|03|02|00|07|xx|xx|0|1|0|0|00
DBG|0|0|51|c|02|01|dc|07|xx|xx|1|0|0|0|00
DBG|0|0|53|b|02|02|dc|07|xx|xx|1|0|0|0|00
DBG|1|0|30|e|02|02|00|07|xx|xx|0|0|0|0|00
DBG|0|0|55|2|03|02|dc|07|xx|xx|1|0|0|0|00
DBG|1|0|36|b|02|02|00|07|xx|xx|0|0|0|0|00
DBG|1|0|38|5|00|02|00|07|xx|xx|0|0|0|0|00
DBG|0|0|56|e|02|02|dc|07|xx|xx|1|0|0|0|00
DBG|1|0|39|c|00|02|00|07|xx|xx|0|1|0|0|00
DBG|0|0|5c|a|02|02|dc|07|xx|xx|1|0|0|0|00
DBG|1|0|3b|a|00|02|00|07|xx|xx|0|1|0|0|00
DBG|0|0|5e|c|06|02|dc|07|xx|xx|1|0|0|0|00
DBG|1|0|3d|c|01|02|00|07|xx|xx|0|1|0|0|00
DBG|0|0|60|a|06|02|dc|07|xx|xx|1|0|0|0|00
DBG|1|0|3f|b|01|01|00|07|xx|xx|0|1|0|0|00
DBG|0|0|62|c|01|02|dc|07|xx|xx|1|0|0|0|00
DBG|1|0|41|2|03|01|00|07|xx|xx|0|1|0|0|00
DBG|0|0|64|b|01|01|dc|07|xx|xx|1|0|0|0|00
DBG|0|0|66|1|06|01|dc|07|xx|xx|1|0|0|0|00
DBG|1|0|42|c|01|01|00|07|xx|xx|0|0|0|0|00
DBG|1|0|44|b|01|01|00|07|xx|xx|0|0|0|0|00
DBG|0|0|67|c|05|01|dc|07|xx|xx|0|0|0|0|00
DBG|1|0|46|0|00|01|00|07|xx|xx|0|0|0|0|00
DBG|0|0|69|e|05|01|dc|07|xx|xx|0|0|0|0|00
DBG|1|0|47|c|01|01|00|07|xx|xx|0|0|0|0|00
DBG|0|0|64|b|05|01|dc|07|xx|xx|0|0|0|0|00
DBG|1|0|49|a|01|01|01|07|xx|xx|0|0|0|0|00
DBG|0|0|66|1|05|01|dc|07|xx|xx|0|0|0|0|00
DBG|1|0|4b|c|01|01|01|07|xx|xx|0|0|0|0|00
DBG|0|0|67|c|04|01|dc|07|xx|xx|0|0|0|0|00
DBG|1|0|4d|b|01|01|01|07|xx|xx|0|0|0|0|00
DBG|1|0|4f|1|07|01|01|07|xx|xx|0|0|0|0|00
DBG|0|0|69|e|04|01|dc|07|xx|xx|0|0|0|0|00
DBG|0|0|64|b|04|01|dc|07|xx|xx|0|0|0|0|00
DBG|1|0|50|c|06|01|01|07|xx|xx|0|0|0|0|00
DBG|0|0|66|1|04|01|dc|07|xx|xx|0|0|0|0|00
DBG|1|0|52|e|06|01|01|06|xx|xx|0|0|0|0|00
DBG|0|0|67|c|03|01|dc|07|xx|xx|0|0|0|0|00
DBG|1|0|1f|a|06|01|01|06|xx|xx|0|0|0|0|00
DBG|0|0|69|e|03|01|dc|07|xx|xx|0|0|0|0|00
DBG|1|0|21|c|02|01|01|06|xx|xx|0|0|0|0|00
DBG|0|0|64|b|03|01|dc|07|xx|xx|0|0|0|0|00
DBG|1|0|23|b|02|02|01|06|xx|xx|0|0|0|0|00
DBG|0|0|66|1|03|01|dc|07|xx|xx|0|0|0|0|00
DBG|1|0|25|2|03|02|01|06|xx|xx|0|0|0|0|00
DBG|0|0|67|c|02|01|dc|07|xx|xx|0|0|0|0|00
DBG|1|0|26|e|02|02|01|06|xx|xx|0|0|0|0|00
DBG|0|0|69|e|02|01|dc|07|xx|xx|0|0|0|0|00
DBG|1|0|1f|a|02|02|01|06|xx|xx|0|0|0|0|00
DBG|0|0|64|b|02|01|dc|07|xx|xx|0|0|0|0|00
DBG|0|0|66|1|02|01|dc|07|xx|xx|0|0|0|0|00
DBG|1|0|21|c|02|02|01|06|xx|xx|0|0|0|0|00
DBG|1|0|23|b|02|02|01|06|xx|xx|0|0|0|0|00
DBG|0|0|67|c|01|01|dc|07|xx|xx|0|0|0|0|00
DBG|1|0|25|2|03|02|01|06|xx|xx|0|0|0|0|00
DBG|0|0|69|e|01|01|dc|07|xx|xx|0|0|0|0|00
DBG|0|0|64|b|01|01|dc|07|xx|xx|0|0|0|0|00
DBG|1|0|26|e|02|02|01|06|xx|xx|0|0|0|0|00
DBG|0|0|66|1|01|01|dc|07|xx|xx|0|0|0|0|00
DBG|1|0|1f|a|02|02|01|06|xx|xx|0|0|0|0|00
DBG|0|0|67|c|00|01|dc|07|xx|xx|0|1|0|0|00
DBG|1|0|21|c|02|02|01|06|xx|xx|0|0|0|0|00
DBG|1|0|23|b|02|02|01|06|xx|xx|0|0|0|0|00
DBG|0|0|69|e|00|01|dc|07|xx|xx|0|1|0|0|00
DBG|0|0|6c|b|00|01|dc|07|xx|xx|0|1|0|0|00
DBG|1|0|25|2|03|02|01|06|xx|xx|0|0|0|0|00
DBG|0|0|6e|c|02|01|dc|07|xx|xx|0|1|0|0|00
[386690000] SCL=0, SDA=1
DBG|1|0|26|e|02|02|01|06|xx|xx|0|0|0|0|00
DBG|0|0|70|a|02|01|dc|07|xx|xx|0|1|2|0|00
DBG|1|0|1f|a|02|02|01|06|xx|xx|0|0|0|0|00
DBG|0|0|72|c|01|01|dc|07|xx|xx|0|1|2|0|00
DBG|1|0|21|c|02|02|01|06|xx|xx|0|0|0|0|00
DBG|0|0|74|b|01|01|dc|07|xx|xx|0|1|2|0|00
DBG|1|0|23|b|02|02|01|06|xx|xx|0|0|0|0|00
DBG|0|0|76|1|07|01|dc|07|xx|xx|0|1|2|0|00
DBG|1|0|25|2|01|02|01|06|xx|xx|0|0|0|0|00
DBG|0|0|77|c|06|01|dc|07|xx|xx|0|0|2|0|00
DBG|1|0|26|e|00|02|01|06|xx|xx|0|1|0|0|00
DBG|0|0|79|e|06|01|dc|06|xx|xx|0|0|2|0|00
DBG|1|0|29|a|00|02|01|06|xx|xx|0|1|0|0|00
DBG|0|0|24|a|06|01|dc|06|xx|xx|0|0|2|0|00
DBG|1|0|2b|c|02|02|01|06|xx|xx|0|1|0|0|00
DBG|0|0|26|c|0c|01|dc|06|xx|xx|0|0|2|0|00
DBG|1|0|2d|b|02|02|01|06|xx|xx|0|1|0|0|00
DBG|0|0|28|b|0c|01|dc|06|xx|xx|0|0|2|0|00
DBG|0|0|2a|1|0c|01|dc|06|xx|xx|0|0|2|0|00
DBG|1|0|2f|2|01|02|01|06|xx|xx|0|1|0|0|00
DBG|0|0|2b|c|0b|01|dc|06|xx|xx|0|0|2|0|00
DBG|1|0|30|e|00|02|01|06|xx|xx|0|1|0|0|00
DBG|0|0|2d|e|0b|01|dc|06|xx|xx|0|0|2|0|00
DBG|1|0|33|d|00|02|01|06|xx|xx|0|1|0|0|00
DBG|0|0|28|b|0b|01|dc|06|xx|xx|0|0|2|0|00
DBG|1|0|29|a|00|02|01|06|xx|xx|0|1|0|0|00
DBG|0|0|2a|1|0b|01|dc|06|xx|xx|0|0|2|0|00
DBG|1|0|2b|c|02|02|01|06|xx|xx|0|1|0|0|00
DBG|0|0|2b|c|0a|01|dc|06|xx|xx|0|0|2|0|00
DBG|1|0|2d|b|02|02|01|06|xx|xx|0|1|0|0|00
DBG|0|0|2d|e|0a|01|dc|06|xx|xx|0|0|2|0|00
DBG|1|0|2f|2|01|02|01|06|xx|xx|0|1|0|0|00
DBG|0|0|28|b|0a|01|dc|06|xx|xx|0|0|2|0|00
DBG|0|0|2a|1|0a|01|dc|06|xx|xx|0|0|2|0|00
DBG|1|0|30|e|00|02|01|06|xx|xx|0|1|0|0|00
DBG|0|0|2b|c|09|01|dc|06|xx|xx|0|0|2|0|00
DBG|1|0|33|d|00|02|01|06|xx|xx|0|1|0|0|00
DBG|1|0|29|a|00|02|01|06|xx|xx|0|1|0|0|00
DBG|0|0|2d|e|09|01|dc|06|xx|xx|0|0|2|0|00
DBG|0|0|28|b|09|01|dc|06|xx|xx|0|0|2|0|00
DBG|1|0|2b|c|02|02|01|06|xx|xx|0|1|0|0|00
DBG|0|0|2a|1|09|01|dc|06|xx|xx|0|0|2|0|00
DBG|1|0|2d|b|02|02|01|06|xx|xx|0|1|0|0|00
DBG|0|0|2b|c|08|01|dc|06|xx|xx|0|0|2|0|00
DBG|1|0|2f|2|01|02|01|06|xx|xx|0|1|0|0|00
DBG|0|0|2d|e|08|01|dc|06|xx|xx|0|0|2|0|00
DBG|1|0|30|e|00|02|01|06|xx|xx|0|1|0|0|00
DBG|0|0|28|b|08|01|dc|06|xx|xx|0|0|2|0|00
DBG|0|0|2a|1|08|01|dc|06|xx|xx|0|0|2|0|00
DBG|1|0|33|d|00|02|01|06|xx|xx|0|1|0|0|00
DBG|1|0|29|a|00|02|01|06|xx|xx|0|1|0|0|00
DBG|0|0|2b|c|07|01|dc|06|xx|xx|0|0|2|0|00
DBG|1|0|2b|c|02|02|01|06|xx|xx|0|1|0|0|00
DBG|0|0|2d|e|07|01|dc|06|xx|xx|0|0|2|0|00
DBG|1|0|2d|b|02|02|01|06|xx|xx|0|1|0|0|00
DBG|0|0|28|b|07|01|dc|06|xx|xx|0|0|2|0|00
DBG|0|0|2a|1|07|01|dc|06|xx|xx|0|0|2|0|00
DBG|1|0|2f|2|01|02|01|06|xx|xx|0|1|0|0|00
DBG|0|0|2b|c|06|01|dc|06|xx|xx|0|0|2|0|00
DBG|1|0|30|e|00|02|01|06|xx|xx|0|1|0|0|00
DBG|0|0|2d|e|06|01|dc|06|xx|xx|0|0|2|0|00
DBG|1|0|33|d|00|02|01|06|xx|xx|0|1|0|0|00
DBG|0|0|28|b|06|01|dc|06|xx|xx|0|0|2|0|00
DBG|1|0|29|a|00|02|01|06|xx|xx|0|1|0|0|00
DBG|0|0|2a|1|06|01|dc|06|xx|xx|0|0|2|0|00
DBG|1|0|2b|c|02|02|01|06|xx|xx|0|1|0|0|00
DBG|0|0|2b|c|05|01|dc|06|xx|xx|0|0|2|0|00
DBG|1|0|2d|b|02|02|01|06|xx|xx|0|1|0|0|00
DBG|0|0|2d|e|05|01|dc|06|xx|xx|0|0|2|0|00
DBG|1|0|2f|2|01|02|01|06|xx|xx|0|1|0|0|00
DBG|0|0|28|b|05|01|dc|06|xx|xx|0|0|2|0|00
DBG|0|0|2a|1|05|01|dc|06|xx|xx|0|0|2|0|00
DBG|1|0|30|e|00|02|01|06|xx|xx|0|1|0|0|00
DBG|0|0|2b|c|04|01|dc|06|xx|xx|0|0|2|0|00
DBG|1|0|33|d|00|02|01|06|xx|xx|0|1|0|0|00
DBG|1|0|29|a|00|02|01|06|xx|xx|0|1|0|0|00
DBG|0|0|2d|e|04|01|dc|06|xx|xx|0|0|2|0|00
DBG|0|0|28|b|04|01|dc|06|xx|xx|0|0|2|0|00
DBG|1|0|2b|c|02|02|01|06|xx|xx|0|1|0|0|00
DBG|0|0|2a|1|04|01|dc|06|xx|xx|0|0|2|0|00
DBG|1|0|2d|b|02|02|01|06|xx|xx|0|1|0|0|00
DBG|0|0|2b|c|03|01|dc|06|xx|xx|0|0|2|0|00
DBG|1|0|2f|2|01|02|01|06|xx|xx|0|1|0|0|00
DBG|0|0|2d|e|03|01|dc|06|xx|xx|0|0|2|0|00
DBG|1|0|30|e|00|02|01|06|xx|xx|0|1|0|0|00
DBG|0|0|28|b|03|01|dc|06|xx|xx|0|0|2|0|00
DBG|0|0|2a|1|03|01|dc|06|xx|xx|0|0|2|0|00
DBG|1|0|33|d|00|02|01|06|xx|xx|0|1|0|0|00
DBG|1|0|29|a|00|02|01|06|xx|xx|0|1|0|0|00
DBG|0|0|2b|c|02|01|dc|06|xx|xx|0|0|2|0|00
DBG|1|0|2b|c|02|02|01|06|xx|xx|0|1|0|0|00
DBG|0|0|2d|e|02|01|dc|06|xx|xx|0|0|2|0|00
DBG|1|0|2d|b|02|02|01|06|xx|xx|0|1|0|0|00
DBG|0|0|28|b|02|01|dc|06|xx|xx|0|0|2|0|00
DBG|0|0|2a|1|02|01|dc|06|xx|xx|0|0|2|0|00
DBG|1|0|2f|2|01|02|01|06|xx|xx|0|1|0|0|00
DBG|0|0|2b|c|01|01|dc|06|xx|xx|0|0|2|0|00
DBG|1|0|30|e|00|02|01|06|xx|xx|0|1|0|0|00
DBG|0|0|2d|e|01|01|dc|06|xx|xx|0|0|2|0|00
DBG|1|0|33|d|00|02|01|06|xx|xx|0|1|0|0|00
DBG|0|0|28|b|01|01|dc|06|xx|xx|0|0|2|0|00
DBG|1|0|29|a|00|02|01|06|xx|xx|0|1|0|0|00
DBG|0|0|2a|1|01|01|dc|06|xx|xx|0|0|2|0|00
DBG|1|0|2b|c|02|02|01|06|xx|xx|0|1|0|0|00
DBG|0|0|2b|c|00|01|dc|06|xx|xx|0|1|2|0|00
DBG|1|0|2d|b|02|02|01|06|xx|xx|0|1|0|0|00
DBG|0|0|2d|e|00|01|dc|06|xx|xx|0|1|2|0|00
DBG|1|0|2f|2|01|02|01|06|xx|xx|0|1|0|0|00
DBG|0|0|30|b|00|01|dc|06|xx|xx|0|1|2|0|00
DBG|0|0|32|5|dc|01|dc|06|xx|xx|0|1|2|0|00
DBG|1|0|30|e|00|02|01|06|xx|xx|0|1|0|0|00
DBG|0|0|33|c|b8|01|dc|06|xx|xx|1|0|2|0|00
DBG|1|0|33|d|00|02|01|06|xx|xx|0|1|0|0|00
DBG|1|0|29|a|00|02|01|06|xx|xx|0|1|0|0|00
DBG|0|0|35|f|b8|01|b8|06|xx|xx|1|0|2|0|00
DBG|0|0|45|a|b8|01|b8|06|xx|xx|1|0|2|0|00
DBG|1|0|2b|c|02|02|01|06|xx|xx|0|1|0|0|00
DBG|1|0|2d|b|02|02|01|06|xx|xx|0|1|0|0|00
DBG|0|0|47|c|02|01|b8|06|xx|xx|1|0|2|0|00
DBG|0|0|49|c|02|01|b8|06|xx|xx|1|0|2|0|00
DBG|1|0|2f|2|01|02|01|06|xx|xx|0|1|0|0|00
DBG|0|0|4b|a|02|01|b8|06|xx|xx|1|0|2|0|00
DBG|1|0|30|e|00|02|01|06|xx|xx|0|1|0|0|00
DBG|0|0|4d|c|00|01|b8|06|xx|xx|1|0|2|0|00
[390590000] SCL=1, SDA=1
DBG|1|0|33|d|00|02|01|06|xx|xx|0|1|0|0|00
DBG|0|0|4f|a|00|01|b8|06|xx|xx|1|0|0|0|00
DBG|1|0|29|a|00|02|01|06|xx|xx|0|1|0|0|00
DBG|0|0|51|c|02|01|b8|06|xx|xx|1|0|0|0|00
DBG|1|0|2b|c|02|02|01|06|xx|xx|0|1|0|0|00
DBG|0|0|53|b|02|02|b8|06|xx|xx|1|0|0|0|00
DBG|1|0|2d|b|02|02|01|06|xx|xx|0|1|0|0|00
DBG|0|0|55|2|03|02|b8|06|xx|xx|1|0|0|0|00
DBG|1|0|2f|2|03|02|01|06|xx|xx|0|1|0|0|00
DBG|0|0|56|e|02|02|b8|06|xx|xx|1|0|0|0|00
DBG|1|0|30|e|02|02|01|06|xx|xx|0|0|0|0|00
DBG|0|0|5c|a|02|02|b8|06|xx|xx|1|0|0|0|00
DBG|1|0|36|b|02|02|01|06|xx|xx|0|0|0|0|00
DBG|0|0|5e|c|06|02|b8|06|xx|xx|1|0|0|0|00
DBG|1|0|38|5|01|02|01|06|xx|xx|0|0|0|0|00
DBG|0|0|60|a|06|02|b8|06|xx|xx|1|0|0|0|00
DBG|1|0|39|c|02|02|01|06|xx|xx|0|0|0|0|00
DBG|0|0|62|c|01|02|b8|06|xx|xx|1|0|0|0|00
DBG|1|0|3b|a|02|02|02|06|xx|xx|0|0|0|0|00
DBG|0|0|64|b|01|01|b8|06|xx|xx|1|0|0|0|00
DBG|1|0|3d|c|01|02|02|06|xx|xx|0|0|0|0|00
DBG|0|0|66|1|06|01|b8|06|xx|xx|1|0|0|0|00
DBG|1|0|3f|b|01|01|02|06|xx|xx|0|0|0|0|00
DBG|0|0|67|c|05|01|b8|06|xx|xx|0|0|0|0|00
DBG|1|0|41|2|03|01|02|06|xx|xx|0|0|0|0|00
DBG|0|0|69|e|05|01|b8|06|xx|xx|0|0|0|0|00
DBG|1|0|42|c|01|01|02|06|xx|xx|0|0|0|0|00
DBG|0|0|64|b|05|01|b8|06|xx|xx|0|0|0|0|00
DBG|1|0|44|b|01|01|02|06|xx|xx|0|0|0|0|00
DBG|0|0|66|1|05|01|b8|06|xx|xx|0|0|0|0|00
DBG|1|0|46|0|02|01|02|06|xx|xx|0|0|0|0|00
DBG|0|0|67|c|04|01|b8|06|xx|xx|0|0|0|0|00
DBG|1|0|47|c|03|01|02|06|xx|xx|0|0|0|0|00
DBG|0|0|69|e|04|01|b8|06|xx|xx|0|0|0|0|00
DBG|1|0|49|a|03|01|03|06|xx|xx|0|0|0|0|00
DBG|1|0|4b|c|01|01|03|06|xx|xx|0|0|0|0|00
DBG|0|0|64|b|04|01|b8|06|xx|xx|0|0|0|0|00
DBG|0|0|66|1|04|01|b8|06|xx|xx|0|0|0|0|00
DBG|1|0|4d|b|01|01|03|06|xx|xx|0|0|0|0|00
DBG|0|0|67|c|03|01|b8|06|xx|xx|0|0|0|0|00
DBG|1|0|4f|1|06|01|03|06|xx|xx|0|0|0|0|00
DBG|1|0|50|c|05|01|03|06|xx|xx|0|0|0|0|00
DBG|0|0|69|e|03|01|b8|06|xx|xx|0|0|0|0|00
DBG|1|0|52|e|05|01|03|05|xx|xx|0|0|0|0|00
DBG|0|0|64|b|03|01|b8|06|xx|xx|0|0|0|0|00
DBG|0|0|66|1|03|01|b8|06|xx|xx|0|0|0|0|00
DBG|1|0|1f|a|05|01|03|05|xx|xx|0|0|0|0|00
DBG|0|0|67|c|02|01|b8|06|xx|xx|0|0|0|0|00
DBG|1|0|21|c|02|01|03|05|xx|xx|0|0|0|0|00
DBG|0|0|69|e|02|01|b8|06|xx|xx|0|0|0|0|00
DBG|1|0|23|b|02|02|03|05|xx|xx|0|0|0|0|00
DBG|1|0|25|2|03|02|03|05|xx|xx|0|0|0|0|00
DBG|0|0|64|b|02|01|b8|06|xx|xx|0|0|0|0|00
DBG|0|0|66|1|02|01|b8|06|xx|xx|0|0|0|0|00
DBG|1|0|26|e|02|02|03|05|xx|xx|0|0|0|0|00
DBG|0|0|67|c|01|01|b8|06|xx|xx|0|0|0|0|00
DBG|1|0|1f|a|02|02|03|05|xx|xx|0|0|0|0|00
DBG|0|0|69|e|01|01|b8|06|xx|xx|0|0|0|0|00
DBG|1|0|21|c|02|02|03|05|xx|xx|0|0|0|0|00
DBG|0|0|64|b|01|01|b8|06|xx|xx|0|0|0|0|00
DBG|1|0|23|b|02|02|03|05|xx|xx|0|0|0|0|00
DBG|0|0|66|1|01|01|b8|06|xx|xx|0|0|0|0|00
DBG|1|0|25|2|03|02|03|05|xx|xx|0|0|0|0|00
DBG|0|0|67|c|00|01|b8|06|xx|xx|0|1|0|0|00
DBG|1|0|26|e|02|02|03|05|xx|xx|0|0|0|0|00
DBG|0|0|69|e|00|01|b8|06|xx|xx|0|1|0|0|00
DBG|1|0|1f|a|02|02|03|05|xx|xx|0|0|0|0|00
DBG|0|0|6c|b|00|01|b8|06|xx|xx|0|1|0|0|00
DBG|1|0|21|c|02|02|03|05|xx|xx|0|0|0|0|00
DBG|0|0|6e|c|02|01|b8|06|xx|xx|0|1|0|0|00
[392710000] SCL=0, SDA=1
DBG|1|0|23|b|02|02|03|05|xx|xx|0|0|0|0|00
DBG|0|0|70|a|02|01|b8|06|xx|xx|0|1|2|0|00
DBG|1|0|25|2|01|02|03|05|xx|xx|0|0|0|0|00
DBG|0|0|72|c|01|01|b8|06|xx|xx|0|1|2|0|00
DBG|1|0|26|e|00|02|03|05|xx|xx|0|1|0|0|00
DBG|0|0|74|b|01|01|b8|06|xx|xx|0|1|2|0|00
DBG|0|0|76|1|06|01|b8|06|xx|xx|0|1|2|0|00
DBG|1|0|29|a|00|02|03|05|xx|xx|0|1|0|0|00
DBG|0|0|77|c|05|01|b8|06|xx|xx|0|0|2|0|00
DBG|1|0|2b|c|02|02|03|05|xx|xx|0|1|0|0|00
DBG|0|0|79|e|05|01|b8|05|xx|xx|0|0|2|0|00
DBG|1|0|2d|b|02|02|03|05|xx|xx|0|1|0|0|00
DBG|1|0|2f|2|01|02|03|05|xx|xx|0|1|0|0|00
DBG|0|0|24|a|05|01|b8|05|xx|xx|0|0|2|0|00
DBG|0|0|26|c|0c|01|b8|05|xx|xx|0|0|2|0|00
DBG|1|0|30|e|00|02|03|05|xx|xx|0|1|0|0|00
DBG|0|0|28|b|0c|01|b8|05|xx|xx|0|0|2|0|00
DBG|1|0|33|d|00|02|03|05|xx|xx|0|1|0|0|00
DBG|0|0|2a|1|0c|01|b8|05|xx|xx|0|0|2|0|00
DBG|0|0|2b|c|0b|01|b8|05|xx|xx|0|0|2|0|00
DBG|1|0|29|a|00|02|03|05|xx|xx|0|1|0|0|00
DBG|1|0|2b|c|02|02|03|05|xx|xx|0|1|0|0|00
DBG|0|0|2d|e|0b|01|b8|05|xx|xx|0|0|2|0|00
DBG|1|0|2d|b|02|02|03|05|xx|xx|0|1|0|0|00
DBG|0|0|28|b|0b|01|b8|05|xx|xx|0|0|2|0|00
DBG|1|0|2f|2|01|02|03|05|xx|xx|0|1|0|0|00
DBG|0|0|2a|1|0b|01|b8|05|xx|xx|0|0|2|0|00
DBG|0|0|2b|c|0a|01|b8|05|xx|xx|0|0|2|0|00
DBG|1|0|30|e|00|02|03|05|xx|xx|0|1|0|0|00
DBG|0|0|2d|e|0a|01|b8|05|xx|xx|0|0|2|0|00
DBG|1|0|33|d|00|02|03|05|xx|xx|0|1|0|0|00
DBG|0|0|28|b|0a|01|b8|05|xx|xx|0|0|2|0|00
DBG|1|0|29|a|00|02|03|05|xx|xx|0|1|0|0|00
DBG|0|0|2a|1|0a|01|b8|05|xx|xx|0|0|2|0|00
DBG|1|0|2b|c|02|02|03|05|xx|xx|0|1|0|0|00
DBG|0|0|2b|c|09|01|b8|05|xx|xx|0|0|2|0|00
DBG|1|0|2d|b|02|02|03|05|xx|xx|0|1|0|0|00
DBG|0|0|2d|e|09|01|b8|05|xx|xx|0|0|2|0|00
DBG|1|0|2f|2|01|02|03|05|xx|xx|0|1|0|0|00
DBG|0|0|28|b|09|01|b8|05|xx|xx|0|0|2|0|00
DBG|1|0|30|e|00|02|03|05|xx|xx|0|1|0|0|00
DBG|0|0|2a|1|09|01|b8|05|xx|xx|0|0|2|0|00
DBG|0|0|2b|c|08|01|b8|05|xx|xx|0|0|2|0|00
DBG|1|0|33|d|00|02|03|05|xx|xx|0|1|0|0|00
DBG|0|0|2d|e|08|01|b8|05|xx|xx|0|0|2|0|00
DBG|1|0|29|a|00|02|03|05|xx|xx|0|1|0|0|00
DBG|1|0|2b|c|02|02|03|05|xx|xx|0|1|0|0|00
DBG|0|0|28|b|08|01|b8|05|xx|xx|0|0|2|0|00
DBG|0|0|2a|1|08|01|b8|05|xx|xx|0|0|2|0|00
DBG|1|0|2d|b|02|02|03|05|xx|xx|0|1|0|0|00
DBG|0|0|2b|c|07|01|b8|05|xx|xx|0|0|2|0|00
DBG|1|0|2f|2|01|02|03|05|xx|xx|0|1|0|0|00
DBG|0|0|2d|e|07|01|b8|05|xx|xx|0|0|2|0|00
DBG|1|0|30|e|00|02|03|05|xx|xx|0|1|0|0|00
DBG|0|0|28|b|07|01|b8|05|xx|xx|0|0|2|0|00
DBG|1|0|33|d|00|02|03|05|xx|xx|0|1|0|0|00
DBG|0|0|2a|1|07|01|b8|05|xx|xx|0|0|2|0|00
DBG|0|0|2b|c|06|01|b8|05|xx|xx|0|0|2|0|00
DBG|1|0|29|a|00|02|03|05|xx|xx|0|1|0|0|00
DBG|1|0|2b|c|02|02|03|05|xx|xx|0|1|0|0|00
DBG|0|0|2d|e|06|01|b8|05|xx|xx|0|0|2|0|00
DBG|1|0|2d|b|02|02|03|05|xx|xx|0|1|0|0|00
DBG|0|0|28|b|06|01|b8|05|xx|xx|0|0|2|0|00
DBG|1|0|2f|2|01|02|03|05|xx|xx|0|1|0|0|00
DBG|0|0|2a|1|06|01|b8|05|xx|xx|0|0|2|0|00
DBG|0|0|2b|c|05|01|b8|05|xx|xx|0|0|2|0|00
DBG|1|0|30|e|00|02|03|05|xx|xx|0|1|0|0|00
DBG|0|0|2d|e|05|01|b8|05|xx|xx|0|0|2|0|00
DBG|1|0|33|d|00|02|03|05|xx|xx|0|1|0|0|00
DBG|0|0|28|b|05|01|b8|05|xx|xx|0|0|2|0|00
DBG|1|0|29|a|00|02|03|05|xx|xx|0|1|0|0|00
DBG|0|0|2a|1|05|01|b8|05|xx|xx|0|0|2|0|00
DBG|1|0|2b|c|02|02|03|05|xx|xx|0|1|0|0|00
DBG|0|0|2b|c|04|01|b8|05|xx|xx|0|0|2|0|00
DBG|1|0|2d|b|02|02|03|05|xx|xx|0|1|0|0|00
DBG|0|0|2d|e|04|01|b8|05|xx|xx|0|0|2|0|00
DBG|1|0|2f|2|01|02|03|05|xx|xx|0|1|0|0|00
DBG|0|0|28|b|04|01|b8|05|xx|xx|0|0|2|0|00
DBG|1|0|30|e|00|02|03|05|xx|xx|0|1|0|0|00
DBG|0|0|2a|1|04|01|b8|05|xx|xx|0|0|2|0|00
DBG|0|0|2b|c|03|01|b8|05|xx|xx|0|0|2|0|00
DBG|1|0|33|d|00|02|03|05|xx|xx|0|1|0|0|00
DBG|0|0|2d|e|03|01|b8|05|xx|xx|0|0|2|0|00
DBG|1|0|29|a|00|02|03|05|xx|xx|0|1|0|0|00
DBG|1|0|2b|c|02|02|03|05|xx|xx|0|1|0|0|00
DBG|0|0|28|b|03|01|b8|05|xx|xx|0|0|2|0|00
DBG|0|0|2a|1|03|01|b8|05|xx|xx|0|0|2|0|00
DBG|1|0|2d|b|02|02|03|05|xx|xx|0|1|0|0|00
DBG|0|0|2b|c|02|01|b8|05|xx|xx|0|0|2|0|00
DBG|1|0|2f|2|01|02|03|05|xx|xx|0|1|0|0|00
DBG|0|0|2d|e|02|01|b8|05|xx|xx|0|0|2|0|00
DBG|1|0|30|e|00|02|03|05|xx|xx|0|1|0|0|00
DBG|0|0|28|b|02|01|b8|05|xx|xx|0|0|2|0|00
DBG|1|0|33|d|00|02|03|05|xx|xx|0|1|0|0|00
DBG|0|0|2a|1|02|01|b8|05|xx|xx|0|0|2|0|00
DBG|0|0|2b|c|01|01|b8|05|xx|xx|0|0|2|0|00
DBG|1|0|29|a|00|02|03|05|xx|xx|0|1|0|0|00
DBG|1|0|2b|c|02|02|03|05|xx|xx|0|1|0|0|00
DBG|0|0|2d|e|01|01|b8|05|xx|xx|0|0|2|0|00
DBG|1|0|2d|b|02|02|03|05|xx|xx|0|1|0|0|00
DBG|0|0|28|b|01|01|b8|05|xx|xx|0|0|2|0|00
DBG|1|0|2f|2|01|02|03|05|xx|xx|0|1|0|0|00
DBG|0|0|2a|1|01|01|b8|05|xx|xx|0|0|2|0|00
DBG|0|0|2b|c|00|01|b8|05|xx|xx|0|1|2|0|00
DBG|1|0|30|e|00|02|03|05|xx|xx|0|1|0|0|00
DBG|0|0|2d|e|00|01|b8|05|xx|xx|0|1|2|0|00
DBG|1|0|33|d|00|02|03|05|xx|xx|0|1|0|0|00
DBG|0|0|30|b|00|01|b8|05|xx|xx|0|1|2|0|00
DBG|1|0|29|a|00|02|03|05|xx|xx|0|1|0|0|00
DBG|0|0|32|5|b8|01|b8|05|xx|xx|0|1|2|0|00
DBG|1|0|2b|c|02|02|03|05|xx|xx|0|1|0|0|00
DBG|0|0|33|c|70|01|b8|05|xx|xx|1|0|2|0|00
DBG|1|0|2d|b|02|02|03|05|xx|xx|0|1|0|0|00
DBG|0|0|35|f|70|01|70|05|xx|xx|1|0|2|0|00
DBG|1|0|2f|2|01|02|03|05|xx|xx|0|1|0|0|00
DBG|0|0|45|a|70|01|70|05|xx|xx|1|0|2|0|00
DBG|1|0|30|e|00|02|03|05|xx|xx|0|1|0|0|00
DBG|0|0|47|c|02|01|70|05|xx|xx|1|0|2|0|00
DBG|1|0|33|d|00|02|03|05|xx|xx|0|1|0|0|00
DBG|0|0|49|c|02|01|70|05|xx|xx|1|0|2|0|00
DBG|0|0|4b|a|02|01|70|05|xx|xx|1|0|2|0|00
DBG|1|0|29|a|00|02|03|05|xx|xx|0|1|0|0|00
DBG|1|0|2b|c|02|02|03|05|xx|xx|0|1|0|0|00
DBG|0|0|4d|c|00|01|70|05|xx|xx|1|0|2|0|00
[396610000] SCL=1, SDA=1
DBG|0|0|4f|a|00|01|70|05|xx|xx|1|0|0|0|00
DBG|1|0|2d|b|02|02|03|05|xx|xx|0|1|0|0|00
DBG|1|0|2f|2|03|02|03|05|xx|xx|0|1|0|0|00
DBG|0|0|51|c|02|01|70|05|xx|xx|1|0|0|0|00
DBG|0|0|53|b|02|02|70|05|xx|xx|1|0|0|0|00
DBG|1|0|30|e|02|02|03|05|xx|xx|0|0|0|0|00
DBG|0|0|55|2|03|02|70|05|xx|xx|1|0|0|0|00
DBG|1|0|36|b|02|02|03|05|xx|xx|0|0|0|0|00
DBG|1|0|38|5|03|02|03|05|xx|xx|0|0|0|0|00
DBG|0|0|56|e|02|02|70|05|xx|xx|1|0|0|0|00
DBG|1|0|39|c|06|02|03|05|xx|xx|0|0|0|0|00
DBG|0|0|5c|a|02|02|70|05|xx|xx|1|0|0|0|00
DBG|1|0|3b|a|06|02|06|05|xx|xx|0|0|0|0|00
DBG|0|0|5e|c|06|02|70|05|xx|xx|1|0|0|0|00
DBG|1|0|3d|c|01|02|06|05|xx|xx|0|0|0|0|00
DBG|0|0|60|a|06|02|70|05|xx|xx|1|0|0|0|00
DBG|1|0|3f|b|01|01|06|05|xx|xx|0|0|0|0|00
DBG|0|0|62|c|01|02|70|05|xx|xx|1|0|0|0|00
DBG|1|0|41|2|03|01|06|05|xx|xx|0|0|0|0|00
DBG|0|0|64|b|01|01|70|05|xx|xx|1|0|0|0|00
DBG|0|0|66|1|06|01|70|05|xx|xx|1|0|0|0|00
DBG|1|0|42|c|01|01|06|05|xx|xx|0|0|0|0|00
DBG|1|0|44|b|01|01|06|05|xx|xx|0|0|0|0|00
DBG|0|0|67|c|05|01|70|05|xx|xx|0|0|0|0|00
DBG|1|0|46|0|06|01|06|05|xx|xx|0|0|0|0|00
DBG|0|0|69|e|05|01|70|05|xx|xx|0|0|0|0|00
DBG|1|0|47|c|07|01|06|05|xx|xx|0|0|0|0|00
DBG|0|0|64|b|05|01|70|05|xx|xx|0|0|0|0|00
DBG|1|0|49|a|07|01|07|05|xx|xx|0|0|0|0|00
DBG|0|0|66|1|05|01|70|05|xx|xx|0|0|0|0|00
DBG|1|0|4b|c|01|01|07|05|xx|xx|0|0|0|0|00
DBG|0|0|67|c|04|01|70|05|xx|xx|0|0|0|0|00
DBG|1|0|4d|b|01|01|07|05|xx|xx|0|0|0|0|00
DBG|1|0|4f|1|05|01|07|05|xx|xx|0|0|0|0|00
DBG|0|0|69|e|04|01|70|05|xx|xx|0|0|0|0|00
DBG|0|0|64|b|04|01|70|05|xx|xx|0|0|0|0|00
DBG|1|0|50|c|04|01|07|05|xx|xx|0|0|0|0|00
DBG|0|0|66|1|04|01|70|05|xx|xx|0|0|0|0|00
DBG|1|0|52|e|04|01|07|04|xx|xx|0|0|0|0|00
DBG|0|0|67|c|03|01|70|05|xx|xx|0|0|0|0|00
DBG|1|0|1f|a|04|01|07|04|xx|xx|0|0|0|0|00
DBG|0|0|69|e|03|01|70|05|xx|xx|0|0|0|0|00
DBG|1|0|21|c|02|01|07|04|xx|xx|0|0|0|0|00
DBG|0|0|64|b|03|01|70|05|xx|xx|0|0|0|0|00
DBG|1|0|23|b|02|02|07|04|xx|xx|0|0|0|0|00
DBG|0|0|66|1|03|01|70|05|xx|xx|0|0|0|0|00
DBG|1|0|25|2|03|02|07|04|xx|xx|0|0|0|0|00
DBG|0|0|67|c|02|01|70|05|xx|xx|0|0|0|0|00
DBG|1|0|26|e|02|02|07|04|xx|xx|0|0|0|0|00
DBG|0|0|69|e|02|01|70|05|xx|xx|0|0|0|0|00
DBG|1|0|1f|a|02|02|07|04|xx|xx|0|0|0|0|00
DBG|0|0|64|b|02|01|70|05|xx|xx|0|0|0|0|00
DBG|0|0|66|1|02|01|70|05|xx|xx|0|0|0|0|00
DBG|1|0|21|c|02|02|07|04|xx|xx|0|0|0|0|00
DBG|1|0|23|b|02|02|07|04|xx|xx|0|0|0|0|00
DBG|0|0|67|c|01|01|70|05|xx|xx|0|0|0|0|00
DBG|1|0|25|2|03|02|07|04|xx|xx|0|0|0|0|00
DBG|0|0|69|e|01|01|70|05|xx|xx|0|0|0|0|00
DBG|0|0|64|b|01|01|70|05|xx|xx|0|0|0|0|00
DBG|1|0|26|e|02|02|07|04|xx|xx|0|0|0|0|00
DBG|0|0|66|1|01|01|70|05|xx|xx|0|0|0|0|00
DBG|1|0|1f|a|02|02|07|04|xx|xx|0|0|0|0|00
DBG|0|0|67|c|00|01|70|05|xx|xx|0|1|0|0|00
DBG|1|0|21|c|02|02|07|04|xx|xx|0|0|0|0|00
DBG|1|0|23|b|02|02|07|04|xx|xx|0|0|0|0|00
DBG|0|0|69|e|00|01|70|05|xx|xx|0|1|0|0|00
DBG|0|0|6c|b|00|01|70|05|xx|xx|0|1|0|0|00
DBG|1|0|25|2|03|02|07|04|xx|xx|0|0|0|0|00
DBG|0|0|6e|c|02|01|70|05|xx|xx|0|1|0|0|00
[398730000] SCL=0, SDA=1
DBG|1|0|26|e|02|02|07|04|xx|xx|0|0|0|0|00
DBG|0|0|70|a|02|01|70|05|xx|xx|0|1|2|0|00
DBG|1|0|1f|a|02|02|07|04|xx|xx|0|0|0|0|00
DBG|0|0|72|c|01|01|70|05|xx|xx|0|1|2|0|00
DBG|1|0|21|c|02|02|07|04|xx|xx|0|0|0|0|00
DBG|0|0|74|b|01|01|70|05|xx|xx|0|1|2|0|00
DBG|1|0|23|b|02|02|07|04|xx|xx|0|0|0|0|00
DBG|0|0|76|1|05|01|70|05|xx|xx|0|1|2|0|00
DBG|1|0|25|2|01|02|07|04|xx|xx|0|0|0|0|00
DBG|0|0|77|c|04|01|70|05|xx|xx|0|0|2|0|00
DBG|1|0|26|e|00|02|07|04|xx|xx|0|1|0|0|00
DBG|0|0|79|e|04|01|70|04|xx|xx|0|0|2|0|00
DBG|1|0|29|a|00|02|07|04|xx|xx|0|1|0|0|00
DBG|0|0|24|a|04|01|70|04|xx|xx|0|0|2|0|00
DBG|1|0|2b|c|02|02|07|04|xx|xx|0|1|0|0|00
DBG|0|0|26|c|0c|01|70|04|xx|xx|0|0|2|0|00
DBG|1|0|2d|b|02|02|07|04|xx|xx|0|1|0|0|00
DBG|0|0|28|b|0c|01|70|04|xx|xx|0|0|2|0|00
DBG|0|0|2a|1|0c|01|70|04|xx|xx|0|0|2|0|00
DBG|1|0|2f|2|01|02|07|04|xx|xx|0|1|0|0|00
DBG|0|0|2b|c|0b|01|70|04|xx|xx|0|0|2|0|00
DBG|1|0|30|e|00|02|07|04|xx|xx|0|1|0|0|00
DBG|0|0|2d|e|0b|01|70|04|xx|xx|0|0|2|0|00
DBG|1|0|33|d|00|02|07|04|xx|xx|0|1|0|0|00
DBG|0|0|28|b|0b|01|70|04|xx|xx|0|0|2|0|00
DBG|1|0|29|a|00|02|07|04|xx|xx|0|1|0|0|00
DBG|0|0|2a|1|0b|01|70|04|xx|xx|0|0|2|0|00
DBG|1|0|2b|c|02|02|07|04|xx|xx|0|1|0|0|00
DBG|0|0|2b|c|0a|01|70|04|xx|xx|0|0|2|0|00
DBG|1|0|2d|b|02|02|07|04|xx|xx|0|1|0|0|00
DBG|0|0|2d|e|0a|01|70|04|xx|xx|0|0|2|0|00
DBG|1|0|2f|2|01|02|07|04|xx|xx|0|1|0|0|00
DBG|0|0|28|b|0a|01|70|04|xx|xx|0|0|2|0|00
DBG|0|0|2a|1|0a|01|70|04|xx|xx|0|0|2|0|00
DBG|1|0|30|e|00|02|07|04|xx|xx|0|1|0|0|00
DBG|0|0|2b|c|09|01|70|04|xx|xx|0|0|2|0|00
DBG|1|0|33|d|00|02|07|04|xx|xx|0|1|0|0|00
DBG|1|0|29|a|00|02|07|04|xx|xx|0|1|0|0|00
DBG|0|0|2d|e|09|01|70|04|xx|xx|0|0|2|0|00
DBG|0|0|28|b|09|01|70|04|xx|xx|0|0|2|0|00
DBG|1|0|2b|c|02|02|07|04|xx|xx|0|1|0|0|00
DBG|0|0|2a|1|09|01|70|04|xx|xx|0|0|2|0|00
DBG|1|0|2d|b|02|02|07|04|xx|xx|0|1|0|0|00
DBG|0|0|2b|c|08|01|70|04|xx|xx|0|0|2|0|00
DBG|1|0|2f|2|01|02|07|04|xx|xx|0|1|0|0|00
DBG|0|0|2d|e|08|01|70|04|xx|xx|0|0|2|0|00
DBG|1|0|30|e|00|02|07|04|xx|xx|0|1|0|0|00
DBG|0|0|28|b|08|01|70|04|xx|xx|0|0|2|0|00
DBG|0|0|2a|1|08|01|70|04|xx|xx|0|0|2|0|00
DBG|1|0|33|d|00|02|07|04|xx|xx|0|1|0|0|00
DBG|1|0|29|a|00|02|07|04|xx|xx|0|1|0|0|00
DBG|0|0|2b|c|07|01|70|04|xx|xx|0|0|2|0|00
DBG|1|0|2b|c|02|02|07|04|xx|xx|0|1|0|0|00
DBG|0|0|2d|e|07|01|70|04|xx|xx|0|0|2|0|00
DBG|1|0|2d|b|02|02|07|04|xx|xx|0|1|0|0|00
DBG|0|0|28|b|07|01|70|04|xx|xx|0|0|2|0|00
DBG|0|0|2a|1|07|01|70|04|xx|xx|0|0|2|0|00
DBG|1|0|2f|2|01|02|07|04|xx|xx|0|1|0|0|00
DBG|0|0|2b|c|06|01|70|04|xx|xx|0|0|2|0|00
DBG|1|0|30|e|00|02|07|04|xx|xx|0|1|0|0|00
DBG|0|0|2d|e|06|01|70|04|xx|xx|0|0|2|0|00
DBG|1|0|33|d|00|02|07|04|xx|xx|0|1|0|0|00
DBG|0|0|28|b|06|01|70|04|xx|xx|0|0|2|0|00
DBG|1|0|29|a|00|02|07|04|xx|xx|0|1|0|0|00
DBG|0|0|2a|1|06|01|70|04|xx|xx|0|0|2|0|00
DBG|1|0|2b|c|02|02|07|04|xx|xx|0|1|0|0|00
DBG|0|0|2b|c|05|01|70|04|xx|xx|0|0|2|0|00
DBG|1|0|2d|b|02|02|07|04|xx|xx|0|1|0|0|00
DBG|0|0|2d|e|05|01|70|04|xx|xx|0|0|2|0|00
DBG|1|0|2f|2|01|02|07|04|xx|xx|0|1|0|0|00
DBG|0|0|28|b|05|01|70|04|xx|xx|0|0|2|0|00
DBG|0|0|2a|1|05|01|70|04|xx|xx|0|0|2|0|00
DBG|1|0|30|e|00|02|07|04|xx|xx|0|1|0|0|00
DBG|0|0|2b|c|04|01|70|04|xx|xx|0|0|2|0|00
DBG|1|0|33|d|00|02|07|04|xx|xx|0|1|0|0|00
DBG|1|0|29|a|00|02|07|04|xx|xx|0|1|0|0|00
DBG|0|0|2d|e|04|01|70|04|xx|xx|0|0|2|0|00
DBG|0|0|28|b|04|01|70|04|xx|xx|0|0|2|0|00
DBG|1|0|2b|c|02|02|07|04|xx|xx|0|1|0|0|00
DBG|0|0|2a|1|04|01|70|04|xx|xx|0|0|2|0|00
DBG|1|0|2d|b|02|02|07|04|xx|xx|0|1|0|0|00
DBG|0|0|2b|c|03|01|70|04|xx|xx|0|0|2|0|00
DBG|1|0|2f|2|01|02|07|04|xx|xx|0|1|0|0|00
DBG|0|0|2d|e|03|01|70|04|xx|xx|0|0|2|0|00
DBG|1|0|30|e|00|02|07|04|xx|xx|0|1|0|0|00
DBG|0|0|28|b|03|01|70|04|xx|xx|0|0|2|0|00
DBG|0|0|2a|1|03|01|70|04|xx|xx|0|0|2|0|00
DBG|1|0|33|d|00|02|07|04|xx|xx|0|1|0|0|00
DBG|1|0|29|a|00|02|07|04|xx|xx|0|1|0|0|00
DBG|0|0|2b|c|02|01|70|04|xx|xx|0|0|2|0|00
DBG|1|0|2b|c|02|02|07|04|xx|xx|0|1|0|0|00
DBG|0|0|2d|e|02|01|70|04|xx|xx|0|0|2|0|00
DBG|1|0|2d|b|02|02|07|04|xx|xx|0|1|0|0|00
DBG|0|0|28|b|02|01|70|04|xx|xx|0|0|2|0|00
DBG|0|0|2a|1|02|01|70|04|xx|xx|0|0|2|0|00
DBG|1|0|2f|2|01|02|07|04|xx|xx|0|1|0|0|00
DBG|0|0|2b|c|01|01|70|04|xx|xx|0|0|2|0|00
DBG|1|0|30|e|00|02|07|04|xx|xx|0|1|0|0|00
DBG|0|0|2d|e|01|01|70|04|xx|xx|0|0|2|0|00
DBG|1|0|33|d|00|02|07|04|xx|xx|0|1|0|0|00
DBG|0|0|28|b|01|01|70|04|xx|xx|0|0|2|0|00
DBG|1|0|29|a|00|02|07|04|xx|xx|0|1|0|0|00
DBG|0|0|2a|1|01|01|70|04|xx|xx|0|0|2|0|00
DBG|1|0|2b|c|02|02|07|04|xx|xx|0|1|0|0|00
DBG|0|0|2b|c|00|01|70|04|xx|xx|0|1|2|0|00
DBG|1|0|2d|b|02|02|07|04|xx|xx|0|1|0|0|00
DBG|0|0|2d|e|00|01|70|04|xx|xx|0|1|2|0|00
DBG|1|0|2f|2|01|02|07|04|xx|xx|0|1|0|0|00
DBG|0|0|30|b|00|01|70|04|xx|xx|0|1|2|0|00
DBG|0|0|32|5|70|01|70|04|xx|xx|0|1|2|0|00
DBG|1|0|30|e|00|02|07|04|xx|xx|0|1|0|0|00
DBG|0|0|33|c|e0|01|70|04|xx|xx|0|0|2|0|00
DBG|1|0|33|d|00|02|07|04|xx|xx|0|1|0|0|00
DBG|1|0|29|a|00|02|07|04|xx|xx|0|1|0|0|00
DBG|0|0|35|f|e0|01|e0|04|xx|xx|0|0|2|0|00
DBG|0|0|38|a|e0|01|e0|04|xx|xx|0|0|2|0|00
DBG|1|0|2b|c|02|02|07|04|xx|xx|0|1|0|0|00
DBG|1|0|2d|b|02|02|07|04|xx|xx|0|1|0|0|00
DBG|0|0|3a|c|03|01|e0|04|xx|xx|0|0|2|0|00
DBG|0|0|3c|c|03|01|e0|04|xx|xx|0|0|2|0|00
DBG|1|0|2f|2|01|02|07|04|xx|xx|0|1|0|0|00
[402510000] SCL=0, SDA=0
DBG|0|0|3e|a|03|01|e0|04|xx|xx|0|0|3|0|00
DBG|1|0|30|e|00|02|07|04|xx|xx|0|1|0|0|00
DBG|0|0|40|c|01|01|e0|04|xx|xx|0|0|3|0|00
[402630000] SCL=1, SDA=0
DBG|1|0|33|d|00|02|07|04|xx|xx|0|1|0|0|00
DBG|0|0|42|d|01|01|e0|04|xx|xx|0|0|1|0|00
DBG|1|0|29|a|00|02|07|04|xx|xx|0|1|0|0|00
DBG|0|0|4f|a|01|01|e0|04|xx|xx|0|0|1|0|00
DBG|1|0|2b|c|02|02|07|04|xx|xx|0|1|0|0|00
DBG|0|0|51|c|02|01|e0|04|xx|xx|0|0|1|0|00
DBG|1|0|2d|b|02|02|07|04|xx|xx|0|1|0|0|00
DBG|0|0|53|b|02|02|e0|04|xx|xx|0|0|1|0|00
DBG|1|0|2f|2|02|02|07|04|xx|xx|0|1|0|0|00
DBG|0|0|55|2|02|02|e0|04|xx|xx|0|0|1|0|00
DBG|1|0|30|e|02|02|07|04|xx|xx|0|0|0|0|00
DBG|0|0|56|e|02|02|e0|04|xx|xx|0|0|1|0|00
DBG|1|0|36|b|02|02|07|04|xx|xx|0|0|0|0|00
DBG|1|0|38|5|07|02|07|04|xx|xx|0|0|0|0|00
DBG|0|0|5c|a|02|02|e0|04|xx|xx|0|0|1|0|00
DBG|0|0|5e|c|06|02|e0|04|xx|xx|0|0|1|0|00
DBG|1|0|39|c|0e|02|07|04|xx|xx|0|0|0|0|00
DBG|1|0|3b|a|0e|02|0e|04|xx|xx|0|0|0|0|00
DBG|0|0|60|a|06|02|e0|04|xx|xx|0|0|1|0|00
DBG|0|0|62|c|01|02|e0|04|xx|xx|0|0|1|0|00
DBG|1|0|3d|c|01|02|0e|04|xx|xx|0|0|0|0|00
DBG|1|0|3f|b|01|01|0e|04|xx|xx|0|0|0|0|00
DBG|0|0|64|b|01|01|e0|04|xx|xx|0|0|1|0|00
DBG|0|0|66|1|06|01|e0|04|xx|xx|0|0|1|0|00
DBG|1|0|41|2|02|01|0e|04|xx|xx|0|0|0|0|00
DBG|0|0|67|c|05|01|e0|04|xx|xx|0|0|1|0|00
DBG|1|0|42|c|00|01|0e|04|xx|xx|0|1|0|0|00
DBG|0|0|69|e|05|01|e0|04|xx|xx|0|0|1|0|00
DBG|1|0|44|b|00|00|0e|04|xx|xx|0|1|0|0|00
DBG|1|0|46|0|0e|00|0e|04|xx|xx|0|1|0|0|00
DBG|0|0|64|b|05|01|e0|04|xx|xx|0|0|1|0|00
DBG|1|0|47|c|0e|00|0e|04|xx|xx|0|0|0|0|00
DBG|0|0|66|1|05|01|e0|04|xx|xx|0|0|1|0|00
DBG|0|0|67|c|04|01|e0|04|xx|xx|0|0|1|0|00
DBG|1|0|49|a|0e|00|0e|04|xx|xx|0|0|0|0|00
DBG|1|0|4b|c|01|00|0e|04|xx|xx|0|0|0|0|00
DBG|0|0|69|e|04|01|e0|04|xx|xx|0|0|1|0|00
DBG|1|0|4d|b|01|01|0e|04|xx|xx|0|0|0|0|00
DBG|0|0|64|b|04|01|e0|04|xx|xx|0|0|1|0|00
DBG|1|0|4f|1|04|01|0e|04|xx|xx|0|0|0|0|00
DBG|0|0|66|1|04|01|e0|04|xx|xx|0|0|1|0|00
DBG|1|0|50|c|03|01|0e|04|xx|xx|0|0|0|0|00
DBG|0|0|67|c|03|01|e0|04|xx|xx|0|0|1|0|00
DBG|1|0|52|e|03|01|0e|03|xx|xx|0|0|0|0|00
DBG|0|0|69|e|03|01|e0|04|xx|xx|0|0|1|0|00
DBG|1|0|1f|a|03|01|0e|03|xx|xx|0|0|0|0|00
DBG|0|0|64|b|03|01|e0|04|xx|xx|0|0|1|0|00
DBG|1|0|21|c|02|01|0e|03|xx|xx|0|0|0|0|00
DBG|0|0|66|1|03|01|e0|04|xx|xx|0|0|1|0|00
DBG|0|0|67|c|02|01|e0|04|xx|xx|0|0|1|0|00
DBG|1|0|23|b|02|02|0e|03|xx|xx|0|0|0|0|00
DBG|1|0|25|2|02|02|0e|03|xx|xx|0|0|0|0|00
DBG|0|0|69|e|02|01|e0|04|xx|xx|0|0|1|0|00
DBG|1|0|26|e|02|02|0e|03|xx|xx|0|0|0|0|00
DBG|0|0|64|b|02|01|e0|04|xx|xx|0|0|1|0|00
DBG|0|0|66|1|02|01|e0|04|xx|xx|0|0|1|0|00
DBG|1|0|1f|a|02|02|0e|03|xx|xx|0|0|0|0|00
DBG|0|0|67|c|01|01|e0|04|xx|xx|0|0|1|0|00
DBG|1|0|21|c|02|02|0e|03|xx|xx|0|0|0|0|00
DBG|0|0|69|e|01|01|e0|04|xx|xx|0|0|1|0|00
DBG|1|0|23|b|02|02|0e|03|xx|xx|0|0|0|0|00
DBG|1|0|25|2|02|02|0e|03|xx|xx|0|0|0|0|00
DBG|0|0|64|b|01|01|e0|04|xx|xx|0|0|1|0|00
DBG|0|0|66|1|01|01|e0|04|xx|xx|0|0|1|0|00
DBG|1|0|26|e|02|02|0e|03|xx|xx|0|0|0|0|00
DBG|0|0|67|c|00|01|e0|04|xx|xx|0|1|1|0|00
DBG|1|0|1f|a|02|02|0e|03|xx|xx|0|0|0|0|00
DBG|0|0|69|e|00|01|e0|04|xx|xx|0|1|1|0|00
DBG|1|0|21|c|02|02|0e|03|xx|xx|0|0|0|0|00
DBG|0|0|6c|b|00|01|e0|04|xx|xx|0|1|1|0|00
DBG|1|0|23|b|02|02|0e|03|xx|xx|0|0|0|0|00
DBG|0|0|6e|c|03|01|e0|04|xx|xx|0|1|1|0|00
[404830000] SCL=0, SDA=0
DBG|1|0|25|2|02|02|0e|03|xx|xx|0|0|0|0|00
DBG|0|0|70|a|03|01|e0|04|xx|xx|0|1|3|0|00
DBG|1|0|26|e|02|02|0e|03|xx|xx|0|0|0|0|00
DBG|0|0|72|c|01|01|e0|04|xx|xx|0|1|3|0|00
DBG|1|0|1f|a|02|02|0e|03|xx|xx|0|0|0|0|00
DBG|0|0|74|b|01|01|e0|04|xx|xx|0|1|3|0|00
DBG|1|0|21|c|02|02|0e|03|xx|xx|0|0|0|0|00
DBG|0|0|76|1|04|01|e0|04|xx|xx|0|1|3|0|00
DBG|0|0|77|c|03|01|e0|04|xx|xx|0|0|3|0|00
DBG|1|0|23|b|02|02|0e|03|xx|xx|0|0|0|0|00
DBG|1|0|25|2|00|02|0e|03|xx|xx|0|0|0|0|00
DBG|0|0|79|e|03|01|e0|03|xx|xx|0|0|3|0|00
DBG|1|0|26|e|00|02|0e|03|xx|xx|0|1|0|0|00
DBG|0|0|24|a|03|01|e0|03|xx|xx|0|0|3|0|00
DBG|0|0|26|c|0c|01|e0|03|xx|xx|0|0|3|0|00
DBG|1|0|29|a|00|02|0e|03|xx|xx|0|1|0|0|00
DBG|1|0|2b|c|02|02|0e|03|xx|xx|0|1|0|0|00
DBG|0|0|28|b|0c|01|e0|03|xx|xx|0|0|3|0|00
DBG|0|0|2a|1|0c|01|e0|03|xx|xx|0|0|3|0|00
DBG|1|0|2d|b|02|02|0e|03|xx|xx|0|1|0|0|00
DBG|0|0|2b|c|0b|01|e0|03|xx|xx|0|0|3|0|00
DBG|1|0|2f|2|00|02|0e|03|xx|xx|0|1|0|0|00
DBG|0|0|2d|e|0b|01|e0|03|xx|xx|0|0|3|0|00
DBG|1|0|30|e|00|02|0e|03|xx|xx|0|1|0|0|00
DBG|0|0|28|b|0b|01|e0|03|xx|xx|0|0|3|0|00
DBG|1|0|33|d|00|02|0e|03|xx|xx|0|1|0|0|00
DBG|0|0|2a|1|0b|01|e0|03|xx|xx|0|0|3|0|00
DBG|0|0|2b|c|0a|01|e0|03|xx|xx|0|0|3|0|00
DBG|1|0|29|a|00|02|0e|03|xx|xx|0|1|0|0|00
DBG|1|0|2b|c|02|02|0e|03|xx|xx|0|1|0|0|00
DBG|0|0|2d|e|0a|01|e0|03|xx|xx|0|0|3|0|00
DBG|1|0|2d|b|02|02|0e|03|xx|xx|0|1|0|0|00
DBG|0|0|28|b|0a|01|e0|03|xx|xx|0|0|3|0|00
DBG|1|0|2f|2|00|02|0e|03|xx|xx|0|1|0|0|00
DBG|0|0|2a|1|0a|01|e0|03|xx|xx|0|0|3|0|00
DBG|0|0|2b|c|09|01|e0|03|xx|xx|0|0|3|0|00
DBG|1|0|30|e|00|02|0e|03|xx|xx|0|1|0|0|00
DBG|0|0|2d|e|09|01|e0|03|xx|xx|0|0|3|0|00
DBG|1|0|33|d|00|02|0e|03|xx|xx|0|1|0|0|00
DBG|0|0|28|b|09|01|e0|03|xx|xx|0|0|3|0|00
DBG|1|0|29|a|00|02|0e|03|xx|xx|0|1|0|0|00
DBG|0|0|2a|1|09|01|e0|03|xx|xx|0|0|3|0|00
DBG|1|0|2b|c|02|02|0e|03|xx|xx|0|1|0|0|00
DBG|0|0|2b|c|08|01|e0|03|xx|xx|0|0|3|0|00
DBG|1|0|2d|b|02|02|0e|03|xx|xx|0|1|0|0|00
DBG|0|0|2d|e|08|01|e0|03|xx|xx|0|0|3|0|00
DBG|1|0|2f|2|00|02|0e|03|xx|xx|0|1|0|0|00
DBG|0|0|28|b|08|01|e0|03|xx|xx|0|0|3|0|00
DBG|1|0|30|e|00|02|0e|03|xx|xx|0|1|0|0|00
DBG|0|0|2a|1|08|01|e0|03|xx|xx|0|0|3|0|00
DBG|0|0|2b|c|07|01|e0|03|xx|xx|0|0|3|0|00
DBG|1|0|33|d|00|02|0e|03|xx|xx|0|1|0|0|00
DBG|0|0|2d|e|07|01|e0|03|xx|xx|0|0|3|0|00
DBG|1|0|29|a|00|02|0e|03|xx|xx|0|1|0|0|00
DBG|1|0|2b|c|02|02|0e|03|xx|xx|0|1|0|0|00
DBG|0|0|28|b|07|01|e0|03|xx|xx|0|0|3|0|00
DBG|0|0|2a|1|07|01|e0|03|xx|xx|0|0|3|0|00
DBG|1|0|2d|b|02|02|0e|03|xx|xx|0|1|0|0|00
DBG|0|0|2b|c|06|01|e0|03|xx|xx|0|0|3|0|00
DBG|1|0|2f|2|00|02|0e|03|xx|xx|0|1|0|0|00
DBG|0|0|2d|e|06|01|e0|03|xx|xx|0|0|3|0|00
DBG|1|0|30|e|00|02|0e|03|xx|xx|0|1|0|0|00
DBG|0|0|28|b|06|01|e0|03|xx|xx|0|0|3|0|00
DBG|1|0|33|d|00|02|0e|03|xx|xx|0|1|0|0|00
DBG|0|0|2a|1|06|01|e0|03|xx|xx|0|0|3|0|00
DBG|0|0|2b|c|05|01|e0|03|xx|xx|0|0|3|0|00
DBG|1|0|29|a|00|02|0e|03|xx|xx|0|1|0|0|00
DBG|1|0|2b|c|02|02|0e|03|xx|xx|0|1|0|0|00
DBG|0|0|2d|e|05|01|e0|03|xx|xx|0|0|3|0|00
DBG|1|0|2d|b|02|02|0e|03|xx|xx|0|1|0|0|00
DBG|0|0|28|b|05|01|e0|03|xx|xx|0|0|3|0|00
DBG|1|0|2f|2|00|02|0e|03|xx|xx|0|1|0|0|00
DBG|0|0|2a|1|05|01|e0|03|xx|xx|0|0|3|0|00
DBG|0|0|2b|c|04|01|e0|03|xx|xx|0|0|3|0|00
DBG|1|0|30|e|00|02|0e|03|xx|xx|0|1|0|0|00
DBG|0|0|2d|e|04|01|e0|03|xx|xx|0|0|3|0|00
DBG|1|0|33|d|00|02|0e|03|xx|xx|0|1|0|0|00
DBG|0|0|28|b|04|01|e0|03|xx|xx|0|0|3|0|00
DBG|1|0|29|a|00|02|0e|03|xx|xx|0|1|0|0|00
DBG|0|0|2a|1|04|01|e0|03|xx|xx|0|0|3|0|00
DBG|1|0|2b|c|02|02|0e|03|xx|xx|0|1|0|0|00
DBG|0|0|2b|c|03|01|e0|03|xx|xx|0|0|3|0|00
DBG|1|0|2d|b|02|02|0e|03|xx|xx|0|1|0|0|00
DBG|0|0|2d|e|03|01|e0|03|xx|xx|0|0|3|0|00
DBG|1|0|2f|2|00|02|0e|03|xx|xx|0|1|0|0|00
DBG|0|0|28|b|03|01|e0|03|xx|xx|0|0|3|0|00
DBG|1|0|30|e|00|02|0e|03|xx|xx|0|1|0|0|00
DBG|0|0|2a|1|03|01|e0|03|xx|xx|0|0|3|0|00
DBG|0|0|2b|c|02|01|e0|03|xx|xx|0|0|3|0|00
DBG|1|0|33|d|00|02|0e|03|xx|xx|0|1|0|0|00
DBG|0|0|2d|e|02|01|e0|03|xx|xx|0|0|3|0|00
DBG|1|0|29|a|00|02|0e|03|xx|xx|0|1|0|0|00
DBG|1|0|2b|c|02|02|0e|03|xx|xx|0|1|0|0|00
DBG|0|0|28|b|02|01|e0|03|xx|xx|0|0|3|0|00
DBG|0|0|2a|1|02|01|e0|03|xx|xx|0|0|3|0|00
DBG|1|0|2d|b|02|02|0e|03|xx|xx|0|1|0|0|00
DBG|0|0|2b|c|01|01|e0|03|xx|xx|0|0|3|0|00
DBG|1|0|2f|2|00|02|0e|03|xx|xx|0|1|0|0|00
DBG|0|0|2d|e|01|01|e0|03|xx|xx|0|0|3|0|00
DBG|1|0|30|e|00|02|0e|03|xx|xx|0|1|0|0|00
DBG|0|0|28|b|01|01|e0|03|xx|xx|0|0|3|0|00
DBG|1|0|33|d|00|02|0e|03|xx|xx|0|1|0|0|00
DBG|0|0|2a|1|01|01|e0|03|xx|xx|0|0|3|0|00
DBG|0|0|2b|c|00|01|e0|03|xx|xx|0|1|3|0|00
DBG|1|0|29|a|00|02|0e|03|xx|xx|0|1|0|0|00
DBG|1|0|2b|c|02|02|0e|03|xx|xx|0|1|0|0|00
DBG|0|0|2d|e|00|01|e0|03|xx|xx|0|1|3|0|00
DBG|1|0|2d|b|02|02|0e|03|xx|xx|0|1|0|0|00
DBG|0|0|30|b|00|01|e0|03|xx|xx|0|1|3|0|00
DBG|1|0|2f|2|00|02|0e|03|xx|xx|0|1|0|0|00
DBG|0|0|32|5|e0|01|e0|03|xx|xx|0|1|3|0|00
DBG|0|0|33|c|c0|01|e0|03|xx|xx|1|0|3|0|00
DBG|1|0|30|e|00|02|0e|03|xx|xx|0|1|0|0|00
DBG|0|0|35|f|c0|01|c0|03|xx|xx|1|0|3|0|00
DBG|1|0|33|d|00|02|0e|03|xx|xx|0|1|0|0|00
DBG|0|0|45|a|c0|01|c0|03|xx|xx|1|0|3|0|00
DBG|1|0|29|a|00|02|0e|03|xx|xx|0|1|0|0|00
DBG|0|0|47|c|02|01|c0|03|xx|xx|1|0|3|0|00
DBG|1|0|2b|c|02|02|0e|03|xx|xx|0|1|0|0|00
DBG|0|0|49|c|02|01|c0|03|xx|xx|1|0|3|0|00
[408610000] SCL=0, SDA=1
DBG|1|0|2d|b|02|02|0e|03|xx|xx|0|1|0|0|00
DBG|0|0|4b|a|02|01|c0|03|xx|xx|1|0|2|0|00
DBG|1|0|2f|2|01|02|0e|03|xx|xx|0|1|0|0|00
DBG|0|0|4d|c|00|01|c0|03|xx|xx|1|0|2|0|00
[408730000] SCL=1, SDA=1
DBG|1|0|30|e|00|02|0e|03|xx|xx|0|1|0|0|00
DBG|0|0|4f|a|00|01|c0|03|xx|xx|1|0|0|0|00
DBG|1|0|33|d|00|02|0e|03|xx|xx|0|1|0|0|00
DBG|0|0|51|c|02|01|c0|03|xx|xx|1|0|0|0|00
DBG|0|0|53|b|02|02|c0|03|xx|xx|1|0|0|0|00
DBG|1|0|29|a|00|02|0e|03|xx|xx|0|1|0|0|00
DBG|1|0|2b|c|02|02|0e|03|xx|xx|0|1|0|0|00
DBG|0|0|55|2|03|02|c0|03|xx|xx|1|0|0|0|00
DBG|1|0|2d|b|02|02|0e|03|xx|xx|0|1|0|0|00
DBG|0|0|56|e|02|02|c0|03|xx|xx|1|0|0|0|00
DBG|1|0|2f|2|03|02|0e|03|xx|xx|0|1|0|0|00
DBG|0|0|5c|a|02|02|c0|03|xx|xx|1|0|0|0|00
DBG|1|0|30|e|02|02|0e|03|xx|xx|0|0|0|0|00
DBG|0|0|5e|c|06|02|c0|03|xx|xx|1|0|0|0|00
DBG|0|0|60|a|06|02|c0|03|xx|xx|1|0|0|0|00
DBG|1|0|36|b|02|02|0e|03|xx|xx|0|0|0|0|00
DBG|1|0|38|5|0e|02|0e|03|xx|xx|0|0|0|0|00
DBG|0|0|62|c|01|02|c0|03|xx|xx|1|0|0|0|00
DBG|1|0|39|c|1c|02|0e|03|xx|xx|0|0|0|0|00
DBG|0|0|64|b|01|01|c0|03|xx|xx|1|0|0|0|00
DBG|0|0|66|1|06|01|c0|03|xx|xx|1|0|0|0|00
DBG|1|0|3b|a|1c|02|1c|03|xx|xx|0|0|0|0|00
DBG|1|0|3d|c|01|02|1c|03|xx|xx|0|0|0|0|00
DBG|0|0|67|c|05|01|c0|03|xx|xx|0|0|0|0|00
DBG|1|0|3f|b|01|01|1c|03|xx|xx|0|0|0|0|00
DBG|0|0|69|e|05|01|c0|03|xx|xx|0|0|0|0|00
DBG|1|0|41|2|03|01|1c|03|xx|xx|0|0|0|0|00
DBG|0|0|64|b|05|01|c0|03|xx|xx|0|0|0|0|00
DBG|0|0|66|1|05|01|c0|03|xx|xx|0|0|0|0|00
DBG|1|0|42|c|01|01|1c|03|xx|xx|0|0|0|0|00
DBG|1|0|44|b|01|01|1c|03|xx|xx|0|0|0|0|00
DBG|0|0|67|c|04|01|c0|03|xx|xx|0|0|0|0|00
DBG|1|0|46|0|1c|01|1c|03|xx|xx|0|0|0|0|00
DBG|0|0|69|e|04|01|c0|03|xx|xx|0|0|0|0|00
DBG|1|0|47|c|1d|01|1c|03|xx|xx|0|0|0|0|00
DBG|0|0|64|b|04|01|c0|03|xx|xx|0|0|0|0|00
DBG|1|0|49|a|1d|01|1d|03|xx|xx|0|0|0|0|00
DBG|0|0|66|1|04|01|c0|03|xx|xx|0|0|0|0|00
DBG|1|0|4b|c|01|01|1d|03|xx|xx|0|0|0|0|00
DBG|0|0|67|c|03|01|c0|03|xx|xx|0|0|0|0|00
DBG|1|0|4d|b|01|01|1d|03|xx|xx|0|0|0|0|00
DBG|1|0|4f|1|03|01|1d|03|xx|xx|0|0|0|0|00
DBG|0|0|69|e|03|01|c0|03|xx|xx|0|0|0|0|00
DBG|0|0|64|b|03|01|c0|03|xx|xx|0|0|0|0|00
DBG|1|0|50|c|02|01|1d|03|xx|xx|0|0|0|0|00
DBG|0|0|66|1|03|01|c0|03|xx|xx|0|0|0|0|00
DBG|1|0|52|e|02|01|1d|02|xx|xx|0|0|0|0|00
DBG|0|0|67|c|02|01|c0|03|xx|xx|0|0|0|0|00
DBG|1|0|1f|a|02|01|1d|02|xx|xx|0|0|0|0|00
DBG|0|0|69|e|02|01|c0|03|xx|xx|0|0|0|0|00
DBG|1|0|21|c|02|01|1d|02|xx|xx|0|0|0|0|00
DBG|0|0|64|b|02|01|c0|03|xx|xx|0|0|0|0|00
DBG|1|0|23|b|02|02|1d|02|xx|xx|0|0|0|0|00
DBG|0|0|66|1|02|01|c0|03|xx|xx|0|0|0|0|00
DBG|1|0|25|2|03|02|1d|02|xx|xx|0|0|0|0|00
DBG|0|0|67|c|01|01|c0|03|xx|xx|0|0|0|0|00
DBG|1|0|26|e|02|02|1d|02|xx|xx|0|0|0|0|00
DBG|0|0|69|e|01|01|c0|03|xx|xx|0|0|0|0|00
DBG|1|0|1f|a|02|02|1d|02|xx|xx|0|0|0|0|00
DBG|0|0|64|b|01|01|c0|03|xx|xx|0|0|0|0|00
DBG|0|0|66|1|01|01|c0|03|xx|xx|0|0|0|0|00
DBG|1|0|21|c|02|02|1d|02|xx|xx|0|0|0|0|00
DBG|1|0|23|b|02|02|1d|02|xx|xx|0|0|0|0|00
DBG|0|0|67|c|00|01|c0|03|xx|xx|0|1|0|0|00
DBG|1|0|25|2|03|02|1d|02|xx|xx|0|0|0|0|00
DBG|0|0|69|e|00|01|c0|03|xx|xx|0|1|0|0|00
DBG|0|0|6c|b|00|01|c0|03|xx|xx|0|1|0|0|00
DBG|1|0|26|e|02|02|1d|02|xx|xx|0|0|0|0|00
DBG|1|0|1f|a|02|02|1d|02|xx|xx|0|0|0|0|00
DBG|0|0|6e|c|02|01|c0|03|xx|xx|0|1|0|0|00
[410850000] SCL=0, SDA=1
DBG|0|0|70|a|02|01|c0|03|xx|xx|0|1|2|0|00
DBG|1|0|21|c|02|02|1d|02|xx|xx|0|0|0|0|00
DBG|1|0|23|b|02|02|1d|02|xx|xx|0|0|0|0|00
DBG|0|0|72|c|01|01|c0|03|xx|xx|0|1|2|0|00
DBG|0|0|74|b|01|01|c0|03|xx|xx|0|1|2|0|00
DBG|1|0|25|2|01|02|1d|02|xx|xx|0|0|0|0|00
DBG|0|0|76|1|03|01|c0|03|xx|xx|0|1|2|0|00
DBG|1|0|26|e|00|02|1d|02|xx|xx|0|1|0|0|00
DBG|0|0|77|c|02|01|c0|03|xx|xx|0|0|2|0|00
DBG|1|0|29|a|00|02|1d|02|xx|xx|0|1|0|0|00
DBG|0|0|79|e|02|01|c0|02|xx|xx|0|0|2|0|00
DBG|1|0|2b|c|02|02|1d|02|xx|xx|0|1|0|0|00
DBG|0|0|24|a|02|01|c0|02|xx|xx|0|0|2|0|00
DBG|1|0|2d|b|02|02|1d|02|xx|xx|0|1|0|0|00
DBG|0|0|26|c|0c|01|c0|02|xx|xx|0|0|2|0|00
DBG|1|0|2f|2|01|02|1d|02|xx|xx|0|1|0|0|00
DBG|0|0|28|b|0c|01|c0|02|xx|xx|0|0|2|0|00
DBG|0|0|2a|1|0c|01|c0|02|xx|xx|0|0|2|0|00
DBG|1|0|30|e|00|02|1d|02|xx|xx|0|1|0|0|00
DBG|0|0|2b|c|0b|01|c0|02|xx|xx|0|0|2|0|00
DBG|1|0|33|d|00|02|1d|02|xx|xx|0|1|0|0|00
DBG|1|0|29|a|00|02|1d|02|xx|xx|0|1|0|0|00
DBG|0|0|2d|e|0b|01|c0|02|xx|xx|0|0|2|0|00
DBG|0|0|28|b|0b|01|c0|02|xx|xx|0|0|2|0|00
DBG|1|0|2b|c|02|02|1d|02|xx|xx|0|1|0|0|00
DBG|0|0|2a|1|0b|01|c0|02|xx|xx|0|0|2|0|00
DBG|1|0|2d|b|02|02|1d|02|xx|xx|0|1|0|0|00
DBG|0|0|2b|c|0a|01|c0|02|xx|xx|0|0|2|0|00
DBG|1|0|2f|2|01|02|1d|02|xx|xx|0|1|0|0|00
DBG|0|0|2d|e|0a|01|c0|02|xx|xx|0|0|2|0|00
DBG|1|0|30|e|00|02|1d|02|xx|xx|0|1|0|0|00
DBG|0|0|28|b|0a|01|c0|02|xx|xx|0|0|2|0|00
DBG|0|0|2a|1|0a|01|c0|02|xx|xx|0|0|2|0|00
DBG|1|0|33|d|00|02|1d|02|xx|xx|0|1|0|0|00
DBG|1|0|29|a|00|02|1d|02|xx|xx|0|1|0|0|00
DBG|0|0|2b|c|09|01|c0|02|xx|xx|0|0|2|0|00
DBG|1|0|2b|c|02|02|1d|02|xx|xx|0|1|0|0|00
DBG|0|0|2d|e|09|01|c0|02|xx|xx|0|0|2|0|00
DBG|1|0|2d|b|02|02|1d|02|xx|xx|0|1|0|0|00
DBG|0|0|28|b|09|01|c0|02|xx|xx|0|0|2|0|00
DBG|0|0|2a|1|09|01|c0|02|xx|xx|0|0|2|0|00
DBG|1|0|2f|2|01|02|1d|02|xx|xx|0|1|0|0|00
DBG|0|0|2b|c|08|01|c0|02|xx|xx|0|0|2|0|00
DBG|1|0|30|e|00|02|1d|02|xx|xx|0|1|0|0|00
DBG|0|0|2d|e|08|01|c0|02|xx|xx|0|0|2|0|00
DBG|1|0|33|d|00|02|1d|02|xx|xx|0|1|0|0|00
DBG|0|0|28|b|08|01|c0|02|xx|xx|0|0|2|0|00
DBG|1|0|29|a|00|02|1d|02|xx|xx|0|1|0|0|00
DBG|0|0|2a|1|08|01|c0|02|xx|xx|0|0|2|0|00
DBG|1|0|2b|c|02|02|1d|02|xx|xx|0|1|0|0|00
DBG|0|0|2b|c|07|01|c0|02|xx|xx|0|0|2|0|00
DBG|1|0|2d|b|02|02|1d|02|xx|xx|0|1|0|0|00
DBG|0|0|2d|e|07|01|c0|02|xx|xx|0|0|2|0|00
DBG|1|0|2f|2|01|02|1d|02|xx|xx|0|1|0|0|00
DBG|0|0|28|b|07|01|c0|02|xx|xx|0|0|2|0|00
DBG|0|0|2a|1|07|01|c0|02|xx|xx|0|0|2|0|00
DBG|1|0|30|e|00|02|1d|02|xx|xx|0|1|0|0|00
DBG|0|0|2b|c|06|01|c0|02|xx|xx|0|0|2|0|00
DBG|1|0|33|d|00|02|1d|02|xx|xx|0|1|0|0|00
DBG|1|0|29|a|00|02|1d|02|xx|xx|0|1|0|0|00
DBG|0|0|2d|e|06|01|c0|02|xx|xx|0|0|2|0|00
DBG|0|0|28|b|06|01|c0|02|xx|xx|0|0|2|0|00
DBG|1|0|2b|c|02|02|1d|02|xx|xx|0|1|0|0|00
DBG|0|0|2a|1|06|01|c0|02|xx|xx|0|0|2|0|00
DBG|1|0|2d|b|02|02|1d|02|xx|xx|0|1|0|0|00
DBG|0|0|2b|c|05|01|c0|02|xx|xx|0|0|2|0|00
DBG|1|0|2f|2|01|02|1d|02|xx|xx|0|1|0|0|00
DBG|0|0|2d|e|05|01|c0|02|xx|xx|0|0|2|0|00
DBG|1|0|30|e|00|02|1d|02|xx|xx|0|1|0|0|00
DBG|0|0|28|b|05|01|c0|02|xx|xx|0|0|2|0|00
DBG|0|0|2a|1|05|01|c0|02|xx|xx|0|0|2|0|00
DBG|1|0|33|d|00|02|1d|02|xx|xx|0|1|0|0|00
DBG|1|0|29|a|00|02|1d|02|xx|xx|0|1|0|0|00
DBG|0|0|2b|c|04|01|c0|02|xx|xx|0|0|2|0|00
DBG|1|0|2b|c|02|02|1d|02|xx|xx|0|1|0|0|00
DBG|0|0|2d|e|04|01|c0|02|xx|xx|0|0|2|0|00
DBG|1|0|2d|b|02|02|1d|02|xx|xx|0|1|0|0|00
DBG|0|0|28|b|04|01|c0|02|xx|xx|0|0|2|0|00
DBG|0|0|2a|1|04|01|c0|02|xx|xx|0|0|2|0|00
DBG|1|0|2f|2|01|02|1d|02|xx|xx|0|1|0|0|00
DBG|0|0|2b|c|03|01|c0|02|xx|xx|0|0|2|0|00
DBG|1|0|30|e|00|02|1d|02|xx|xx|0|1|0|0|00
DBG|0|0|2d|e|03|01|c0|02|xx|xx|0|0|2|0|00
DBG|1|0|33|d|00|02|1d|02|xx|xx|0|1|0|0|00
DBG|0|0|28|b|03|01|c0|02|xx|xx|0|0|2|0|00
DBG|1|0|29|a|00|02|1d|02|xx|xx|0|1|0|0|00
DBG|0|0|2a|1|03|01|c0|02|xx|xx|0|0|2|0|00
DBG|1|0|2b|c|02|02|1d|02|xx|xx|0|1|0|0|00
DBG|0|0|2b|c|02|01|c0|02|xx|xx|0|0|2|0|00
DBG|1|0|2d|b|02|02|1d|02|xx|xx|0|1|0|0|00
DBG|0|0|2d|e|02|01|c0|02|xx|xx|0|0|2|0|00
DBG|1|0|2f|2|01|02|1d|02|xx|xx|0|1|0|0|00
DBG|0|0|28|b|02|01|c0|02|xx|xx|0|0|2|0|00
DBG|0|0|2a|1|02|01|c0|02|xx|xx|0|0|2|0|00
DBG|1|0|30|e|00|02|1d|02|xx|xx|0|1|0|0|00
DBG|0|0|2b|c|01|01|c0|02|xx|xx|0|0|2|0|00
DBG|1|0|33|d|00|02|1d|02|xx|xx|0|1|0|0|00
DBG|1|0|29|a|00|02|1d|02|xx|xx|0|1|0|0|00
DBG|0|0|2d|e|01|01|c0|02|xx|xx|0|0|2|0|00
DBG|0|0|28|b|01|01|c0|02|xx|xx|0|0|2|0|00
DBG|1|0|2b|c|02|02|1d|02|xx|xx|0|1|0|0|00
DBG|0|0|2a|1|01|01|c0|02|xx|xx|0|0|2|0|00
DBG|1|0|2d|b|02|02|1d|02|xx|xx|0|1|0|0|00
DBG|0|0|2b|c|00|01|c0|02|xx|xx|0|1|2|0|00
DBG|1|0|2f|2|01|02|1d|02|xx|xx|0|1|0|0|00
DBG|0|0|2d|e|00|01|c0|02|xx|xx|0|1|2|0|00
DBG|1|0|30|e|00|02|1d|02|xx|xx|0|1|0|0|00
DBG|0|0|30|b|00|01|c0|02|xx|xx|0|1|2|0|00
DBG|0|0|32|5|c0|01|c0|02|xx|xx|0|1|2|0|00
DBG|1|0|33|d|00|02|1d|02|xx|xx|0|1|0|0|00
DBG|1|0|29|a|00|02|1d|02|xx|xx|0|1|0|0|00
DBG|0|0|33|c|80|01|c0|02|xx|xx|1|0|2|0|00
DBG|1|0|2b|c|02|02|1d|02|xx|xx|0|1|0|0|00
DBG|0|0|35|f|80|01|80|02|xx|xx|1|0|2|0|00
DBG|1|0|2d|b|02|02|1d|02|xx|xx|0|1|0|0|00
DBG|0|0|45|a|80|01|80|02|xx|xx|1|0|2|0|00
DBG|1|0|2f|2|01|02|1d|02|xx|xx|0|1|0|0|00
DBG|0|0|47|c|02|01|80|02|xx|xx|1|0|2|0|00
DBG|0|0|49|c|02|01|80|02|xx|xx|1|0|2|0|00
DBG|1|0|30|e|00|02|1d|02|xx|xx|0|1|0|0|00
DBG|0|0|4b|a|02|01|80|02|xx|xx|1|0|2|0|00
DBG|1|0|33|d|00|02|1d|02|xx|xx|0|1|0|0|00
DBG|0|0|4d|c|00|01|80|02|xx|xx|1|0|2|0|00
[414750000] SCL=1, SDA=1
DBG|1|0|29|a|00|02|1d|02|xx|xx|0|1|0|0|00
DBG|0|0|4f|a|00|01|80|02|xx|xx|1|0|0|0|00
DBG|1|0|2b|c|02|02|1d|02|xx|xx|0|1|0|0|00
DBG|0|0|51|c|02|01|80|02|xx|xx|1|0|0|0|00
DBG|1|0|2d|b|02|02|1d|02|xx|xx|0|1|0|0|00
DBG|0|0|53|b|02|02|80|02|xx|xx|1|0|0|0|00
DBG|1|0|2f|2|03|02|1d|02|xx|xx|0|1|0|0|00
DBG|0|0|55|2|03|02|80|02|xx|xx|1|0|0|0|00
DBG|1|0|30|e|02|02|1d|02|xx|xx|0|0|0|0|00
DBG|0|0|56|e|02|02|80|02|xx|xx|1|0|0|0|00
DBG|1|0|36|b|02|02|1d|02|xx|xx|0|0|0|0|00
DBG|1|0|38|5|1d|02|1d|02|xx|xx|0|0|0|0|00
DBG|0|0|5c|a|02|02|80|02|xx|xx|1|0|0|0|00
DBG|0|0|5e|c|06|02|80|02|xx|xx|1|0|0|0|00
DBG|1|0|39|c|3a|02|1d|02|xx|xx|0|0|0|0|00
DBG|1|0|3b|a|3a|02|3a|02|xx|xx|0|0|0|0|00
DBG|0|0|60|a|06|02|80|02|xx|xx|1|0|0|0|00
DBG|0|0|62|c|01|02|80|02|xx|xx|1|0|0|0|00
DBG|1|0|3d|c|01|02|3a|02|xx|xx|0|0|0|0|00
DBG|1|0|3f|b|01|01|3a|02|xx|xx|0|0|0|0|00
DBG|0|0|64|b|01|01|80|02|xx|xx|1|0|0|0|00
DBG|0|0|66|1|06|01|80|02|xx|xx|1|0|0|0|00
DBG|1|0|41|2|03|01|3a|02|xx|xx|0|0|0|0|00
DBG|0|0|67|c|05|01|80|02|xx|xx|0|0|0|0|00
DBG|1|0|42|c|01|01|3a|02|xx|xx|0|0|0|0|00
DBG|0|0|69|e|05|01|80|02|xx|xx|0|0|0|0|00
DBG|1|0|44|b|01|01|3a|02|xx|xx|0|0|0|0|00
DBG|1|0|46|0|3a|01|3a|02|xx|xx|0|0|0|0|00
DBG|0|0|64|b|05|01|80|02|xx|xx|0|0|0|0|00
DBG|1|0|47|c|3b|01|3a|02|xx|xx|0|0|0|0|00
DBG|0|0|66|1|05|01|80|02|xx|xx|0|0|0|0|00
DBG|0|0|67|c|04|01|80|02|xx|xx|0|0|0|0|00
DBG|1|0|49|a|3b|01|3b|02|xx|xx|0|0|0|0|00
DBG|1|0|4b|c|01|01|3b|02|xx|xx|0|0|0|0|00
DBG|0|0|69|e|04|01|80|02|xx|xx|0|0|0|0|00
DBG|1|0|4d|b|01|01|3b|02|xx|xx|0|0|0|0|00
DBG|0|0|64|b|04|01|80|02|xx|xx|0|0|0|0|00
DBG|1|0|4f|1|02|01|3b|02|xx|xx|0|0|0|0|00
DBG|0|0|66|1|04|01|80|02|xx|xx|0|0|0|0|00
DBG|1|0|50|c|01|01|3b|02|xx|xx|0|0|0|0|00
DBG|0|0|67|c|03|01|80|02|xx|xx|0|0|0|0|00
DBG|1|0|52|e|01|01|3b|01|xx|xx|0|0|0|0|00
DBG|0|0|69|e|03|01|80|02|xx|xx|0|0|0|0|00
DBG|1|0|1f|a|01|01|3b|01|xx|xx|0|0|0|0|00
DBG|0|0|64|b|03|01|80|02|xx|xx|0|0|0|0|00
DBG|1|0|21|c|02|01|3b|01|xx|xx|0|0|0|0|00
DBG|0|0|66|1|03|01|80|02|xx|xx|0|0|0|0|00
DBG|0|0|67|c|02|01|80|02|xx|xx|0|0|0|0|00
DBG|1|0|23|b|02|02|3b|01|xx|xx|0|0|0|0|00
DBG|1|0|25|2|03|02|3b|01|xx|xx|0|0|0|0|00
DBG|0|0|69|e|02|01|80|02|xx|xx|0|0|0|0|00
DBG|1|0|26|e|02|02|3b|01|xx|xx|0|0|0|0|00
DBG|0|0|64|b|02|01|80|02|xx|xx|0|0|0|0|00
DBG|0|0|66|1|02|01|80|02|xx|xx|0|0|0|0|00
DBG|1|0|1f|a|02|02|3b|01|xx|xx|0|0|0|0|00
DBG|0|0|67|c|01|01|80|02|xx|xx|0|0|0|0|00
DBG|1|0|21|c|02|02|3b|01|xx|xx|0|0|0|0|00
DBG|0|0|69|e|01|01|80|02|xx|xx|0|0|0|0|00
DBG|1|0|23|b|02|02|3b|01|xx|xx|0|0|0|0|00
DBG|1|0|25|2|03|02|3b|01|xx|xx|0|0|0|0|00
DBG|0|0|64|b|01|01|80|02|xx|xx|0|0|0|0|00
DBG|0|0|66|1|01|01|80|02|xx|xx|0|0|0|0|00
DBG|1|0|26|e|02|02|3b|01|xx|xx|0|0|0|0|00
DBG|0|0|67|c|00|01|80|02|xx|xx|0|1|0|0|00
DBG|1|0|1f|a|02|02|3b|01|xx|xx|0|0|0|0|00
DBG|0|0|69|e|00|01|80|02|xx|xx|0|1|0|0|00
DBG|1|0|21|c|02|02|3b|01|xx|xx|0|0|0|0|00
DBG|0|0|6c|b|00|01|80|02|xx|xx|0|1|0|0|00
DBG|1|0|23|b|02|02|3b|01|xx|xx|0|0|0|0|00
DBG|0|0|6e|c|02|01|80|02|xx|xx|0|1|0|0|00
[416870000] SCL=0, SDA=1
DBG|1|0|25|2|03|02|3b|01|xx|xx|0|0|0|0|00
DBG|0|0|70|a|02|01|80|02|xx|xx|0|1|2|0|00
DBG|1|0|26|e|02|02|3b|01|xx|xx|0|0|0|0|00
DBG|0|0|72|c|01|01|80|02|xx|xx|0|1|2|0|00
DBG|1|0|1f|a|02|02|3b|01|xx|xx|0|0|0|0|00
DBG|0|0|74|b|01|01|80|02|xx|xx|0|1|2|0|00
DBG|1|0|21|c|02|02|3b|01|xx|xx|0|0|0|0|00
DBG|0|0|76|1|02|01|80|02|xx|xx|0|1|2|0|00
DBG|0|0|77|c|01|01|80|02|xx|xx|0|0|2|0|00
DBG|1|0|23|b|02|02|3b|01|xx|xx|0|0|0|0|00
DBG|1|0|25|2|01|02|3b|01|xx|xx|0|0|0|0|00
DBG|0|0|79|e|01|01|80|01|xx|xx|0|0|2|0|00
DBG|1|0|26|e|00|02|3b|01|xx|xx|0|1|0|0|00
DBG|0|0|24|a|01|01|80|01|xx|xx|0|0|2|0|00
DBG|0|0|26|c|0c|01|80|01|xx|xx|0|0|2|0|00
DBG|1|0|29|a|00|02|3b|01|xx|xx|0|1|0|0|00
DBG|1|0|2b|c|02|02|3b|01|xx|xx|0|1|0|0|00
DBG|0|0|28|b|0c|01|80|01|xx|xx|0|0|2|0|00
DBG|0|0|2a|1|0c|01|80|01|xx|xx|0|0|2|0|00
DBG|1|0|2d|b|02|02|3b|01|xx|xx|0|1|0|0|00
DBG|0|0|2b|c|0b|01|80|01|xx|xx|0|0|2|0|00
DBG|1|0|2f|2|01|02|3b|01|xx|xx|0|1|0|0|00
DBG|0|0|2d|e|0b|01|80|01|xx|xx|0|0|2|0|00
DBG|1|0|30|e|00|02|3b|01|xx|xx|0|1|0|0|00
DBG|0|0|28|b|0b|01|80|01|xx|xx|0|0|2|0|00
DBG|1|0|33|d|00|02|3b|01|xx|xx|0|1|0|0|00
DBG|0|0|2a|1|0b|01|80|01|xx|xx|0|0|2|0|00
DBG|0|0|2b|c|0a|01|80|01|xx|xx|0|0|2|0|00
DBG|1|0|29|a|00|02|3b|01|xx|xx|0|1|0|0|00
DBG|1|0|2b|c|02|02|3b|01|xx|xx|0|1|0|0|00
DBG|0|0|2d|e|0a|01|80|01|xx|xx|0|0|2|0|00
DBG|1|0|2d|b|02|02|3b|01|xx|xx|0|1|0|0|00
DBG|0|0|28|b|0a|01|80|01|xx|xx|0|0|2|0|00
DBG|1|0|2f|2|01|02|3b|01|xx|xx|0|1|0|0|00
DBG|0|0|2a|1|0a|01|80|01|xx|xx|0|0|2|0|00
DBG|0|0|2b|c|09|01|80|01|xx|xx|0|0|2|0|00
DBG|1|0|30|e|00|02|3b|01|xx|xx|0|1|0|0|00
DBG|0|0|2d|e|09|01|80|01|xx|xx|0|0|2|0|00
DBG|1|0|33|d|00|02|3b|01|xx|xx|0|1|0|0|00
DBG|0|0|28|b|09|01|80|01|xx|xx|0|0|2|0|00
DBG|1|0|29|a|00|02|3b|01|xx|xx|0|1|0|0|00
DBG|0|0|2a|1|09|01|80|01|xx|xx|0|0|2|0|00
DBG|1|0|2b|c|02|02|3b|01|xx|xx|0|1|0|0|00
DBG|0|0|2b|c|08|01|80|01|xx|xx|0|0|2|0|00
DBG|1|0|2d|b|02|02|3b|01|xx|xx|0|1|0|0|00
DBG|0|0|2d|e|08|01|80|01|xx|xx|0|0|2|0|00
DBG|1|0|2f|2|01|02|3b|01|xx|xx|0|1|0|0|00
DBG|0|0|28|b|08|01|80|01|xx|xx|0|0|2|0|00
DBG|1|0|30|e|00|02|3b|01|xx|xx|0|1|0|0|00
DBG|0|0|2a|1|08|01|80|01|xx|xx|0|0|2|0|00
DBG|0|0|2b|c|07|01|80|01|xx|xx|0|0|2|0|00
DBG|1|0|33|d|00|02|3b|01|xx|xx|0|1|0|0|00
DBG|0|0|2d|e|07|01|80|01|xx|xx|0|0|2|0|00
DBG|1|0|29|a|00|02|3b|01|xx|xx|0|1|0|0|00
DBG|1|0|2b|c|02|02|3b|01|xx|xx|0|1|0|0|00
DBG|0|0|28|b|07|01|80|01|xx|xx|0|0|2|0|00
DBG|0|0|2a|1|07|01|80|01|xx|xx|0|0|2|0|00
DBG|1|0|2d|b|02|02|3b|01|xx|xx|0|1|0|0|00
DBG|0|0|2b|c|06|01|80|01|xx|xx|0|0|2|0|00
DBG|1|0|2f|2|01|02|3b|01|xx|xx|0|1|0|0|00
DBG|0|0|2d|e|06|01|80|01|xx|xx|0|0|2|0|00
DBG|1|0|30|e|00|02|3b|01|xx|xx|0|1|0|0|00
DBG|0|0|28|b|06|01|80|01|xx|xx|0|0|2|0|00
DBG|1|0|33|d|00|02|3b|01|xx|xx|0|1|0|0|00
DBG|0|0|2a|1|06|01|80|01|xx|xx|0|0|2|0|00
DBG|0|0|2b|c|05|01|80|01|xx|xx|0|0|2|0|00
DBG|1|0|29|a|00|02|3b|01|xx|xx|0|1|0|0|00
DBG|1|0|2b|c|02|02|3b|01|xx|xx|0|1|0|0|00
DBG|0|0|2d|e|05|01|80|01|xx|xx|0|0|2|0|00
DBG|1|0|2d|b|02|02|3b|01|xx|xx|0|1|0|0|00
DBG|0|0|28|b|05|01|80|01|xx|xx|0|0|2|0|00
DBG|1|0|2f|2|01|02|3b|01|xx|xx|0|1|0|0|00
DBG|0|0|2a|1|05|01|80|01|xx|xx|0|0|2|0|00
DBG|0|0|2b|c|04|01|80|01|xx|xx|0|0|2|0|00
DBG|1|0|30|e|00|02|3b|01|xx|xx|0|1|0|0|00
DBG|0|0|2d|e|04|01|80|01|xx|xx|0|0|2|0|00
DBG|1|0|33|d|00|02|3b|01|xx|xx|0|1|0|0|00
DBG|0|0|28|b|04|01|80|01|xx|xx|0|0|2|0|00
DBG|1|0|29|a|00|02|3b|01|xx|xx|0|1|0|0|00
DBG|0|0|2a|1|04|01|80|01|xx|xx|0|0|2|0|00
DBG|1|0|2b|c|02|02|3b|01|xx|xx|0|1|0|0|00
DBG|0|0|2b|c|03|01|80|01|xx|xx|0|0|2|0|00
DBG|1|0|2d|b|02|02|3b|01|xx|xx|0|1|0|0|00
DBG|0|0|2d|e|03|01|80|01|xx|xx|0|0|2|0|00
DBG|1|0|2f|2|01|02|3b|01|xx|xx|0|1|0|0|00
DBG|0|0|28|b|03|01|80|01|xx|xx|0|0|2|0|00
DBG|1|0|30|e|00|02|3b|01|xx|xx|0|1|0|0|00
DBG|0|0|2a|1|03|01|80|01|xx|xx|0|0|2|0|00
DBG|0|0|2b|c|02|01|80|01|xx|xx|0|0|2|0|00
DBG|1|0|33|d|00|02|3b|01|xx|xx|0|1|0|0|00
DBG|0|0|2d|e|02|01|80|01|xx|xx|0|0|2|0|00
DBG|1|0|29|a|00|02|3b|01|xx|xx|0|1|0|0|00
DBG|1|0|2b|c|02|02|3b|01|xx|xx|0|1|0|0|00
DBG|0|0|28|b|02|01|80|01|xx|xx|0|0|2|0|00
DBG|0|0|2a|1|02|01|80|01|xx|xx|0|0|2|0|00
DBG|1|0|2d|b|02|02|3b|01|xx|xx|0|1|0|0|00
DBG|0|0|2b|c|01|01|80|01|xx|xx|0|0|2|0|00
DBG|1|0|2f|2|01|02|3b|01|xx|xx|0|1|0|0|00
DBG|0|0|2d|e|01|01|80|01|xx|xx|0|0|2|0|00
DBG|1|0|30|e|00|02|3b|01|xx|xx|0|1|0|0|00
DBG|0|0|28|b|01|01|80|01|xx|xx|0|0|2|0|00
DBG|1|0|33|d|00|02|3b|01|xx|xx|0|1|0|0|00
DBG|0|0|2a|1|01|01|80|01|xx|xx|0|0|2|0|00
DBG|0|0|2b|c|00|01|80|01|xx|xx|0|1|2|0|00
DBG|1|0|29|a|00|02|3b|01|xx|xx|0|1|0|0|00
DBG|1|0|2b|c|02|02|3b|01|xx|xx|0|1|0|0|00
DBG|0|0|2d|e|00|01|80|01|xx|xx|0|1|2|0|00
DBG|1|0|2d|b|02|02|3b|01|xx|xx|0|1|0|0|00
DBG|0|0|30|b|00|01|80|01|xx|xx|0|1|2|0|00
DBG|1|0|2f|2|01|02|3b|01|xx|xx|0|1|0|0|00
DBG|0|0|32|5|80|01|80|01|xx|xx|0|1|2|0|00
DBG|0|0|33|c|00|01|80|01|xx|xx|1|1|2|0|00
DBG|1|0|30|e|00|02|3b|01|xx|xx|0|1|0|0|00
DBG|0|0|35|f|00|01|00|01|xx|xx|1|1|2|0|00
DBG|1|0|33|d|00|02|3b|01|xx|xx|0|1|0|0|00
DBG|0|0|45|a|00|01|00|01|xx|xx|1|1|2|0|00
DBG|1|0|29|a|00|02|3b|01|xx|xx|0|1|0|0|00
DBG|0|0|47|c|02|01|00|01|xx|xx|1|1|2|0|00
DBG|1|0|2b|c|02|02|3b|01|xx|xx|0|1|0|0|00
DBG|0|0|49|c|02|01|00|01|xx|xx|1|1|2|0|00
DBG|1|0|2d|b|02|02|3b|01|xx|xx|0|1|0|0|00
DBG|0|0|4b|a|02|01|00|01|xx|xx|1|1|2|0|00
DBG|1|0|2f|2|01|02|3b|01|xx|xx|0|1|0|0|00
DBG|0|0|4d|c|00|01|00|01|xx|xx|1|1|2|0|00
[420770000] SCL=1, SDA=1
DBG|1|0|30|e|00|02|3b|01|xx|xx|0|1|0|0|00
DBG|0|0|4f|a|00|01|00|01|xx|xx|1|1|0|0|00
DBG|1|0|33|d|00|02|3b|01|xx|xx|0|1|0|0|00
DBG|0|0|51|c|02|01|00|01|xx|xx|1|1|0|0|00
DBG|0|0|53|b|02|02|00|01|xx|xx|1|1|0|0|00
DBG|1|0|29|a|00|02|3b|01|xx|xx|0|1|0|0|00
DBG|1|0|2b|c|02|02|3b|01|xx|xx|0|1|0|0|00
DBG|0|0|55|2|03|02|00|01|xx|xx|1|1|0|0|00
DBG|1|0|2d|b|02|02|3b|01|xx|xx|0|1|0|0|00
DBG|0|0|56|e|02|02|00|01|xx|xx|1|0|0|0|00
DBG|1|0|2f|2|03|02|3b|01|xx|xx|0|1|0|0|00
DBG|0|0|5c|a|02|02|00|01|xx|xx|1|0|0|0|00
DBG|1|0|30|e|02|02|3b|01|xx|xx|0|0|0|0|00
DBG|0|0|5e|c|06|02|00|01|xx|xx|1|0|0|0|00
DBG|0|0|60|a|06|02|00|01|xx|xx|1|0|0|0|00
DBG|1|0|36|b|02|02|3b|01|xx|xx|0|0|0|0|00
DBG|1|0|38|5|3b|02|3b|01|xx|xx|0|0|0|0|00
DBG|0|0|62|c|01|02|00|01|xx|xx|1|0|0|0|00
DBG|1|0|39|c|76|02|3b|01|xx|xx|0|0|0|0|00
DBG|0|0|64|b|01|01|00|01|xx|xx|1|0|0|0|00
DBG|0|0|66|1|06|01|00|01|xx|xx|1|0|0|0|00
DBG|1|0|3b|a|76|02|76|01|xx|xx|0|0|0|0|00
DBG|1|0|3d|c|01|02|76|01|xx|xx|0|0|0|0|00
DBG|0|0|67|c|05|01|00|01|xx|xx|0|0|0|0|00
DBG|1|0|3f|b|01|01|76|01|xx|xx|0|0|0|0|00
DBG|0|0|69|e|05|01|00|01|xx|xx|0|0|0|0|00
DBG|1|0|41|2|03|01|76|01|xx|xx|0|0|0|0|00
DBG|0|0|64|b|05|01|00|01|xx|xx|0|0|0|0|00
DBG|0|0|66|1|05|01|00|01|xx|xx|0|0|0|0|00
DBG|1|0|42|c|01|01|76|01|xx|xx|0|0|0|0|00
DBG|1|0|44|b|01|01|76|01|xx|xx|0|0|0|0|00
DBG|0|0|67|c|04|01|00|01|xx|xx|0|0|0|0|00
DBG|1|0|46|0|76|01|76|01|xx|xx|0|0|0|0|00
DBG|0|0|69|e|04|01|00|01|xx|xx|0|0|0|0|00
DBG|1|0|47|c|77|01|76|01|xx|xx|0|0|0|0|00
DBG|0|0|64|b|04|01|00|01|xx|xx|0|0|0|0|00
DBG|1|0|49|a|77|01|77|01|xx|xx|0|0|0|0|00
DBG|0|0|66|1|04|01|00|01|xx|xx|0|0|0|0|00
DBG|1|0|4b|c|01|01|77|01|xx|xx|0|0|0|0|00
DBG|0|0|67|c|03|01|00|01|xx|xx|0|0|0|0|00
DBG|1|0|4d|b|01|01|77|01|xx|xx|0|0|0|0|00
DBG|1|0|4f|1|01|01|77|01|xx|xx|0|0|0|0|00
DBG|0|0|69|e|03|01|00|01|xx|xx|0|0|0|0|00
DBG|0|0|64|b|03|01|00|01|xx|xx|0|0|0|0|00
DBG|1|0|50|c|00|01|77|01|xx|xx|0|1|0|0|00
DBG|0|0|66|1|03|01|00|01|xx|xx|0|0|0|0|00
DBG|1|0|52|e|00|01|77|00|xx|xx|0|1|0|0|00
DBG|0|0|67|c|02|01|00|01|xx|xx|0|0|0|0|00
DBG|1|0|55|b|00|01|77|00|xx|xx|0|1|0|0|00
DBG|0|0|69|e|02|01|00|01|xx|xx|0|0|0|0|00
DBG|1|0|57|c|77|01|77|00|xx|xx|0|1|0|0|00
[0] CPU 1 WROTE TO TX FIFO: 0x77
DBG|0|0|64|b|02|01|00|01|xx|xx|0|0|0|0|00
DBG|0|0|66|1|02|01|00|01|xx|xx|0|0|0|0|00
DBG|1|0|59|d|77|01|77|00|xx|xx|0|1|0|0|00
DBG|0|0|67|c|01|01|00|01|xx|xx|0|0|0|0|00
DBG|1|0|00|a|77|01|77|00|xx|xx|0|1|0|0|00
DBG|1|0|02|c|00|01|77|00|xx|xx|0|1|0|0|00
DBG|0|0|69|e|01|01|00|01|xx|xx|0|0|0|0|00
DBG|0|0|64|b|01|01|00|01|xx|xx|0|0|0|0|00
DBG|1|0|04|a|00|01|77|00|xx|xx|0|1|0|0|00
DBG|0|0|66|1|01|01|00|01|xx|xx|0|0|0|0|00
DBG|1|0|06|c|03|01|77|00|xx|xx|0|1|0|0|00
DBG|0|0|67|c|00|01|00|01|xx|xx|0|1|0|0|00
DBG|1|0|08|b|03|03|77|00|xx|xx|0|1|0|0|00
DBG|1|0|0a|2|03|03|77|00|xx|xx|0|1|0|0|00
DBG|0|0|69|e|00|01|00|01|xx|xx|0|1|0|0|00
DBG|0|0|6c|b|00|01|00|01|xx|xx|0|1|0|0|00
DBG|1|0|0b|c|03|03|77|00|xx|xx|0|0|0|0|00
DBG|1|0|0d|a|03|03|03|00|xx|xx|0|0|0|0|00
DBG|0|0|6e|c|02|01|00|01|xx|xx|0|1|0|0|00
[422890000] SCL=0, SDA=1
DBG|0|0|70|a|02|01|00|01|xx|xx|0|1|2|0|00
DBG|1|0|0f|c|02|03|03|00|xx|xx|0|0|0|0|00
DBG|1|0|11|b|02|02|03|00|xx|xx|0|0|0|0|00
DBG|0|0|72|c|01|01|00|01|xx|xx|0|1|2|0|00
DBG|1|0|13|1|03|02|03|00|xx|xx|0|0|0|0|00
DBG|0|0|74|b|01|01|00|01|xx|xx|0|1|2|0|00
DBG|0|0|76|1|01|01|00|01|xx|xx|0|1|2|0|00
DBG|1|0|14|e|01|02|03|00|xx|xx|0|0|0|0|00
DBG|0|0|77|c|00|01|00|01|xx|xx|0|1|2|0|00
DBG|1|0|04|a|01|02|03|00|xx|xx|0|0|0|0|00
DBG|1|0|06|c|03|02|03|00|xx|xx|0|0|0|0|00
DBG|0|0|79|e|00|01|00|00|xx|xx|0|1|2|0|00
DBG|1|0|08|b|03|03|03|00|xx|xx|0|0|0|0|00
DBG|0|0|7c|d|00|01|00|00|xx|xx|0|1|2|0|00
DBG|1|0|0a|2|01|03|03|00|xx|xx|0|0|0|0|00
DBG|0|0|1c|b|00|01|00|00|xx|xx|0|1|2|0|00
DBG|1|0|0b|c|01|03|03|00|xx|xx|0|0|0|0|00
DBG|1|0|0d|a|01|03|01|00|xx|xx|0|0|0|0|00
DBG|1|0|0f|c|02|03|01|00|xx|xx|0|0|0|0|00
DBG|1|0|11|b|02|02|01|00|xx|xx|0|0|0|0|00
DBG|1|0|13|1|01|02|01|00|xx|xx|0|0|0|0|00
DBG|1|0|14|e|ff|02|01|00|xx|xx|1|0|0|0|00
DBG|1|0|04|a|ff|02|01|00|xx|xx|1|0|0|0|00
DBG|1|0|06|c|03|02|01|00|xx|xx|1|0|0|0|00
DBG|1|0|08|b|03|03|01|00|xx|xx|1|0|0|0|00
DBG|1|0|0a|2|01|03|01|00|xx|xx|1|0|0|0|00
DBG|1|0|0b|c|01|03|01|00|xx|xx|1|0|0|0|00
DBG|1|0|0d|a|01|03|01|00|xx|xx|1|0|0|0|00
DBG|1|0|0f|c|02|03|01|00|xx|xx|1|0|0|0|00
DBG|1|0|11|b|02|02|01|00|xx|xx|1|0|0|0|00
DBG|1|0|13|1|01|02|01|00|xx|xx|1|0|0|0|00
DBG|1|0|14|e|ff|02|01|00|xx|xx|1|0|0|0|00
DBG|1|0|04|a|ff|02|01|00|xx|xx|1|0|0|0|00
DBG|1|0|06|c|03|02|01|00|xx|xx|1|0|0|0|00
DBG|1|0|08|b|03|03|01|00|xx|xx|1|0|0|0|00
DBG|1|0|0a|2|01|03|01|00|xx|xx|1|0|0|0|00
DBG|1|0|0b|c|01|03|01|00|xx|xx|1|0|0|0|00
DBG|1|0|0d|a|01|03|01|00|xx|xx|1|0|0|0|00
DBG|1|0|0f|c|02|03|01|00|xx|xx|1|0|0|0|00
DBG|1|0|11|b|02|02|01|00|xx|xx|1|0|0|0|00
DBG|1|0|13|1|01|02|01|00|xx|xx|1|0|0|0|00
DBG|1|0|14|e|ff|02|01|00|xx|xx|1|0|0|0|00
DBG|1|0|04|a|ff|02|01|00|xx|xx|1|0|0|0|00
DBG|1|0|06|c|03|02|01|00|xx|xx|1|0|0|0|00
DBG|1|0|08|b|03|03|01|00|xx|xx|1|0|0|0|00
DBG|1|0|0a|2|01|03|01|00|xx|xx|1|0|0|0|00
DBG|1|0|0b|c|01|03|01|00|xx|xx|1|0|0|0|00
DBG|1|0|0d|a|01|03|01|00|xx|xx|1|0|0|0|00
DBG|1|0|0f|c|02|03|01|00|xx|xx|1|0|0|0|00
DBG|1|0|11|b|02|02|01|00|xx|xx|1|0|0|0|00
DBG|1|0|13|1|01|02|01|00|xx|xx|1|0|0|0|00
DBG|1|0|14|e|ff|02|01|00|xx|xx|1|0|0|0|00
DBG|1|0|04|a|ff|02|01|00|xx|xx|1|0|0|0|00
DBG|1|0|06|c|03|02|01|00|xx|xx|1|0|0|0|00
DBG|1|0|08|b|03|03|01|00|xx|xx|1|0|0|0|00
DBG|1|0|0a|2|01|03|01|00|xx|xx|1|0|0|0|00
DBG|1|0|0b|c|01|03|01|00|xx|xx|1|0|0|0|00
DBG|1|0|0d|a|01|03|01|00|xx|xx|1|0|0|0|00
DBG|1|0|0f|c|02|03|01|00|xx|xx|1|0|0|0|00
DBG|1|0|11|b|02|02|01|00|xx|xx|1|0|0|0|00
DBG|1|0|13|1|01|02|01|00|xx|xx|1|0|0|0|00
DBG|1|0|14|e|ff|02|01|00|xx|xx|1|0|0|0|00
DBG|1|0|04|a|ff|02|01|00|xx|xx|1|0|0|0|00
DBG|1|0|06|c|03|02|01|00|xx|xx|1|0|0|0|00
DBG|1|0|08|b|03|03|01|00|xx|xx|1|0|0|0|00
DBG|1|0|0a|2|01|03|01|00|xx|xx|1|0|0|0|00
DBG|1|0|0b|c|01|03|01|00|xx|xx|1|0|0|0|00
DBG|1|0|0d|a|01|03|01|00|xx|xx|1|0|0|0|00
DBG|1|0|0f|c|02|03|01|00|xx|xx|1|0|0|0|00
DBG|1|0|11|b|02|02|01|00|xx|xx|1|0|0|0|00
DBG|1|0|13|1|01|02|01|00|xx|xx|1|0|0|0|00
DBG|1|0|14|e|ff|02|01|00|xx|xx|1|0|0|0|00
DBG|1|0|04|a|ff|02|01|00|xx|xx|1|0|0|0|00
DBG|1|0|06|c|03|02|01|00|xx|xx|1|0|0|0|00
DBG|1|0|08|b|03|03|01|00|xx|xx|1|0|0|0|00
DBG|1|0|0a|2|01|03|01|00|xx|xx|1|0|0|0|00
DBG|1|0|0b|c|01|03|01|00|xx|xx|1|0|0|0|00
DBG|1|0|0d|a|01|03|01|00|xx|xx|1|0|0|0|00
DBG|1|0|0f|c|02|03|01|00|xx|xx|1|0|0|0|00
DBG|1|0|11|b|02|02|01|00|xx|xx|1|0|0|0|00
DBG|1|0|13|1|01|02|01|00|xx|xx|1|0|0|0|00
DBG|1|0|14|e|ff|02|01|00|xx|xx|1|0|0|0|00
DBG|1|0|04|a|ff|02|01|00|xx|xx|1|0|0|0|00
DBG|1|0|06|c|03|02|01|00|xx|xx|1|0|0|0|00
DBG|1|0|08|b|03|03|01|00|xx|xx|1|0|0|0|00
DBG|1|0|0a|2|01|03|01|00|xx|xx|1|0|0|0|00
DBG|1|0|0b|c|01|03|01|00|xx|xx|1|0|0|0|00
DBG|1|0|0d|a|01|03|01|00|xx|xx|1|0|0|0|00
DBG|1|0|0f|c|02|03|01|00|xx|xx|1|0|0|0|00
DBG|1|0|11|b|02|02|01|00|xx|xx|1|0|0|0|00
DBG|1|0|13|1|01|02|01|00|xx|xx|1|0|0|0|00
DBG|1|0|14|e|ff|02|01|00|xx|xx|1|0|0|0|00
DBG|1|0|04|a|ff|02|01|00|xx|xx|1|0|0|0|00
DBG|1|0|06|c|03|02|01|00|xx|xx|1|0|0|0|00
DBG|1|0|08|b|03|03|01|00|xx|xx|1|0|0|0|00
DBG|1|0|0a|2|01|03|01|00|xx|xx|1|0|0|0|00
DBG|1|0|0b|c|01|03|01|00|xx|xx|1|0|0|0|00
DBG|1|0|0d|a|01|03|01|00|xx|xx|1|0|0|0|00
DBG|1|0|0f|c|02|03|01|00|xx|xx|1|0|0|0|00
DBG|1|0|11|b|02|02|01|00|xx|xx|1|0|0|0|00
DBG|1|0|13|1|01|02|01|00|xx|xx|1|0|0|0|00
DBG|1|0|14|e|ff|02|01|00|xx|xx|1|0|0|0|00
DBG|1|0|04|a|ff|02|01|00|xx|xx|1|0|0|0|00
DBG|1|0|06|c|03|02|01|00|xx|xx|1|0|0|0|00
DBG|1|0|08|b|03|03|01|00|xx|xx|1|0|0|0|00
DBG|1|0|0a|2|01|03|01|00|xx|xx|1|0|0|0|00
DBG|1|0|0b|c|01|03|01|00|xx|xx|1|0|0|0|00
DBG|1|0|0d|a|01|03|01|00|xx|xx|1|0|0|0|00
DBG|1|0|0f|c|02|03|01|00|xx|xx|1|0|0|0|00
DBG|1|0|11|b|02|02|01|00|xx|xx|1|0|0|0|00
DBG|1|0|13|1|01|02|01|00|xx|xx|1|0|0|0|00
DBG|1|0|14|e|ff|02|01|00|xx|xx|1|0|0|0|00
DBG|1|0|04|a|ff|02|01|00|xx|xx|1|0|0|0|00
DBG|1|0|06|c|03|02|01|00|xx|xx|1|0|0|0|00
DBG|1|0|08|b|03|03|01|00|xx|xx|1|0|0|0|00
DBG|1|0|0a|2|01|03|01|00|xx|xx|1|0|0|0|00
DBG|1|0|0b|c|01|03|01|00|xx|xx|1|0|0|0|00
DBG|1|0|0d|a|01|03|01|00|xx|xx|1|0|0|0|00
DBG|1|0|0f|c|02|03|01|00|xx|xx|1|0|0|0|00
DBG|1|0|11|b|02|02|01|00|xx|xx|1|0|0|0|00
DBG|1|0|13|1|01|02|01|00|xx|xx|1|0|0|0|00
DBG|1|0|14|e|ff|02|01|00|xx|xx|1|0|0|0|00
DBG|1|0|04|a|ff|02|01|00|xx|xx|1|0|0|0|00
DBG|1|0|06|c|03|02|01|00|xx|xx|1|0|0|0|00
DBG|1|0|08|b|03|03|01|00|xx|xx|1|0|0|0|00
DBG|1|0|0a|2|01|03|01|00|xx|xx|1|0|0|0|00
DBG|1|0|0b|c|01|03|01|00|xx|xx|1|0|0|0|00
DBG|1|0|0d|a|01|03|01|00|xx|xx|1|0|0|0|00
DBG|1|0|0f|c|02|03|01|00|xx|xx|1|0|0|0|00
DBG|1|0|11|b|02|02|01|00|xx|xx|1|0|0|0|00
DBG|1|0|13|1|01|02|01|00|xx|xx|1|0|0|0|00
DBG|1|0|14|e|ff|02|01|00|xx|xx|1|0|0|0|00
DBG|1|0|04|a|ff|02|01|00|xx|xx|1|0|0|0|00
DBG|1|0|06|c|03|02|01|00|xx|xx|1|0|0|0|00
DBG|1|0|08|b|03|03|01|00|xx|xx|1|0|0|0|00
DBG|1|0|0a|2|01|03|01|00|xx|xx|1|0|0|0|00
DBG|1|0|0b|c|01|03|01|00|xx|xx|1|0|0|0|00
DBG|1|0|0d|a|01|03|01|00|xx|xx|1|0|0|0|00
DBG|1|0|0f|c|02|03|01|00|xx|xx|1|0|0|0|00
DBG|1|0|11|b|02|02|01|00|xx|xx|1|0|0|0|00
DBG|1|0|13|1|01|02|01|00|xx|xx|1|0|0|0|00
DBG|1|0|14|e|ff|02|01|00|xx|xx|1|0|0|0|00
DBG|1|0|04|a|ff|02|01|00|xx|xx|1|0|0|0|00
DBG|1|0|06|c|03|02|01|00|xx|xx|1|0|0|0|00
DBG|1|0|08|b|03|03|01|00|xx|xx|1|0|0|0|00
DBG|1|0|0a|2|01|03|01|00|xx|xx|1|0|0|0|00
DBG|1|0|0b|c|01|03|01|00|xx|xx|1|0|0|0|00
DBG|1|0|0d|a|01|03|01|00|xx|xx|1|0|0|0|00
DBG|1|0|0f|c|02|03|01|00|xx|xx|1|0|0|0|00
DBG|1|0|11|b|02|02|01|00|xx|xx|1|0|0|0|00
DBG|1|0|13|1|01|02|01|00|xx|xx|1|0|0|0|00
DBG|1|0|14|e|ff|02|01|00|xx|xx|1|0|0|0|00
DBG|1|0|04|a|ff|02|01|00|xx|xx|1|0|0|0|00
DBG|1|0|06|c|03|02|01|00|xx|xx|1|0|0|0|00
DBG|1|0|08|b|03|03|01|00|xx|xx|1|0|0|0|00
DBG|1|0|0a|2|01|03|01|00|xx|xx|1|0|0|0|00
DBG|1|0|0b|c|01|03|01|00|xx|xx|1|0|0|0|00
DBG|1|0|0d|a|01|03|01|00|xx|xx|1|0|0|0|00
DBG|1|0|0f|c|02|03|01|00|xx|xx|1|0|0|0|00
DBG|1|0|11|b|02|02|01|00|xx|xx|1|0|0|0|00
DBG|1|0|13|1|01|02|01|00|xx|xx|1|0|0|0|00
DBG|1|0|14|e|ff|02|01|00|xx|xx|1|0|0|0|00
DBG|1|0|04|a|ff|02|01|00|xx|xx|1|0|0|0|00
DBG|1|0|06|c|03|02|01|00|xx|xx|1|0|0|0|00
DBG|1|0|08|b|03|03|01|00|xx|xx|1|0|0|0|00
DBG|1|0|0a|2|01|03|01|00|xx|xx|1|0|0|0|00
DBG|1|0|0b|c|01|03|01|00|xx|xx|1|0|0|0|00
DBG|1|0|0d|a|01|03|01|00|xx|xx|1|0|0|0|00
DBG|1|0|0f|c|02|03|01|00|xx|xx|1|0|0|0|00
DBG|1|0|11|b|02|02|01|00|xx|xx|1|0|0|0|00
DBG|1|0|13|1|01|02|01|00|xx|xx|1|0|0|0|00
DBG|1|0|14|e|ff|02|01|00|xx|xx|1|0|0|0|00
DBG|1|0|04|a|ff|02|01|00|xx|xx|1|0|0|0|00
DBG|1|0|06|c|03|02|01|00|xx|xx|1|0|0|0|00
DBG|1|0|08|b|03|03|01|00|xx|xx|1|0|0|0|00
DBG|1|0|0a|2|01|03|01|00|xx|xx|1|0|0|0|00
DBG|1|0|0b|c|01|03|01|00|xx|xx|1|0|0|0|00
DBG|1|0|0d|a|01|03|01|00|xx|xx|1|0|0|0|00
DBG|1|0|0f|c|02|03|01|00|xx|xx|1|0|0|0|00
DBG|1|0|11|b|02|02|01|00|xx|xx|1|0|0|0|00
DBG|1|0|13|1|01|02|01|00|xx|xx|1|0|0|0|00
DBG|1|0|14|e|ff|02|01|00|xx|xx|1|0|0|0|00
DBG|1|0|04|a|ff|02|01|00|xx|xx|1|0|0|0|00
DBG|1|0|06|c|03|02|01|00|xx|xx|1|0|0|0|00
DBG|1|0|08|b|03|03|01|00|xx|xx|1|0|0|0|00
DBG|1|0|0a|2|01|03|01|00|xx|xx|1|0|0|0|00
DBG|1|0|0b|c|01|03|01|00|xx|xx|1|0|0|0|00
DBG|1|0|0d|a|01|03|01|00|xx|xx|1|0|0|0|00
DBG|1|0|0f|c|02|03|01|00|xx|xx|1|0|0|0|00
DBG|1|0|11|b|02|02|01|00|xx|xx|1|0|0|0|00
DBG|1|0|13|1|01|02|01|00|xx|xx|1|0|0|0|00
DBG|1|0|14|e|ff|02|01|00|xx|xx|1|0|0|0|00
DBG|1|0|04|a|ff|02|01|00|xx|xx|1|0|0|0|00
DBG|1|0|06|c|03|02|01|00|xx|xx|1|0|0|0|00
DBG|1|0|08|b|03|03|01|00|xx|xx|1|0|0|0|00
DBG|1|0|0a|2|01|03|01|00|xx|xx|1|0|0|0|00
DBG|1|0|0b|c|01|03|01|00|xx|xx|1|0|0|0|00
DBG|1|0|0d|a|01|03|01|00|xx|xx|1|0|0|0|00
DBG|1|0|0f|c|02|03|01|00|xx|xx|1|0|0|0|00
DBG|1|0|11|b|02|02|01|00|xx|xx|1|0|0|0|00
DBG|1|0|13|1|01|02|01|00|xx|xx|1|0|0|0|00
DBG|1|0|14|e|ff|02|01|00|xx|xx|1|0|0|0|00
DBG|1|0|04|a|ff|02|01|00|xx|xx|1|0|0|0|00
DBG|1|0|06|c|03|02|01|00|xx|xx|1|0|0|0|00
DBG|1|0|08|b|03|03|01|00|xx|xx|1|0|0|0|00
DBG|1|0|0a|2|01|03|01|00|xx|xx|1|0|0|0|00
DBG|1|0|0b|c|01|03|01|00|xx|xx|1|0|0|0|00
DBG|1|0|0d|a|01|03|01|00|xx|xx|1|0|0|0|00
DBG|1|0|0f|c|02|03|01|00|xx|xx|1|0|0|0|00
DBG|1|0|11|b|02|02|01|00|xx|xx|1|0|0|0|00
DBG|1|0|13|1|01|02|01|00|xx|xx|1|0|0|0|00
DBG|1|0|14|e|ff|02|01|00|xx|xx|1|0|0|0|00
DBG|1|0|04|a|ff|02|01|00|xx|xx|1|0|0|0|00
DBG|1|0|06|c|03|02|01|00|xx|xx|1|0|0|0|00
DBG|1|0|08|b|03|03|01|00|xx|xx|1|0|0|0|00
DBG|1|0|0a|2|01|03|01|00|xx|xx|1|0|0|0|00
DBG|1|0|0b|c|01|03|01|00|xx|xx|1|0|0|0|00
DBG|1|0|0d|a|01|03|01|00|xx|xx|1|0|0|0|00
DBG|1|0|0f|c|02|03|01|00|xx|xx|1|0|0|0|00
DBG|1|0|11|b|02|02|01|00|xx|xx|1|0|0|0|00
DBG|1|0|13|1|01|02|01|00|xx|xx|1|0|0|0|00
DBG|1|0|14|e|ff|02|01|00|xx|xx|1|0|0|0|00
DBG|1|0|04|a|ff|02|01|00|xx|xx|1|0|0|0|00
DBG|1|0|06|c|03|02|01|00|xx|xx|1|0|0|0|00
DBG|1|0|08|b|03|03|01|00|xx|xx|1|0|0|0|00
DBG|1|0|0a|2|01|03|01|00|xx|xx|1|0|0|0|00
DBG|1|0|0b|c|01|03|01|00|xx|xx|1|0|0|0|00
DBG|1|0|0d|a|01|03|01|00|xx|xx|1|0|0|0|00
DBG|1|0|0f|c|02|03|01|00|xx|xx|1|0|0|0|00
DBG|1|0|11|b|02|02|01|00|xx|xx|1|0|0|0|00
DBG|1|0|13|1|01|02|01|00|xx|xx|1|0|0|0|00
DBG|1|0|14|e|ff|02|01|00|xx|xx|1|0|0|0|00
DBG|1|0|04|a|ff|02|01|00|xx|xx|1|0|0|0|00
DBG|1|0|06|c|03|02|01|00|xx|xx|1|0|0|0|00
DBG|1|0|08|b|03|03|01|00|xx|xx|1|0|0|0|00
DBG|1|0|0a|2|01|03|01|00|xx|xx|1|0|0|0|00
DBG|1|0|0b|c|01|03|01|00|xx|xx|1|0|0|0|00
DBG|1|0|0d|a|01|03|01|00|xx|xx|1|0|0|0|00
DBG|1|0|0f|c|02|03|01|00|xx|xx|1|0|0|0|00
DBG|1|0|11|b|02|02|01|00|xx|xx|1|0|0|0|00
DBG|1|0|13|1|01|02|01|00|xx|xx|1|0|0|0|00
DBG|1|0|14|e|ff|02|01|00|xx|xx|1|0|0|0|00
DBG|1|0|04|a|ff|02|01|00|xx|xx|1|0|0|0|00
DBG|1|0|06|c|03|02|01|00|xx|xx|1|0|0|0|00
DBG|1|0|08|b|03|03|01|00|xx|xx|1|0|0|0|00
DBG|1|0|0a|2|01|03|01|00|xx|xx|1|0|0|0|00
DBG|1|0|0b|c|01|03|01|00|xx|xx|1|0|0|0|00
DBG|1|0|0d|a|01|03|01|00|xx|xx|1|0|0|0|00
DBG|1|0|0f|c|02|03|01|00|xx|xx|1|0|0|0|00
DBG|1|0|11|b|02|02|01|00|xx|xx|1|0|0|0|00
DBG|1|0|13|1|01|02|01|00|xx|xx|1|0|0|0|00
DBG|1|0|14|e|ff|02|01|00|xx|xx|1|0|0|0|00
DBG|1|0|04|a|ff|02|01|00|xx|xx|1|0|0|0|00
DBG|1|0|06|c|03|02|01|00|xx|xx|1|0|0|0|00
DBG|1|0|08|b|03|03|01|00|xx|xx|1|0|0|0|00
DBG|1|0|0a|2|01|03|01|00|xx|xx|1|0|0|0|00
DBG|1|0|0b|c|01|03|01|00|xx|xx|1|0|0|0|00
DBG|1|0|0d|a|01|03|01|00|xx|xx|1|0|0|0|00
DBG|1|0|0f|c|02|03|01|00|xx|xx|1|0|0|0|00
DBG|1|0|11|b|02|02|01|00|xx|xx|1|0|0|0|00
DBG|1|0|13|1|01|02|01|00|xx|xx|1|0|0|0|00
DBG|1|0|14|e|ff|02|01|00|xx|xx|1|0|0|0|00
DBG|1|0|04|a|ff|02|01|00|xx|xx|1|0|0|0|00
DBG|1|0|06|c|03|02|01|00|xx|xx|1|0|0|0|00
DBG|1|0|08|b|03|03|01|00|xx|xx|1|0|0|0|00
DBG|1|0|0a|2|01|03|01|00|xx|xx|1|0|0|0|00
DBG|1|0|0b|c|01|03|01|00|xx|xx|1|0|0|0|00
DBG|1|0|0d|a|01|03|01|00|xx|xx|1|0|0|0|00
DBG|1|0|0f|c|02|03|01|00|xx|xx|1|0|0|0|00
DBG|1|0|11|b|02|02|01|00|xx|xx|1|0|0|0|00
DBG|1|0|13|1|01|02|01|00|xx|xx|1|0|0|0|00
DBG|1|0|14|e|ff|02|01|00|xx|xx|1|0|0|0|00
DBG|1|0|04|a|ff|02|01|00|xx|xx|1|0|0|0|00
DBG|1|0|06|c|03|02|01|00|xx|xx|1|0|0|0|00
DBG|1|0|08|b|03|03|01|00|xx|xx|1|0|0|0|00
DBG|1|0|0a|2|01|03|01|00|xx|xx|1|0|0|0|00
DBG|1|0|0b|c|01|03|01|00|xx|xx|1|0|0|0|00
DBG|1|0|0d|a|01|03|01|00|xx|xx|1|0|0|0|00
DBG|1|0|0f|c|02|03|01|00|xx|xx|1|0|0|0|00
DBG|1|0|11|b|02|02|01|00|xx|xx|1|0|0|0|00
DBG|1|0|13|1|01|02|01|00|xx|xx|1|0|0|0|00
DBG|1|0|14|e|ff|02|01|00|xx|xx|1|0|0|0|00
DBG|1|0|04|a|ff|02|01|00|xx|xx|1|0|0|0|00
DBG|1|0|06|c|03|02|01|00|xx|xx|1|0|0|0|00
DBG|1|0|08|b|03|03|01|00|xx|xx|1|0|0|0|00
DBG|1|0|0a|2|01|03|01|00|xx|xx|1|0|0|0|00
DBG|1|0|0b|c|01|03|01|00|xx|xx|1|0|0|0|00
DBG|1|0|0d|a|01|03|01|00|xx|xx|1|0|0|0|00
DBG|1|0|0f|c|02|03|01|00|xx|xx|1|0|0|0|00
DBG|1|0|11|b|02|02|01|00|xx|xx|1|0|0|0|00
DBG|1|0|13|1|01|02|01|00|xx|xx|1|0|0|0|00
DBG|1|0|14|e|ff|02|01|00|xx|xx|1|0|0|0|00
DBG|1|0|04|a|ff|02|01|00|xx|xx|1|0|0|0|00
DBG|1|0|06|c|03|02|01|00|xx|xx|1|0|0|0|00
DBG|1|0|08|b|03|03|01|00|xx|xx|1|0|0|0|00
DBG|1|0|0a|2|01|03|01|00|xx|xx|1|0|0|0|00
DBG|1|0|0b|c|01|03|01|00|xx|xx|1|0|0|0|00
DBG|1|0|0d|a|01|03|01|00|xx|xx|1|0|0|0|00
DBG|1|0|0f|c|02|03|01|00|xx|xx|1|0|0|0|00
DBG|1|0|11|b|02|02|01|00|xx|xx|1|0|0|0|00
DBG|1|0|13|1|01|02|01|00|xx|xx|1|0|0|0|00
DBG|1|0|14|e|ff|02|01|00|xx|xx|1|0|0|0|00
DBG|1|0|04|a|ff|02|01|00|xx|xx|1|0|0|0|00
DBG|1|0|06|c|03|02|01|00|xx|xx|1|0|0|0|00
DBG|1|0|08|b|03|03|01|00|xx|xx|1|0|0|0|00
DBG|1|0|0a|2|01|03|01|00|xx|xx|1|0|0|0|00
DBG|1|0|0b|c|01|03|01|00|xx|xx|1|0|0|0|00
DBG|1|0|0d|a|01|03|01|00|xx|xx|1|0|0|0|00
DBG|1|0|0f|c|02|03|01|00|xx|xx|1|0|0|0|00
DBG|1|0|11|b|02|02|01|00|xx|xx|1|0|0|0|00
DBG|1|0|13|1|01|02|01|00|xx|xx|1|0|0|0|00
DBG|1|0|14|e|ff|02|01|00|xx|xx|1|0|0|0|00
DBG|1|0|04|a|ff|02|01|00|xx|xx|1|0|0|0|00
DBG|1|0|06|c|03|02|01|00|xx|xx|1|0|0|0|00
DBG|1|0|08|b|03|03|01|00|xx|xx|1|0|0|0|00
DBG|1|0|0a|2|01|03|01|00|xx|xx|1|0|0|0|00
DBG|1|0|0b|c|01|03|01|00|xx|xx|1|0|0|0|00
DBG|1|0|0d|a|01|03|01|00|xx|xx|1|0|0|0|00
DBG|1|0|0f|c|02|03|01|00|xx|xx|1|0|0|0|00
DBG|1|0|11|b|02|02|01|00|xx|xx|1|0|0|0|00
DBG|1|0|13|1|01|02|01|00|xx|xx|1|0|0|0|00
DBG|1|0|14|e|ff|02|01|00|xx|xx|1|0|0|0|00
DBG|1|0|04|a|ff|02|01|00|xx|xx|1|0|0|0|00
DBG|1|0|06|c|03|02|01|00|xx|xx|1|0|0|0|00
DBG|1|0|08|b|03|03|01|00|xx|xx|1|0|0|0|00
DBG|1|0|0a|2|01|03|01|00|xx|xx|1|0|0|0|00
DBG|1|0|0b|c|01|03|01|00|xx|xx|1|0|0|0|00
DBG|1|0|0d|a|01|03|01|00|xx|xx|1|0|0|0|00
DBG|1|0|0f|c|02|03|01|00|xx|xx|1|0|0|0|00
DBG|1|0|11|b|02|02|01|00|xx|xx|1|0|0|0|00
DBG|1|0|13|1|01|02|01|00|xx|xx|1|0|0|0|00
DBG|1|0|14|e|ff|02|01|00|xx|xx|1|0|0|0|00
DBG|1|0|04|a|ff|02|01|00|xx|xx|1|0|0|0|00
DBG|1|0|06|c|03|02|01|00|xx|xx|1|0|0|0|00
DBG|1|0|08|b|03|03|01|00|xx|xx|1|0|0|0|00
DBG|1|0|0a|2|01|03|01|00|xx|xx|1|0|0|0|00
DBG|1|0|0b|c|01|03|01|00|xx|xx|1|0|0|0|00
DBG|1|0|0d|a|01|03|01|00|xx|xx|1|0|0|0|00
DBG|1|0|0f|c|02|03|01|00|xx|xx|1|0|0|0|00
DBG|1|0|11|b|02|02|01|00|xx|xx|1|0|0|0|00
DBG|1|0|13|1|01|02|01|00|xx|xx|1|0|0|0|00
DBG|1|0|14|e|ff|02|01|00|xx|xx|1|0|0|0|00
DBG|1|0|04|a|ff|02|01|00|xx|xx|1|0|0|0|00
DBG|1|0|06|c|03|02|01|00|xx|xx|1|0|0|0|00
DBG|1|0|08|b|03|03|01|00|xx|xx|1|0|0|0|00
DBG|1|0|0a|2|01|03|01|00|xx|xx|1|0|0|0|00
DBG|1|0|0b|c|01|03|01|00|xx|xx|1|0|0|0|00
DBG|1|0|0d|a|01|03|01|00|xx|xx|1|0|0|0|00
DBG|1|0|0f|c|02|03|01|00|xx|xx|1|0|0|0|00
DBG|1|0|11|b|02|02|01|00|xx|xx|1|0|0|0|00
DBG|1|0|13|1|01|02|01|00|xx|xx|1|0|0|0|00
DBG|1|0|14|e|ff|02|01|00|xx|xx|1|0|0|0|00
DBG|1|0|04|a|ff|02|01|00|xx|xx|1|0|0|0|00
DBG|1|0|06|c|03|02|01|00|xx|xx|1|0|0|0|00
DBG|1|0|08|b|03|03|01|00|xx|xx|1|0|0|0|00
DBG|1|0|0a|2|01|03|01|00|xx|xx|1|0|0|0|00
DBG|1|0|0b|c|01|03|01|00|xx|xx|1|0|0|0|00
DBG|1|0|0d|a|01|03|01|00|xx|xx|1|0|0|0|00
DBG|1|0|0f|c|02|03|01|00|xx|xx|1|0|0|0|00
DBG|1|0|11|b|02|02|01|00|xx|xx|1|0|0|0|00
DBG|1|0|13|1|01|02|01|00|xx|xx|1|0|0|0|00
DBG|1|0|14|e|ff|02|01|00|xx|xx|1|0|0|0|00
DBG|1|0|04|a|ff|02|01|00|xx|xx|1|0|0|0|00
DBG|1|0|06|c|03|02|01|00|xx|xx|1|0|0|0|00
DBG|1|0|08|b|03|03|01|00|xx|xx|1|0|0|0|00
DBG|1|0|0a|2|01|03|01|00|xx|xx|1|0|0|0|00
DBG|1|0|0b|c|01|03|01|00|xx|xx|1|0|0|0|00
DBG|1|0|0d|a|01|03|01|00|xx|xx|1|0|0|0|00
DBG|1|0|0f|c|02|03|01|00|xx|xx|1|0|0|0|00
DBG|1|0|11|b|02|02|01|00|xx|xx|1|0|0|0|00
DBG|1|0|13|1|01|02|01|00|xx|xx|1|0|0|0|00
DBG|1|0|14|e|ff|02|01|00|xx|xx|1|0|0|0|00
DBG|1|0|04|a|ff|02|01|00|xx|xx|1|0|0|0|00
DBG|1|0|06|c|03|02|01|00|xx|xx|1|0|0|0|00
DBG|1|0|08|b|03|03|01|00|xx|xx|1|0|0|0|00
DBG|1|0|0a|2|01|03|01|00|xx|xx|1|0|0|0|00
DBG|1|0|0b|c|01|03|01|00|xx|xx|1|0|0|0|00
DBG|1|0|0d|a|01|03|01|00|xx|xx|1|0|0|0|00
DBG|1|0|0f|c|02|03|01|00|xx|xx|1|0|0|0|00
DBG|1|0|11|b|02|02|01|00|xx|xx|1|0|0|0|00
DBG|1|0|13|1|01|02|01|00|xx|xx|1|0|0|0|00
DBG|1|0|14|e|ff|02|01|00|xx|xx|1|0|0|0|00
DBG|1|0|04|a|ff|02|01|00|xx|xx|1|0|0|0|00
DBG|1|0|06|c|03|02|01|00|xx|xx|1|0|0|0|00
DBG|1|0|08|b|03|03|01|00|xx|xx|1|0|0|0|00
DBG|1|0|0a|2|01|03|01|00|xx|xx|1|0|0|0|00
DBG|1|0|0b|c|01|03|01|00|xx|xx|1|0|0|0|00
DBG|1|0|0d|a|01|03|01|00|xx|xx|1|0|0|0|00
DBG|1|0|0f|c|02|03|01|00|xx|xx|1|0|0|0|00
DBG|1|0|11|b|02|02|01|00|xx|xx|1|0|0|0|00
DBG|1|0|13|1|01|02|01|00|xx|xx|1|0|0|0|00
DBG|1|0|14|e|ff|02|01|00|xx|xx|1|0|0|0|00
DBG|1|0|04|a|ff|02|01|00|xx|xx|1|0|0|0|00
DBG|1|0|06|c|03|02|01|00|xx|xx|1|0|0|0|00
DBG|1|0|08|b|03|03|01|00|xx|xx|1|0|0|0|00
DBG|1|0|0a|2|01|03|01|00|xx|xx|1|0|0|0|00
DBG|1|0|0b|c|01|03|01|00|xx|xx|1|0|0|0|00
DBG|1|0|0d|a|01|03|01|00|xx|xx|1|0|0|0|00
DBG|1|0|0f|c|02|03|01|00|xx|xx|1|0|0|0|00
DBG|1|0|11|b|02|02|01|00|xx|xx|1|0|0|0|00
DBG|1|0|13|1|01|02|01|00|xx|xx|1|0|0|0|00
DBG|1|0|14|e|ff|02|01|00|xx|xx|1|0|0|0|00
DBG|1|0|04|a|ff|02|01|00|xx|xx|1|0|0|0|00
DBG|1|0|06|c|03|02|01|00|xx|xx|1|0|0|0|00
DBG|1|0|08|b|03|03|01|00|xx|xx|1|0|0|0|00
DBG|1|0|0a|2|01|03|01|00|xx|xx|1|0|0|0|00
DBG|1|0|0b|c|01|03|01|00|xx|xx|1|0|0|0|00
DBG|1|0|0d|a|01|03|01|00|xx|xx|1|0|0|0|00
DBG|1|0|0f|c|02|03|01|00|xx|xx|1|0|0|0|00
DBG|1|0|11|b|02|02|01|00|xx|xx|1|0|0|0|00
DBG|1|0|13|1|01|02|01|00|xx|xx|1|0|0|0|00
DBG|1|0|14|e|ff|02|01|00|xx|xx|1|0|0|0|00
DBG|1|0|04|a|ff|02|01|00|xx|xx|1|0|0|0|00
DBG|1|0|06|c|03|02|01|00|xx|xx|1|0|0|0|00
DBG|1|0|08|b|03|03|01|00|xx|xx|1|0|0|0|00
DBG|1|0|0a|2|01|03|01|00|xx|xx|1|0|0|0|00
DBG|1|0|0b|c|01|03|01|00|xx|xx|1|0|0|0|00
DBG|1|0|0d|a|01|03|01|00|xx|xx|1|0|0|0|00
DBG|1|0|0f|c|02|03|01|00|xx|xx|1|0|0|0|00
DBG|1|0|11|b|02|02|01|00|xx|xx|1|0|0|0|00
DBG|1|0|13|1|01|02|01|00|xx|xx|1|0|0|0|00
DBG|1|0|14|e|ff|02|01|00|xx|xx|1|0|0|0|00
DBG|1|0|04|a|ff|02|01|00|xx|xx|1|0|0|0|00
DBG|1|0|06|c|03|02|01|00|xx|xx|1|0|0|0|00
DBG|1|0|08|b|03|03|01|00|xx|xx|1|0|0|0|00
DBG|1|0|0a|2|01|03|01|00|xx|xx|1|0|0|0|00
DBG|1|0|0b|c|01|03|01|00|xx|xx|1|0|0|0|00
DBG|1|0|0d|a|01|03|01|00|xx|xx|1|0|0|0|00
DBG|1|0|0f|c|02|03|01|00|xx|xx|1|0|0|0|00
DBG|1|0|11|b|02|02|01|00|xx|xx|1|0|0|0|00
DBG|1|0|13|1|01|02|01|00|xx|xx|1|0|0|0|00
DBG|1|0|14|e|ff|02|01|00|xx|xx|1|0|0|0|00
DBG|1|0|04|a|ff|02|01|00|xx|xx|1|0|0|0|00
DBG|1|0|06|c|03|02|01|00|xx|xx|1|0|0|0|00
DBG|1|0|08|b|03|03|01|00|xx|xx|1|0|0|0|00
DBG|1|0|0a|2|01|03|01|00|xx|xx|1|0|0|0|00
DBG|1|0|0b|c|01|03|01|00|xx|xx|1|0|0|0|00
DBG|1|0|0d|a|01|03|01|00|xx|xx|1|0|0|0|00
DBG|1|0|0f|c|02|03|01|00|xx|xx|1|0|0|0|00
DBG|1|0|11|b|02|02|01|00|xx|xx|1|0|0|0|00
DBG|1|0|13|1|01|02|01|00|xx|xx|1|0|0|0|00
DBG|1|0|14|e|ff|02|01|00|xx|xx|1|0|0|0|00
DBG|1|0|04|a|ff|02|01|00|xx|xx|1|0|0|0|00
DBG|1|0|06|c|03|02|01|00|xx|xx|1|0|0|0|00
DBG|1|0|08|b|03|03|01|00|xx|xx|1|0|0|0|00
DBG|1|0|0a|2|01|03|01|00|xx|xx|1|0|0|0|00
DBG|1|0|0b|c|01|03|01|00|xx|xx|1|0|0|0|00
DBG|1|0|0d|a|01|03|01|00|xx|xx|1|0|0|0|00
DBG|1|0|0f|c|02|03|01|00|xx|xx|1|0|0|0|00
DBG|1|0|11|b|02|02|01|00|xx|xx|1|0|0|0|00
DBG|1|0|13|1|01|02|01|00|xx|xx|1|0|0|0|00
DBG|1|0|14|e|ff|02|01|00|xx|xx|1|0|0|0|00
DBG|1|0|04|a|ff|02|01|00|xx|xx|1|0|0|0|00
DBG|1|0|06|c|03|02|01|00|xx|xx|1|0|0|0|00
DBG|1|0|08|b|03|03|01|00|xx|xx|1|0|0|0|00
DBG|1|0|0a|2|01|03|01|00|xx|xx|1|0|0|0|00
DBG|1|0|0b|c|01|03|01|00|xx|xx|1|0|0|0|00
DBG|1|0|0d|a|01|03|01|00|xx|xx|1|0|0|0|00
DBG|1|0|0f|c|02|03|01|00|xx|xx|1|0|0|0|00
DBG|1|0|11|b|02|02|01|00|xx|xx|1|0|0|0|00
DBG|1|0|13|1|01|02|01|00|xx|xx|1|0|0|0|00
DBG|1|0|14|e|ff|02|01|00|xx|xx|1|0|0|0|00
DBG|1|0|04|a|ff|02|01|00|xx|xx|1|0|0|0|00
DBG|1|0|06|c|03|02|01|00|xx|xx|1|0|0|0|00
DBG|1|0|08|b|03|03|01|00|xx|xx|1|0|0|0|00
DBG|1|0|0a|2|01|03|01|00|xx|xx|1|0|0|0|00
DBG|1|0|0b|c|01|03|01|00|xx|xx|1|0|0|0|00
DBG|1|0|0d|a|01|03|01|00|xx|xx|1|0|0|0|00
DBG|1|0|0f|c|02|03|01|00|xx|xx|1|0|0|0|00
DBG|1|0|11|b|02|02|01|00|xx|xx|1|0|0|0|00
DBG|1|0|13|1|01|02|01|00|xx|xx|1|0|0|0|00
DBG|1|0|14|e|ff|02|01|00|xx|xx|1|0|0|0|00
DBG|1|0|04|a|ff|02|01|00|xx|xx|1|0|0|0|00
DBG|1|0|06|c|03|02|01|00|xx|xx|1|0|0|0|00
DBG|1|0|08|b|03|03|01|00|xx|xx|1|0|0|0|00
DBG|1|0|0a|2|01|03|01|00|xx|xx|1|0|0|0|00
DBG|1|0|0b|c|01|03|01|00|xx|xx|1|0|0|0|00
DBG|1|0|0d|a|01|03|01|00|xx|xx|1|0|0|0|00
DBG|1|0|0f|c|02|03|01|00|xx|xx|1|0|0|0|00
DBG|1|0|11|b|02|02|01|00|xx|xx|1|0|0|0|00
DBG|1|0|13|1|01|02|01|00|xx|xx|1|0|0|0|00
DBG|1|0|14|e|ff|02|01|00|xx|xx|1|0|0|0|00
DBG|1|0|04|a|ff|02|01|00|xx|xx|1|0|0|0|00
DBG|1|0|06|c|03|02|01|00|xx|xx|1|0|0|0|00
DBG|1|0|08|b|03|03|01|00|xx|xx|1|0|0|0|00
DBG|1|0|0a|2|01|03|01|00|xx|xx|1|0|0|0|00
DBG|1|0|0b|c|01|03|01|00|xx|xx|1|0|0|0|00
DBG|1|0|0d|a|01|03|01|00|xx|xx|1|0|0|0|00
DBG|1|0|0f|c|02|03|01|00|xx|xx|1|0|0|0|00
DBG|1|0|11|b|02|02|01|00|xx|xx|1|0|0|0|00
DBG|1|0|13|1|01|02|01|00|xx|xx|1|0|0|0|00
DBG|1|0|14|e|ff|02|01|00|xx|xx|1|0|0|0|00
DBG|1|0|04|a|ff|02|01|00|xx|xx|1|0|0|0|00
DBG|1|0|06|c|03|02|01|00|xx|xx|1|0|0|0|00
DBG|1|0|08|b|03|03|01|00|xx|xx|1|0|0|0|00
DBG|1|0|0a|2|01|03|01|00|xx|xx|1|0|0|0|00
DBG|1|0|0b|c|01|03|01|00|xx|xx|1|0|0|0|00
DBG|1|0|0d|a|01|03|01|00|xx|xx|1|0|0|0|00
DBG|1|0|0f|c|02|03|01|00|xx|xx|1|0|0|0|00
DBG|1|0|11|b|02|02|01|00|xx|xx|1|0|0|0|00
DBG|1|0|13|1|01|02|01|00|xx|xx|1|0|0|0|00
DBG|1|0|14|e|ff|02|01|00|xx|xx|1|0|0|0|00
DBG|1|0|04|a|ff|02|01|00|xx|xx|1|0|0|0|00
DBG|1|0|06|c|03|02|01|00|xx|xx|1|0|0|0|00
DBG|1|0|08|b|03|03|01|00|xx|xx|1|0|0|0|00
DBG|1|0|0a|2|01|03|01|00|xx|xx|1|0|0|0|00
DBG|1|0|0b|c|01|03|01|00|xx|xx|1|0|0|0|00
DBG|1|0|0d|a|01|03|01|00|xx|xx|1|0|0|0|00
DBG|1|0|0f|c|02|03|01|00|xx|xx|1|0|0|0|00
DBG|1|0|11|b|02|02|01|00|xx|xx|1|0|0|0|00
DBG|1|0|13|1|01|02|01|00|xx|xx|1|0|0|0|00
DBG|1|0|14|e|ff|02|01|00|xx|xx|1|0|0|0|00
DBG|1|0|04|a|ff|02|01|00|xx|xx|1|0|0|0|00
DBG|1|0|06|c|03|02|01|00|xx|xx|1|0|0|0|00
DBG|1|0|08|b|03|03|01|00|xx|xx|1|0|0|0|00
DBG|1|0|0a|2|01|03|01|00|xx|xx|1|0|0|0|00
DBG|1|0|0b|c|01|03|01|00|xx|xx|1|0|0|0|00
DBG|1|0|0d|a|01|03|01|00|xx|xx|1|0|0|0|00
DBG|1|0|0f|c|02|03|01|00|xx|xx|1|0|0|0|00
DBG|1|0|11|b|02|02|01|00|xx|xx|1|0|0|0|00
DBG|1|0|13|1|01|02|01|00|xx|xx|1|0|0|0|00
DBG|1|0|14|e|ff|02|01|00|xx|xx|1|0|0|0|00
DBG|1|0|04|a|ff|02|01|00|xx|xx|1|0|0|0|00
DBG|1|0|06|c|03|02|01|00|xx|xx|1|0|0|0|00
DBG|1|0|08|b|03|03|01|00|xx|xx|1|0|0|0|00
DBG|1|0|0a|2|01|03|01|00|xx|xx|1|0|0|0|00
DBG|1|0|0b|c|01|03|01|00|xx|xx|1|0|0|0|00
DBG|1|0|0d|a|01|03|01|00|xx|xx|1|0|0|0|00
DBG|1|0|0f|c|02|03|01|00|xx|xx|1|0|0|0|00
DBG|1|0|11|b|02|02|01|00|xx|xx|1|0|0|0|00
DBG|1|0|13|1|01|02|01|00|xx|xx|1|0|0|0|00
DBG|1|0|14|e|ff|02|01|00|xx|xx|1|0|0|0|00
DBG|1|0|04|a|ff|02|01|00|xx|xx|1|0|0|0|00
DBG|1|0|06|c|03|02|01|00|xx|xx|1|0|0|0|00
DBG|1|0|08|b|03|03|01|00|xx|xx|1|0|0|0|00
DBG|1|0|0a|2|01|03|01|00|xx|xx|1|0|0|0|00
DBG|1|0|0b|c|01|03|01|00|xx|xx|1|0|0|0|00
DBG|1|0|0d|a|01|03|01|00|xx|xx|1|0|0|0|00
DBG|1|0|0f|c|02|03|01|00|xx|xx|1|0|0|0|00
DBG|1|0|11|b|02|02|01|00|xx|xx|1|0|0|0|00
DBG|1|0|13|1|01|02|01|00|xx|xx|1|0|0|0|00
DBG|1|0|14|e|ff|02|01|00|xx|xx|1|0|0|0|00
DBG|1|0|04|a|ff|02|01|00|xx|xx|1|0|0|0|00
DBG|1|0|06|c|03|02|01|00|xx|xx|1|0|0|0|00
DBG|1|0|08|b|03|03|01|00|xx|xx|1|0|0|0|00
DBG|1|0|0a|2|01|03|01|00|xx|xx|1|0|0|0|00
DBG|1|0|0b|c|01|03|01|00|xx|xx|1|0|0|0|00
DBG|1|0|0d|a|01|03|01|00|xx|xx|1|0|0|0|00
DBG|1|0|0f|c|02|03|01|00|xx|xx|1|0|0|0|00
DBG|1|0|11|b|02|02|01|00|xx|xx|1|0|0|0|00
DBG|1|0|13|1|01|02|01|00|xx|xx|1|0|0|0|00
DBG|1|0|14|e|ff|02|01|00|xx|xx|1|0|0|0|00
DBG|1|0|04|a|ff|02|01|00|xx|xx|1|0|0|0|00
DBG|1|0|06|c|03|02|01|00|xx|xx|1|0|0|0|00
DBG|1|0|08|b|03|03|01|00|xx|xx|1|0|0|0|00
DBG|1|0|0a|2|01|03|01|00|xx|xx|1|0|0|0|00
DBG|1|0|0b|c|01|03|01|00|xx|xx|1|0|0|0|00
DBG|1|0|0d|a|01|03|01|00|xx|xx|1|0|0|0|00
DBG|1|0|0f|c|02|03|01|00|xx|xx|1|0|0|0|00
DBG|1|0|11|b|02|02|01|00|xx|xx|1|0|0|0|00
DBG|1|0|13|1|01|02|01|00|xx|xx|1|0|0|0|00
DBG|1|0|14|e|ff|02|01|00|xx|xx|1|0|0|0|00
DBG|1|0|04|a|ff|02|01|00|xx|xx|1|0|0|0|00
DBG|1|0|06|c|03|02|01|00|xx|xx|1|0|0|0|00
DBG|1|0|08|b|03|03|01|00|xx|xx|1|0|0|0|00
DBG|1|0|0a|2|01|03|01|00|xx|xx|1|0|0|0|00
DBG|1|0|0b|c|01|03|01|00|xx|xx|1|0|0|0|00
DBG|1|0|0d|a|01|03|01|00|xx|xx|1|0|0|0|00
DBG|1|0|0f|c|02|03|01|00|xx|xx|1|0|0|0|00
DBG|1|0|11|b|02|02|01|00|xx|xx|1|0|0|0|00
DBG|1|0|13|1|01|02|01|00|xx|xx|1|0|0|0|00
DBG|1|0|14|e|ff|02|01|00|xx|xx|1|0|0|0|00
DBG|1|0|04|a|ff|02|01|00|xx|xx|1|0|0|0|00
DBG|1|0|06|c|03|02|01|00|xx|xx|1|0|0|0|00
DBG|1|0|08|b|03|03|01|00|xx|xx|1|0|0|0|00
DBG|1|0|0a|2|01|03|01|00|xx|xx|1|0|0|0|00
DBG|1|0|0b|c|01|03|01|00|xx|xx|1|0|0|0|00
DBG|1|0|0d|a|01|03|01|00|xx|xx|1|0|0|0|00
DBG|1|0|0f|c|02|03|01|00|xx|xx|1|0|0|0|00
DBG|1|0|11|b|02|02|01|00|xx|xx|1|0|0|0|00
DBG|1|0|13|1|01|02|01|00|xx|xx|1|0|0|0|00
DBG|1|0|14|e|ff|02|01|00|xx|xx|1|0|0|0|00
DBG|1|0|04|a|ff|02|01|00|xx|xx|1|0|0|0|00
DBG|1|0|06|c|03|02|01|00|xx|xx|1|0|0|0|00
DBG|1|0|08|b|03|03|01|00|xx|xx|1|0|0|0|00
DBG|1|0|0a|2|01|03|01|00|xx|xx|1|0|0|0|00
DBG|1|0|0b|c|01|03|01|00|xx|xx|1|0|0|0|00
DBG|1|0|0d|a|01|03|01|00|xx|xx|1|0|0|0|00
DBG|1|0|0f|c|02|03|01|00|xx|xx|1|0|0|0|00
DBG|1|0|11|b|02|02|01|00|xx|xx|1|0|0|0|00
DBG|1|0|13|1|01|02|01|00|xx|xx|1|0|0|0|00
DBG|1|0|14|e|ff|02|01|00|xx|xx|1|0|0|0|00
DBG|1|0|04|a|ff|02|01|00|xx|xx|1|0|0|0|00
DBG|1|0|06|c|03|02|01|00|xx|xx|1|0|0|0|00
DBG|1|0|08|b|03|03|01|00|xx|xx|1|0|0|0|00
DBG|1|0|0a|2|01|03|01|00|xx|xx|1|0|0|0|00
DBG|1|0|0b|c|01|03|01|00|xx|xx|1|0|0|0|00
DBG|1|0|0d|a|01|03|01|00|xx|xx|1|0|0|0|00
DBG|1|0|0f|c|02|03|01|00|xx|xx|1|0|0|0|00
DBG|1|0|11|b|02|02|01|00|xx|xx|1|0|0|0|00
DBG|1|0|13|1|01|02|01|00|xx|xx|1|0|0|0|00
DBG|1|0|14|e|ff|02|01|00|xx|xx|1|0|0|0|00
DBG|1|0|04|a|ff|02|01|00|xx|xx|1|0|0|0|00
DBG|1|0|06|c|03|02|01|00|xx|xx|1|0|0|0|00
DBG|1|0|08|b|03|03|01|00|xx|xx|1|0|0|0|00
DBG|1|0|0a|2|01|03|01|00|xx|xx|1|0|0|0|00
DBG|1|0|0b|c|01|03|01|00|xx|xx|1|0|0|0|00
DBG|1|0|0d|a|01|03|01|00|xx|xx|1|0|0|0|00
DBG|1|0|0f|c|02|03|01|00|xx|xx|1|0|0|0|00
DBG|1|0|11|b|02|02|01|00|xx|xx|1|0|0|0|00
DBG|1|0|13|1|01|02|01|00|xx|xx|1|0|0|0|00
DBG|1|0|14|e|ff|02|01|00|xx|xx|1|0|0|0|00
DBG|1|0|04|a|ff|02|01|00|xx|xx|1|0|0|0|00
DBG|1|0|06|c|03|02|01|00|xx|xx|1|0|0|0|00
DBG|1|0|08|b|03|03|01|00|xx|xx|1|0|0|0|00
DBG|1|0|0a|2|01|03|01|00|xx|xx|1|0|0|0|00
DBG|1|0|0b|c|01|03|01|00|xx|xx|1|0|0|0|00
DBG|1|0|0d|a|01|03|01|00|xx|xx|1|0|0|0|00
DBG|1|0|0f|c|02|03|01|00|xx|xx|1|0|0|0|00
DBG|1|0|11|b|02|02|01|00|xx|xx|1|0|0|0|00
DBG|1|0|13|1|01|02|01|00|xx|xx|1|0|0|0|00
DBG|1|0|14|e|ff|02|01|00|xx|xx|1|0|0|0|00
DBG|1|0|04|a|ff|02|01|00|xx|xx|1|0|0|0|00
DBG|1|0|06|c|03|02|01|00|xx|xx|1|0|0|0|00
DBG|1|0|08|b|03|03|01|00|xx|xx|1|0|0|0|00
DBG|1|0|0a|2|01|03|01|00|xx|xx|1|0|0|0|00
DBG|1|0|0b|c|01|03|01|00|xx|xx|1|0|0|0|00
DBG|1|0|0d|a|01|03|01|00|xx|xx|1|0|0|0|00
DBG|1|0|0f|c|02|03|01|00|xx|xx|1|0|0|0|00
DBG|1|0|11|b|02|02|01|00|xx|xx|1|0|0|0|00
DBG|1|0|13|1|01|02|01|00|xx|xx|1|0|0|0|00
DBG|1|0|14|e|ff|02|01|00|xx|xx|1|0|0|0|00
DBG|1|0|04|a|ff|02|01|00|xx|xx|1|0|0|0|00
DBG|1|0|06|c|03|02|01|00|xx|xx|1|0|0|0|00
DBG|1|0|08|b|03|03|01|00|xx|xx|1|0|0|0|00
DBG|1|0|0a|2|01|03|01|00|xx|xx|1|0|0|0|00
DBG|1|0|0b|c|01|03|01|00|xx|xx|1|0|0|0|00
DBG|1|0|0d|a|01|03|01|00|xx|xx|1|0|0|0|00
DBG|1|0|0f|c|02|03|01|00|xx|xx|1|0|0|0|00
DBG|1|0|11|b|02|02|01|00|xx|xx|1|0|0|0|00
DBG|1|0|13|1|01|02|01|00|xx|xx|1|0|0|0|00
DBG|1|0|14|e|ff|02|01|00|xx|xx|1|0|0|0|00
DBG|1|0|04|a|ff|02|01|00|xx|xx|1|0|0|0|00
DBG|1|0|06|c|03|02|01|00|xx|xx|1|0|0|0|00
DBG|1|0|08|b|03|03|01|00|xx|xx|1|0|0|0|00
DBG|1|0|0a|2|01|03|01|00|xx|xx|1|0|0|0|00
DBG|1|0|0b|c|01|03|01|00|xx|xx|1|0|0|0|00
DBG|1|0|0d|a|01|03|01|00|xx|xx|1|0|0|0|00
DBG|1|0|0f|c|02|03|01|00|xx|xx|1|0|0|0|00
DBG|1|0|11|b|02|02|01|00|xx|xx|1|0|0|0|00
DBG|1|0|13|1|01|02|01|00|xx|xx|1|0|0|0|00
DBG|1|0|14|e|ff|02|01|00|xx|xx|1|0|0|0|00
DBG|1|0|04|a|ff|02|01|00|xx|xx|1|0|0|0|00
DBG|1|0|06|c|03|02|01|00|xx|xx|1|0|0|0|00
DBG|1|0|08|b|03|03|01|00|xx|xx|1|0|0|0|00
DBG|1|0|0a|2|01|03|01|00|xx|xx|1|0|0|0|00
DBG|1|0|0b|c|01|03|01|00|xx|xx|1|0|0|0|00
DBG|1|0|0d|a|01|03|01|00|xx|xx|1|0|0|0|00
DBG|1|0|0f|c|02|03|01|00|xx|xx|1|0|0|0|00
DBG|1|0|11|b|02|02|01|00|xx|xx|1|0|0|0|00
DBG|1|0|13|1|01|02|01|00|xx|xx|1|0|0|0|00
DBG|1|0|14|e|ff|02|01|00|xx|xx|1|0|0|0|00
DBG|1|0|04|a|ff|02|01|00|xx|xx|1|0|0|0|00
DBG|1|0|06|c|03|02|01|00|xx|xx|1|0|0|0|00
DBG|1|0|08|b|03|03|01|00|xx|xx|1|0|0|0|00
DBG|1|0|0a|2|01|03|01|00|xx|xx|1|0|0|0|00
DBG|1|0|0b|c|01|03|01|00|xx|xx|1|0|0|0|00
DBG|1|0|0d|a|01|03|01|00|xx|xx|1|0|0|0|00
DBG|1|0|0f|c|02|03|01|00|xx|xx|1|0|0|0|00
DBG|1|0|11|b|02|02|01|00|xx|xx|1|0|0|0|00
DBG|1|0|13|1|01|02|01|00|xx|xx|1|0|0|0|00
DBG|1|0|14|e|ff|02|01|00|xx|xx|1|0|0|0|00
DBG|1|0|04|a|ff|02|01|00|xx|xx|1|0|0|0|00
DBG|1|0|06|c|03|02|01|00|xx|xx|1|0|0|0|00
DBG|1|0|08|b|03|03|01|00|xx|xx|1|0|0|0|00
DBG|1|0|0a|2|01|03|01|00|xx|xx|1|0|0|0|00
DBG|1|0|0b|c|01|03|01|00|xx|xx|1|0|0|0|00
DBG|1|0|0d|a|01|03|01|00|xx|xx|1|0|0|0|00
DBG|1|0|0f|c|02|03|01|00|xx|xx|1|0|0|0|00
DBG|1|0|11|b|02|02|01|00|xx|xx|1|0|0|0|00
DBG|1|0|13|1|01|02|01|00|xx|xx|1|0|0|0|00
DBG|1|0|14|e|ff|02|01|00|xx|xx|1|0|0|0|00
DBG|1|0|04|a|ff|02|01|00|xx|xx|1|0|0|0|00
DBG|1|0|06|c|03|02|01|00|xx|xx|1|0|0|0|00
DBG|1|0|08|b|03|03|01|00|xx|xx|1|0|0|0|00
DBG|1|0|0a|2|01|03|01|00|xx|xx|1|0|0|0|00
DBG|1|0|0b|c|01|03|01|00|xx|xx|1|0|0|0|00
DBG|1|0|0d|a|01|03|01|00|xx|xx|1|0|0|0|00
DBG|1|0|0f|c|02|03|01|00|xx|xx|1|0|0|0|00
DBG|1|0|11|b|02|02|01|00|xx|xx|1|0|0|0|00
DBG|1|0|13|1|01|02|01|00|xx|xx|1|0|0|0|00
DBG|1|0|14|e|ff|02|01|00|xx|xx|1|0|0|0|00
DBG|1|0|04|a|ff|02|01|00|xx|xx|1|0|0|0|00
DBG|1|0|06|c|03|02|01|00|xx|xx|1|0|0|0|00
DBG|1|0|08|b|03|03|01|00|xx|xx|1|0|0|0|00
DBG|1|0|0a|2|01|03|01|00|xx|xx|1|0|0|0|00
DBG|1|0|0b|c|01|03|01|00|xx|xx|1|0|0|0|00
DBG|1|0|0d|a|01|03|01|00|xx|xx|1|0|0|0|00
DBG|1|0|0f|c|02|03|01|00|xx|xx|1|0|0|0|00
DBG|1|0|11|b|02|02|01|00|xx|xx|1|0|0|0|00
DBG|1|0|13|1|01|02|01|00|xx|xx|1|0|0|0|00
DBG|1|0|14|e|ff|02|01|00|xx|xx|1|0|0|0|00
DBG|1|0|04|a|ff|02|01|00|xx|xx|1|0|0|0|00
DBG|1|0|06|c|03|02|01|00|xx|xx|1|0|0|0|00
DBG|1|0|08|b|03|03|01|00|xx|xx|1|0|0|0|00
DBG|1|0|0a|2|01|03|01|00|xx|xx|1|0|0|0|00
DBG|1|0|0b|c|01|03|01|00|xx|xx|1|0|0|0|00
DBG|1|0|0d|a|01|03|01|00|xx|xx|1|0|0|0|00
DBG|1|0|0f|c|02|03|01|00|xx|xx|1|0|0|0|00
DBG|1|0|11|b|02|02|01|00|xx|xx|1|0|0|0|00
DBG|1|0|13|1|01|02|01|00|xx|xx|1|0|0|0|00
DBG|1|0|14|e|ff|02|01|00|xx|xx|1|0|0|0|00
DBG|1|0|04|a|ff|02|01|00|xx|xx|1|0|0|0|00
DBG|1|0|06|c|03|02|01|00|xx|xx|1|0|0|0|00
DBG|1|0|08|b|03|03|01|00|xx|xx|1|0|0|0|00
DBG|1|0|0a|2|01|03|01|00|xx|xx|1|0|0|0|00
DBG|1|0|0b|c|01|03|01|00|xx|xx|1|0|0|0|00
DBG|1|0|0d|a|01|03|01|00|xx|xx|1|0|0|0|00
DBG|1|0|0f|c|02|03|01|00|xx|xx|1|0|0|0|00
DBG|1|0|11|b|02|02|01|00|xx|xx|1|0|0|0|00
DBG|1|0|13|1|01|02|01|00|xx|xx|1|0|0|0|00
DBG|1|0|14|e|ff|02|01|00|xx|xx|1|0|0|0|00
DBG|1|0|04|a|ff|02|01|00|xx|xx|1|0|0|0|00
DBG|1|0|06|c|03|02|01|00|xx|xx|1|0|0|0|00
DBG|1|0|08|b|03|03|01|00|xx|xx|1|0|0|0|00
DBG|1|0|0a|2|01|03|01|00|xx|xx|1|0|0|0|00
DBG|1|0|0b|c|01|03|01|00|xx|xx|1|0|0|0|00
DBG|1|0|0d|a|01|03|01|00|xx|xx|1|0|0|0|00
DBG|1|0|0f|c|02|03|01|00|xx|xx|1|0|0|0|00
DBG|1|0|11|b|02|02|01|00|xx|xx|1|0|0|0|00
DBG|1|0|13|1|01|02|01|00|xx|xx|1|0|0|0|00
DBG|1|0|14|e|ff|02|01|00|xx|xx|1|0|0|0|00
DBG|1|0|04|a|ff|02|01|00|xx|xx|1|0|0|0|00
DBG|1|0|06|c|03|02|01|00|xx|xx|1|0|0|0|00
DBG|1|0|08|b|03|03|01|00|xx|xx|1|0|0|0|00
DBG|1|0|0a|2|01|03|01|00|xx|xx|1|0|0|0|00
DBG|1|0|0b|c|01|03|01|00|xx|xx|1|0|0|0|00
DBG|1|0|0d|a|01|03|01|00|xx|xx|1|0|0|0|00
DBG|1|0|0f|c|02|03|01|00|xx|xx|1|0|0|0|00
DBG|1|0|11|b|02|02|01|00|xx|xx|1|0|0|0|00
DBG|1|0|13|1|01|02|01|00|xx|xx|1|0|0|0|00
DBG|1|0|14|e|ff|02|01|00|xx|xx|1|0|0|0|00
DBG|1|0|04|a|ff|02|01|00|xx|xx|1|0|0|0|00
DBG|1|0|06|c|03|02|01|00|xx|xx|1|0|0|0|00
DBG|1|0|08|b|03|03|01|00|xx|xx|1|0|0|0|00
DBG|1|0|0a|2|01|03|01|00|xx|xx|1|0|0|0|00
DBG|1|0|0b|c|01|03|01|00|xx|xx|1|0|0|0|00
DBG|1|0|0d|a|01|03|01|00|xx|xx|1|0|0|0|00
DBG|1|0|0f|c|02|03|01|00|xx|xx|1|0|0|0|00
DBG|1|0|11|b|02|02|01|00|xx|xx|1|0|0|0|00
DBG|1|0|13|1|01|02|01|00|xx|xx|1|0|0|0|00
DBG|1|0|14|e|ff|02|01|00|xx|xx|1|0|0|0|00
DBG|1|0|04|a|ff|02|01|00|xx|xx|1|0|0|0|00
DBG|1|0|06|c|03|02|01|00|xx|xx|1|0|0|0|00
DBG|1|0|08|b|03|03|01|00|xx|xx|1|0|0|0|00
DBG|1|0|0a|2|01|03|01|00|xx|xx|1|0|0|0|00
DBG|1|0|0b|c|01|03|01|00|xx|xx|1|0|0|0|00
DBG|1|0|0d|a|01|03|01|00|xx|xx|1|0|0|0|00
DBG|1|0|0f|c|02|03|01|00|xx|xx|1|0|0|0|00
DBG|1|0|11|b|02|02|01|00|xx|xx|1|0|0|0|00
DBG|1|0|13|1|01|02|01|00|xx|xx|1|0|0|0|00
DBG|1|0|14|e|ff|02|01|00|xx|xx|1|0|0|0|00
DBG|1|0|04|a|ff|02|01|00|xx|xx|1|0|0|0|00
DBG|1|0|06|c|03|02|01|00|xx|xx|1|0|0|0|00
DBG|1|0|08|b|03|03|01|00|xx|xx|1|0|0|0|00
DBG|1|0|0a|2|01|03|01|00|xx|xx|1|0|0|0|00
DBG|1|0|0b|c|01|03|01|00|xx|xx|1|0|0|0|00
DBG|1|0|0d|a|01|03|01|00|xx|xx|1|0|0|0|00
DBG|1|0|0f|c|02|03|01|00|xx|xx|1|0|0|0|00
DBG|1|0|11|b|02|02|01|00|xx|xx|1|0|0|0|00
DBG|1|0|13|1|01|02|01|00|xx|xx|1|0|0|0|00
DBG|1|0|14|e|ff|02|01|00|xx|xx|1|0|0|0|00
DBG|1|0|04|a|ff|02|01|00|xx|xx|1|0|0|0|00
DBG|1|0|06|c|03|02|01|00|xx|xx|1|0|0|0|00
DBG|1|0|08|b|03|03|01|00|xx|xx|1|0|0|0|00
DBG|1|0|0a|2|01|03|01|00|xx|xx|1|0|0|0|00
DBG|1|0|0b|c|01|03|01|00|xx|xx|1|0|0|0|00
DBG|1|0|0d|a|01|03|01|00|xx|xx|1|0|0|0|00
DBG|1|0|0f|c|02|03|01|00|xx|xx|1|0|0|0|00
DBG|1|0|11|b|02|02|01|00|xx|xx|1|0|0|0|00
DBG|1|0|13|1|01|02|01|00|xx|xx|1|0|0|0|00
DBG|1|0|14|e|ff|02|01|00|xx|xx|1|0|0|0|00
DBG|1|0|04|a|ff|02|01|00|xx|xx|1|0|0|0|00
DBG|1|0|06|c|03|02|01|00|xx|xx|1|0|0|0|00
DBG|1|0|08|b|03|03|01|00|xx|xx|1|0|0|0|00
DBG|1|0|0a|2|01|03|01|00|xx|xx|1|0|0|0|00
DBG|1|0|0b|c|01|03|01|00|xx|xx|1|0|0|0|00
DBG|1|0|0d|a|01|03|01|00|xx|xx|1|0|0|0|00
DBG|1|0|0f|c|02|03|01|00|xx|xx|1|0|0|0|00
DBG|1|0|11|b|02|02|01|00|xx|xx|1|0|0|0|00
DBG|1|0|13|1|01|02|01|00|xx|xx|1|0|0|0|00
DBG|1|0|14|e|ff|02|01|00|xx|xx|1|0|0|0|00
DBG|1|0|04|a|ff|02|01|00|xx|xx|1|0|0|0|00
DBG|1|0|06|c|03|02|01|00|xx|xx|1|0|0|0|00
DBG|1|0|08|b|03|03|01|00|xx|xx|1|0|0|0|00
DBG|1|0|0a|2|01|03|01|00|xx|xx|1|0|0|0|00
DBG|1|0|0b|c|01|03|01|00|xx|xx|1|0|0|0|00
DBG|1|0|0d|a|01|03|01|00|xx|xx|1|0|0|0|00
DBG|1|0|0f|c|02|03|01|00|xx|xx|1|0|0|0|00
DBG|1|0|11|b|02|02|01|00|xx|xx|1|0|0|0|00
DBG|1|0|13|1|01|02|01|00|xx|xx|1|0|0|0|00
DBG|1|0|14|e|ff|02|01|00|xx|xx|1|0|0|0|00
DBG|1|0|04|a|ff|02|01|00|xx|xx|1|0|0|0|00
DBG|1|0|06|c|03|02|01|00|xx|xx|1|0|0|0|00
DBG|1|0|08|b|03|03|01|00|xx|xx|1|0|0|0|00
DBG|1|0|0a|2|01|03|01|00|xx|xx|1|0|0|0|00
DBG|1|0|0b|c|01|03|01|00|xx|xx|1|0|0|0|00
DBG|1|0|0d|a|01|03|01|00|xx|xx|1|0|0|0|00
DBG|1|0|0f|c|02|03|01|00|xx|xx|1|0|0|0|00
DBG|1|0|11|b|02|02|01|00|xx|xx|1|0|0|0|00
DBG|1|0|13|1|01|02|01|00|xx|xx|1|0|0|0|00
DBG|1|0|14|e|ff|02|01|00|xx|xx|1|0|0|0|00
DBG|1|0|04|a|ff|02|01|00|xx|xx|1|0|0|0|00
DBG|1|0|06|c|03|02|01|00|xx|xx|1|0|0|0|00
DBG|1|0|08|b|03|03|01|00|xx|xx|1|0|0|0|00
DBG|1|0|0a|2|01|03|01|00|xx|xx|1|0|0|0|00
DBG|1|0|0b|c|01|03|01|00|xx|xx|1|0|0|0|00
DBG|1|0|0d|a|01|03|01|00|xx|xx|1|0|0|0|00
DBG|1|0|0f|c|02|03|01|00|xx|xx|1|0|0|0|00
DBG|1|0|11|b|02|02|01|00|xx|xx|1|0|0|0|00
DBG|1|0|13|1|01|02|01|00|xx|xx|1|0|0|0|00
DBG|1|0|14|e|ff|02|01|00|xx|xx|1|0|0|0|00
DBG|1|0|04|a|ff|02|01|00|xx|xx|1|0|0|0|00
DBG|1|0|06|c|03|02|01|00|xx|xx|1|0|0|0|00
DBG|1|0|08|b|03|03|01|00|xx|xx|1|0|0|0|00
DBG|1|0|0a|2|01|03|01|00|xx|xx|1|0|0|0|00
DBG|1|0|0b|c|01|03|01|00|xx|xx|1|0|0|0|00
DBG|1|0|0d|a|01|03|01|00|xx|xx|1|0|0|0|00
DBG|1|0|0f|c|02|03|01|00|xx|xx|1|0|0|0|00
DBG|1|0|11|b|02|02|01|00|xx|xx|1|0|0|0|00
DBG|1|0|13|1|01|02|01|00|xx|xx|1|0|0|0|00
DBG|1|0|14|e|ff|02|01|00|xx|xx|1|0|0|0|00
DBG|1|0|04|a|ff|02|01|00|xx|xx|1|0|0|0|00
DBG|1|0|06|c|03|02|01|00|xx|xx|1|0|0|0|00
DBG|1|0|08|b|03|03|01|00|xx|xx|1|0|0|0|00
DBG|1|0|0a|2|01|03|01|00|xx|xx|1|0|0|0|00
DBG|1|0|0b|c|01|03|01|00|xx|xx|1|0|0|0|00
DBG|1|0|0d|a|01|03|01|00|xx|xx|1|0|0|0|00
DBG|1|0|0f|c|02|03|01|00|xx|xx|1|0|0|0|00
DBG|1|0|11|b|02|02|01|00|xx|xx|1|0|0|0|00
DBG|1|0|13|1|01|02|01|00|xx|xx|1|0|0|0|00
DBG|1|0|14|e|ff|02|01|00|xx|xx|1|0|0|0|00
DBG|1|0|04|a|ff|02|01|00|xx|xx|1|0|0|0|00
DBG|1|0|06|c|03|02|01|00|xx|xx|1|0|0|0|00
DBG|1|0|08|b|03|03|01|00|xx|xx|1|0|0|0|00
DBG|1|0|0a|2|01|03|01|00|xx|xx|1|0|0|0|00
DBG|1|0|0b|c|01|03|01|00|xx|xx|1|0|0|0|00
DBG|1|0|0d|a|01|03|01|00|xx|xx|1|0|0|0|00
DBG|1|0|0f|c|02|03|01|00|xx|xx|1|0|0|0|00
DBG|1|0|11|b|02|02|01|00|xx|xx|1|0|0|0|00
DBG|1|0|13|1|01|02|01|00|xx|xx|1|0|0|0|00
DBG|1|0|14|e|ff|02|01|00|xx|xx|1|0|0|0|00
DBG|1|0|04|a|ff|02|01|00|xx|xx|1|0|0|0|00
DBG|1|0|06|c|03|02|01|00|xx|xx|1|0|0|0|00
DBG|1|0|08|b|03|03|01|00|xx|xx|1|0|0|0|00
DBG|1|0|0a|2|01|03|01|00|xx|xx|1|0|0|0|00
DBG|1|0|0b|c|01|03|01|00|xx|xx|1|0|0|0|00
DBG|1|0|0d|a|01|03|01|00|xx|xx|1|0|0|0|00
DBG|1|0|0f|c|02|03|01|00|xx|xx|1|0|0|0|00
DBG|1|0|11|b|02|02|01|00|xx|xx|1|0|0|0|00
DBG|1|0|13|1|01|02|01|00|xx|xx|1|0|0|0|00
DBG|1|0|14|e|ff|02|01|00|xx|xx|1|0|0|0|00
DBG|1|0|04|a|ff|02|01|00|xx|xx|1|0|0|0|00
DBG|1|0|06|c|03|02|01|00|xx|xx|1|0|0|0|00
DBG|1|0|08|b|03|03|01|00|xx|xx|1|0|0|0|00
DBG|1|0|0a|2|01|03|01|00|xx|xx|1|0|0|0|00
DBG|1|0|0b|c|01|03|01|00|xx|xx|1|0|0|0|00
DBG|1|0|0d|a|01|03|01|00|xx|xx|1|0|0|0|00
DBG|1|0|0f|c|02|03|01|00|xx|xx|1|0|0|0|00
DBG|1|0|11|b|02|02|01|00|xx|xx|1|0|0|0|00
DBG|1|0|13|1|01|02|01|00|xx|xx|1|0|0|0|00
DBG|1|0|14|e|ff|02|01|00|xx|xx|1|0|0|0|00
DBG|1|0|04|a|ff|02|01|00|xx|xx|1|0|0|0|00
DBG|1|0|06|c|03|02|01|00|xx|xx|1|0|0|0|00
DBG|1|0|08|b|03|03|01|00|xx|xx|1|0|0|0|00
DBG|1|0|0a|2|01|03|01|00|xx|xx|1|0|0|0|00
DBG|1|0|0b|c|01|03|01|00|xx|xx|1|0|0|0|00
DBG|1|0|0d|a|01|03|01|00|xx|xx|1|0|0|0|00
DBG|1|0|0f|c|02|03|01|00|xx|xx|1|0|0|0|00
DBG|1|0|11|b|02|02|01|00|xx|xx|1|0|0|0|00
DBG|1|0|13|1|01|02|01|00|xx|xx|1|0|0|0|00
DBG|1|0|14|e|ff|02|01|00|xx|xx|1|0|0|0|00
DBG|1|0|04|a|ff|02|01|00|xx|xx|1|0|0|0|00
DBG|1|0|06|c|03|02|01|00|xx|xx|1|0|0|0|00
DBG|1|0|08|b|03|03|01|00|xx|xx|1|0|0|0|00
DBG|1|0|0a|2|01|03|01|00|xx|xx|1|0|0|0|00
DBG|1|0|0b|c|01|03|01|00|xx|xx|1|0|0|0|00
DBG|1|0|0d|a|01|03|01|00|xx|xx|1|0|0|0|00
DBG|1|0|0f|c|02|03|01|00|xx|xx|1|0|0|0|00
DBG|1|0|11|b|02|02|01|00|xx|xx|1|0|0|0|00
DBG|1|0|13|1|01|02|01|00|xx|xx|1|0|0|0|00
DBG|1|0|14|e|ff|02|01|00|xx|xx|1|0|0|0|00
DBG|1|0|04|a|ff|02|01|00|xx|xx|1|0|0|0|00
DBG|1|0|06|c|03|02|01|00|xx|xx|1|0|0|0|00
DBG|1|0|08|b|03|03|01|00|xx|xx|1|0|0|0|00
DBG|1|0|0a|2|01|03|01|00|xx|xx|1|0|0|0|00
DBG|1|0|0b|c|01|03|01|00|xx|xx|1|0|0|0|00
DBG|1|0|0d|a|01|03|01|00|xx|xx|1|0|0|0|00
DBG|1|0|0f|c|02|03|01|00|xx|xx|1|0|0|0|00
DBG|1|0|11|b|02|02|01|00|xx|xx|1|0|0|0|00
DBG|1|0|13|1|01|02|01|00|xx|xx|1|0|0|0|00
DBG|1|0|14|e|ff|02|01|00|xx|xx|1|0|0|0|00
DBG|1|0|04|a|ff|02|01|00|xx|xx|1|0|0|0|00
DBG|1|0|06|c|03|02|01|00|xx|xx|1|0|0|0|00
DBG|1|0|08|b|03|03|01|00|xx|xx|1|0|0|0|00
DBG|1|0|0a|2|01|03|01|00|xx|xx|1|0|0|0|00
DBG|1|0|0b|c|01|03|01|00|xx|xx|1|0|0|0|00
DBG|1|0|0d|a|01|03|01|00|xx|xx|1|0|0|0|00
DBG|1|0|0f|c|02|03|01|00|xx|xx|1|0|0|0|00
DBG|1|0|11|b|02|02|01|00|xx|xx|1|0|0|0|00
DBG|1|0|13|1|01|02|01|00|xx|xx|1|0|0|0|00
DBG|1|0|14|e|ff|02|01|00|xx|xx|1|0|0|0|00
DBG|1|0|04|a|ff|02|01|00|xx|xx|1|0|0|0|00
DBG|1|0|06|c|03|02|01|00|xx|xx|1|0|0|0|00
DBG|1|0|08|b|03|03|01|00|xx|xx|1|0|0|0|00
DBG|1|0|0a|2|01|03|01|00|xx|xx|1|0|0|0|00
DBG|1|0|0b|c|01|03|01|00|xx|xx|1|0|0|0|00
DBG|1|0|0d|a|01|03|01|00|xx|xx|1|0|0|0|00
DBG|1|0|0f|c|02|03|01|00|xx|xx|1|0|0|0|00
DBG|1|0|11|b|02|02|01|00|xx|xx|1|0|0|0|00
DBG|1|0|13|1|01|02|01|00|xx|xx|1|0|0|0|00
DBG|1|0|14|e|ff|02|01|00|xx|xx|1|0|0|0|00
DBG|1|0|04|a|ff|02|01|00|xx|xx|1|0|0|0|00
DBG|1|0|06|c|03|02|01|00|xx|xx|1|0|0|0|00
DBG|1|0|08|b|03|03|01|00|xx|xx|1|0|0|0|00
DBG|1|0|0a|2|01|03|01|00|xx|xx|1|0|0|0|00
DBG|1|0|0b|c|01|03|01|00|xx|xx|1|0|0|0|00
DBG|1|0|0d|a|01|03|01|00|xx|xx|1|0|0|0|00
DBG|1|0|0f|c|02|03|01|00|xx|xx|1|0|0|0|00
DBG|1|0|11|b|02|02|01|00|xx|xx|1|0|0|0|00
DBG|1|0|13|1|01|02|01|00|xx|xx|1|0|0|0|00
DBG|1|0|14|e|ff|02|01|00|xx|xx|1|0|0|0|00
DBG|1|0|04|a|ff|02|01|00|xx|xx|1|0|0|0|00
DBG|1|0|06|c|03|02|01|00|xx|xx|1|0|0|0|00
DBG|1|0|08|b|03|03|01|00|xx|xx|1|0|0|0|00
DBG|1|0|0a|2|01|03|01|00|xx|xx|1|0|0|0|00
DBG|1|0|0b|c|01|03|01|00|xx|xx|1|0|0|0|00
DBG|1|0|0d|a|01|03|01|00|xx|xx|1|0|0|0|00
DBG|1|0|0f|c|02|03|01|00|xx|xx|1|0|0|0|00
DBG|1|0|11|b|02|02|01|00|xx|xx|1|0|0|0|00
DBG|1|0|13|1|01|02|01|00|xx|xx|1|0|0|0|00
DBG|1|0|14|e|ff|02|01|00|xx|xx|1|0|0|0|00
DBG|1|0|04|a|ff|02|01|00|xx|xx|1|0|0|0|00
DBG|1|0|06|c|03|02|01|00|xx|xx|1|0|0|0|00
DBG|1|0|08|b|03|03|01|00|xx|xx|1|0|0|0|00
DBG|1|0|0a|2|01|03|01|00|xx|xx|1|0|0|0|00
DBG|1|0|0b|c|01|03|01|00|xx|xx|1|0|0|0|00
DBG|1|0|0d|a|01|03|01|00|xx|xx|1|0|0|0|00
DBG|1|0|0f|c|02|03|01|00|xx|xx|1|0|0|0|00
DBG|1|0|11|b|02|02|01|00|xx|xx|1|0|0|0|00
DBG|1|0|13|1|01|02|01|00|xx|xx|1|0|0|0|00
DBG|1|0|14|e|ff|02|01|00|xx|xx|1|0|0|0|00
DBG|1|0|04|a|ff|02|01|00|xx|xx|1|0|0|0|00
DBG|1|0|06|c|03|02|01|00|xx|xx|1|0|0|0|00
DBG|1|0|08|b|03|03|01|00|xx|xx|1|0|0|0|00
DBG|1|0|0a|2|01|03|01|00|xx|xx|1|0|0|0|00
DBG|1|0|0b|c|01|03|01|00|xx|xx|1|0|0|0|00
DBG|1|0|0d|a|01|03|01|00|xx|xx|1|0|0|0|00
DBG|1|0|0f|c|02|03|01|00|xx|xx|1|0|0|0|00
DBG|1|0|11|b|02|02|01|00|xx|xx|1|0|0|0|00
DBG|1|0|13|1|01|02|01|00|xx|xx|1|0|0|0|00
DBG|1|0|14|e|ff|02|01|00|xx|xx|1|0|0|0|00
DBG|1|0|04|a|ff|02|01|00|xx|xx|1|0|0|0|00
DBG|1|0|06|c|03|02|01|00|xx|xx|1|0|0|0|00
DBG|1|0|08|b|03|03|01|00|xx|xx|1|0|0|0|00
DBG|1|0|0a|2|01|03|01|00|xx|xx|1|0|0|0|00
DBG|1|0|0b|c|01|03|01|00|xx|xx|1|0|0|0|00
DBG|1|0|0d|a|01|03|01|00|xx|xx|1|0|0|0|00
DBG|1|0|0f|c|02|03|01|00|xx|xx|1|0|0|0|00
DBG|1|0|11|b|02|02|01|00|xx|xx|1|0|0|0|00
DBG|1|0|13|1|01|02|01|00|xx|xx|1|0|0|0|00
DBG|1|0|14|e|ff|02|01|00|xx|xx|1|0|0|0|00
DBG|1|0|04|a|ff|02|01|00|xx|xx|1|0|0|0|00
DBG|1|0|06|c|03|02|01|00|xx|xx|1|0|0|0|00
DBG|1|0|08|b|03|03|01|00|xx|xx|1|0|0|0|00
DBG|1|0|0a|2|01|03|01|00|xx|xx|1|0|0|0|00
DBG|1|0|0b|c|01|03|01|00|xx|xx|1|0|0|0|00
DBG|1|0|0d|a|01|03|01|00|xx|xx|1|0|0|0|00
DBG|1|0|0f|c|02|03|01|00|xx|xx|1|0|0|0|00
DBG|1|0|11|b|02|02|01|00|xx|xx|1|0|0|0|00
DBG|1|0|13|1|01|02|01|00|xx|xx|1|0|0|0|00
DBG|1|0|14|e|ff|02|01|00|xx|xx|1|0|0|0|00
DBG|1|0|04|a|ff|02|01|00|xx|xx|1|0|0|0|00
DBG|1|0|06|c|03|02|01|00|xx|xx|1|0|0|0|00
DBG|1|0|08|b|03|03|01|00|xx|xx|1|0|0|0|00
DBG|1|0|0a|2|01|03|01|00|xx|xx|1|0|0|0|00
DBG|1|0|0b|c|01|03|01|00|xx|xx|1|0|0|0|00
DBG|1|0|0d|a|01|03|01|00|xx|xx|1|0|0|0|00
DBG|1|0|0f|c|02|03|01|00|xx|xx|1|0|0|0|00
DBG|1|0|11|b|02|02|01|00|xx|xx|1|0|0|0|00
DBG|1|0|13|1|01|02|01|00|xx|xx|1|0|0|0|00
DBG|1|0|14|e|ff|02|01|00|xx|xx|1|0|0|0|00
DBG|1|0|04|a|ff|02|01|00|xx|xx|1|0|0|0|00
DBG|1|0|06|c|03|02|01|00|xx|xx|1|0|0|0|00
DBG|1|0|08|b|03|03|01|00|xx|xx|1|0|0|0|00
DBG|1|0|0a|2|01|03|01|00|xx|xx|1|0|0|0|00
DBG|1|0|0b|c|01|03|01|00|xx|xx|1|0|0|0|00
DBG|1|0|0d|a|01|03|01|00|xx|xx|1|0|0|0|00
DBG|1|0|0f|c|02|03|01|00|xx|xx|1|0|0|0|00
DBG|1|0|11|b|02|02|01|00|xx|xx|1|0|0|0|00
DBG|1|0|13|1|01|02|01|00|xx|xx|1|0|0|0|00
DBG|1|0|14|e|ff|02|01|00|xx|xx|1|0|0|0|00
DBG|1|0|04|a|ff|02|01|00|xx|xx|1|0|0|0|00
DBG|1|0|06|c|03|02|01|00|xx|xx|1|0|0|0|00
DBG|1|0|08|b|03|03|01|00|xx|xx|1|0|0|0|00
DBG|1|0|0a|2|01|03|01|00|xx|xx|1|0|0|0|00
DBG|1|0|0b|c|01|03|01|00|xx|xx|1|0|0|0|00
DBG|1|0|0d|a|01|03|01|00|xx|xx|1|0|0|0|00
DBG|1|0|0f|c|02|03|01|00|xx|xx|1|0|0|0|00
DBG|1|0|11|b|02|02|01|00|xx|xx|1|0|0|0|00
DBG|1|0|13|1|01|02|01|00|xx|xx|1|0|0|0|00
DBG|1|0|14|e|ff|02|01|00|xx|xx|1|0|0|0|00
DBG|1|0|04|a|ff|02|01|00|xx|xx|1|0|0|0|00
DBG|1|0|06|c|03|02|01|00|xx|xx|1|0|0|0|00
DBG|1|0|08|b|03|03|01|00|xx|xx|1|0|0|0|00
DBG|1|0|0a|2|01|03|01|00|xx|xx|1|0|0|0|00
DBG|1|0|0b|c|01|03|01|00|xx|xx|1|0|0|0|00
DBG|1|0|0d|a|01|03|01|00|xx|xx|1|0|0|0|00
DBG|1|0|0f|c|02|03|01|00|xx|xx|1|0|0|0|00
DBG|1|0|11|b|02|02|01|00|xx|xx|1|0|0|0|00
DBG|1|0|13|1|01|02|01|00|xx|xx|1|0|0|0|00
DBG|1|0|14|e|ff|02|01|00|xx|xx|1|0|0|0|00
DBG|1|0|04|a|ff|02|01|00|xx|xx|1|0|0|0|00
DBG|1|0|06|c|03|02|01|00|xx|xx|1|0|0|0|00
DBG|1|0|08|b|03|03|01|00|xx|xx|1|0|0|0|00
DBG|1|0|0a|2|01|03|01|00|xx|xx|1|0|0|0|00
DBG|1|0|0b|c|01|03|01|00|xx|xx|1|0|0|0|00
DBG|1|0|0d|a|01|03|01|00|xx|xx|1|0|0|0|00
DBG|1|0|0f|c|02|03|01|00|xx|xx|1|0|0|0|00
DBG|1|0|11|b|02|02|01|00|xx|xx|1|0|0|0|00
DBG|1|0|13|1|01|02|01|00|xx|xx|1|0|0|0|00
DBG|1|0|14|e|ff|02|01|00|xx|xx|1|0|0|0|00
DBG|1|0|04|a|ff|02|01|00|xx|xx|1|0|0|0|00
DBG|1|0|06|c|03|02|01|00|xx|xx|1|0|0|0|00
DBG|1|0|08|b|03|03|01|00|xx|xx|1|0|0|0|00
DBG|1|0|0a|2|01|03|01|00|xx|xx|1|0|0|0|00
DBG|1|0|0b|c|01|03|01|00|xx|xx|1|0|0|0|00
DBG|1|0|0d|a|01|03|01|00|xx|xx|1|0|0|0|00
DBG|1|0|0f|c|02|03|01|00|xx|xx|1|0|0|0|00
DBG|1|0|11|b|02|02|01|00|xx|xx|1|0|0|0|00
DBG|1|0|13|1|01|02|01|00|xx|xx|1|0|0|0|00
DBG|1|0|14|e|ff|02|01|00|xx|xx|1|0|0|0|00
DBG|1|0|04|a|ff|02|01|00|xx|xx|1|0|0|0|00
DBG|1|0|06|c|03|02|01|00|xx|xx|1|0|0|0|00
DBG|1|0|08|b|03|03|01|00|xx|xx|1|0|0|0|00
DBG|1|0|0a|2|01|03|01|00|xx|xx|1|0|0|0|00
DBG|1|0|0b|c|01|03|01|00|xx|xx|1|0|0|0|00
DBG|1|0|0d|a|01|03|01|00|xx|xx|1|0|0|0|00
DBG|1|0|0f|c|02|03|01|00|xx|xx|1|0|0|0|00
DBG|1|0|11|b|02|02|01|00|xx|xx|1|0|0|0|00
DBG|1|0|13|1|01|02|01|00|xx|xx|1|0|0|0|00
DBG|1|0|14|e|ff|02|01|00|xx|xx|1|0|0|0|00
DBG|1|0|04|a|ff|02|01|00|xx|xx|1|0|0|0|00
DBG|1|0|06|c|03|02|01|00|xx|xx|1|0|0|0|00
DBG|1|0|08|b|03|03|01|00|xx|xx|1|0|0|0|00
DBG|1|0|0a|2|01|03|01|00|xx|xx|1|0|0|0|00
DBG|1|0|0b|c|01|03|01|00|xx|xx|1|0|0|0|00
DBG|1|0|0d|a|01|03|01|00|xx|xx|1|0|0|0|00
DBG|1|0|0f|c|02|03|01|00|xx|xx|1|0|0|0|00
DBG|1|0|11|b|02|02|01|00|xx|xx|1|0|0|0|00
DBG|1|0|13|1|01|02|01|00|xx|xx|1|0|0|0|00
DBG|1|0|14|e|ff|02|01|00|xx|xx|1|0|0|0|00
DBG|1|0|04|a|ff|02|01|00|xx|xx|1|0|0|0|00
DBG|1|0|06|c|03|02|01|00|xx|xx|1|0|0|0|00
DBG|1|0|08|b|03|03|01|00|xx|xx|1|0|0|0|00
DBG|1|0|0a|2|01|03|01|00|xx|xx|1|0|0|0|00
DBG|1|0|0b|c|01|03|01|00|xx|xx|1|0|0|0|00
DBG|1|0|0d|a|01|03|01|00|xx|xx|1|0|0|0|00
DBG|1|0|0f|c|02|03|01|00|xx|xx|1|0|0|0|00
DBG|1|0|11|b|02|02|01|00|xx|xx|1|0|0|0|00
DBG|1|0|13|1|01|02|01|00|xx|xx|1|0|0|0|00
DBG|1|0|14|e|ff|02|01|00|xx|xx|1|0|0|0|00
DBG|1|0|04|a|ff|02|01|00|xx|xx|1|0|0|0|00
DBG|1|0|06|c|03|02|01|00|xx|xx|1|0|0|0|00
DBG|1|0|08|b|03|03|01|00|xx|xx|1|0|0|0|00
DBG|1|0|0a|2|01|03|01|00|xx|xx|1|0|0|0|00
DBG|1|0|0b|c|01|03|01|00|xx|xx|1|0|0|0|00
DBG|1|0|0d|a|01|03|01|00|xx|xx|1|0|0|0|00
DBG|1|0|0f|c|02|03|01|00|xx|xx|1|0|0|0|00
DBG|1|0|11|b|02|02|01|00|xx|xx|1|0|0|0|00
DBG|1|0|13|1|01|02|01|00|xx|xx|1|0|0|0|00
DBG|1|0|14|e|ff|02|01|00|xx|xx|1|0|0|0|00
DBG|1|0|04|a|ff|02|01|00|xx|xx|1|0|0|0|00
DBG|1|0|06|c|03|02|01|00|xx|xx|1|0|0|0|00
DBG|1|0|08|b|03|03|01|00|xx|xx|1|0|0|0|00
DBG|1|0|0a|2|01|03|01|00|xx|xx|1|0|0|0|00
DBG|1|0|0b|c|01|03|01|00|xx|xx|1|0|0|0|00
DBG|1|0|0d|a|01|03|01|00|xx|xx|1|0|0|0|00
DBG|1|0|0f|c|02|03|01|00|xx|xx|1|0|0|0|00
DBG|1|0|11|b|02|02|01|00|xx|xx|1|0|0|0|00
DBG|1|0|13|1|01|02|01|00|xx|xx|1|0|0|0|00
DBG|1|0|14|e|ff|02|01|00|xx|xx|1|0|0|0|00
DBG|1|0|04|a|ff|02|01|00|xx|xx|1|0|0|0|00
DBG|1|0|06|c|03|02|01|00|xx|xx|1|0|0|0|00
DBG|1|0|08|b|03|03|01|00|xx|xx|1|0|0|0|00
DBG|1|0|0a|2|01|03|01|00|xx|xx|1|0|0|0|00
DBG|1|0|0b|c|01|03|01|00|xx|xx|1|0|0|0|00
DBG|1|0|0d|a|01|03|01|00|xx|xx|1|0|0|0|00
DBG|1|0|0f|c|02|03|01|00|xx|xx|1|0|0|0|00
DBG|1|0|11|b|02|02|01|00|xx|xx|1|0|0|0|00
DBG|1|0|13|1|01|02|01|00|xx|xx|1|0|0|0|00
DBG|1|0|14|e|ff|02|01|00|xx|xx|1|0|0|0|00
DBG|1|0|04|a|ff|02|01|00|xx|xx|1|0|0|0|00
DBG|1|0|06|c|03|02|01|00|xx|xx|1|0|0|0|00
DBG|1|0|08|b|03|03|01|00|xx|xx|1|0|0|0|00
DBG|1|0|0a|2|01|03|01|00|xx|xx|1|0|0|0|00
DBG|1|0|0b|c|01|03|01|00|xx|xx|1|0|0|0|00
DBG|1|0|0d|a|01|03|01|00|xx|xx|1|0|0|0|00
DBG|1|0|0f|c|02|03|01|00|xx|xx|1|0|0|0|00
DBG|1|0|11|b|02|02|01|00|xx|xx|1|0|0|0|00
DBG|1|0|13|1|01|02|01|00|xx|xx|1|0|0|0|00
DBG|1|0|14|e|ff|02|01|00|xx|xx|1|0|0|0|00
DBG|1|0|04|a|ff|02|01|00|xx|xx|1|0|0|0|00
DBG|1|0|06|c|03|02|01|00|xx|xx|1|0|0|0|00
DBG|1|0|08|b|03|03|01|00|xx|xx|1|0|0|0|00
DBG|1|0|0a|2|01|03|01|00|xx|xx|1|0|0|0|00
DBG|1|0|0b|c|01|03|01|00|xx|xx|1|0|0|0|00
DBG|1|0|0d|a|01|03|01|00|xx|xx|1|0|0|0|00
DBG|1|0|0f|c|02|03|01|00|xx|xx|1|0|0|0|00
DBG|1|0|11|b|02|02|01|00|xx|xx|1|0|0|0|00
DBG|1|0|13|1|01|02|01|00|xx|xx|1|0|0|0|00
DBG|1|0|14|e|ff|02|01|00|xx|xx|1|0|0|0|00
DBG|1|0|04|a|ff|02|01|00|xx|xx|1|0|0|0|00
DBG|1|0|06|c|03|02|01|00|xx|xx|1|0|0|0|00
DBG|1|0|08|b|03|03|01|00|xx|xx|1|0|0|0|00
DBG|1|0|0a|2|01|03|01|00|xx|xx|1|0|0|0|00
DBG|1|0|0b|c|01|03|01|00|xx|xx|1|0|0|0|00
DBG|1|0|0d|a|01|03|01|00|xx|xx|1|0|0|0|00
DBG|1|0|0f|c|02|03|01|00|xx|xx|1|0|0|0|00
DBG|1|0|11|b|02|02|01|00|xx|xx|1|0|0|0|00
DBG|1|0|13|1|01|02|01|00|xx|xx|1|0|0|0|00
DBG|1|0|14|e|ff|02|01|00|xx|xx|1|0|0|0|00
DBG|1|0|04|a|ff|02|01|00|xx|xx|1|0|0|0|00
DBG|1|0|06|c|03|02|01|00|xx|xx|1|0|0|0|00
DBG|1|0|08|b|03|03|01|00|xx|xx|1|0|0|0|00
DBG|1|0|0a|2|01|03|01|00|xx|xx|1|0|0|0|00
DBG|1|0|0b|c|01|03|01|00|xx|xx|1|0|0|0|00
DBG|1|0|0d|a|01|03|01|00|xx|xx|1|0|0|0|00
DBG|1|0|0f|c|02|03|01|00|xx|xx|1|0|0|0|00
DBG|1|0|11|b|02|02|01|00|xx|xx|1|0|0|0|00
DBG|1|0|13|1|01|02|01|00|xx|xx|1|0|0|0|00
DBG|1|0|14|e|ff|02|01|00|xx|xx|1|0|0|0|00
DBG|1|0|04|a|ff|02|01|00|xx|xx|1|0|0|0|00
DBG|1|0|06|c|03|02|01|00|xx|xx|1|0|0|0|00
DBG|1|0|08|b|03|03|01|00|xx|xx|1|0|0|0|00
DBG|1|0|0a|2|01|03|01|00|xx|xx|1|0|0|0|00
DBG|1|0|0b|c|01|03|01|00|xx|xx|1|0|0|0|00
DBG|1|0|0d|a|01|03|01|00|xx|xx|1|0|0|0|00
DBG|1|0|0f|c|02|03|01|00|xx|xx|1|0|0|0|00
DBG|1|0|11|b|02|02|01|00|xx|xx|1|0|0|0|00
DBG|1|0|13|1|01|02|01|00|xx|xx|1|0|0|0|00
DBG|1|0|14|e|ff|02|01|00|xx|xx|1|0|0|0|00
DBG|1|0|04|a|ff|02|01|00|xx|xx|1|0|0|0|00
DBG|1|0|06|c|03|02|01|00|xx|xx|1|0|0|0|00
DBG|1|0|08|b|03|03|01|00|xx|xx|1|0|0|0|00
DBG|1|0|0a|2|01|03|01|00|xx|xx|1|0|0|0|00
DBG|1|0|0b|c|01|03|01|00|xx|xx|1|0|0|0|00
DBG|1|0|0d|a|01|03|01|00|xx|xx|1|0|0|0|00
DBG|1|0|0f|c|02|03|01|00|xx|xx|1|0|0|0|00
DBG|1|0|11|b|02|02|01|00|xx|xx|1|0|0|0|00
DBG|1|0|13|1|01|02|01|00|xx|xx|1|0|0|0|00
DBG|1|0|14|e|ff|02|01|00|xx|xx|1|0|0|0|00
DBG|1|0|04|a|ff|02|01|00|xx|xx|1|0|0|0|00
DBG|1|0|06|c|03|02|01|00|xx|xx|1|0|0|0|00
DBG|1|0|08|b|03|03|01|00|xx|xx|1|0|0|0|00
DBG|1|0|0a|2|01|03|01|00|xx|xx|1|0|0|0|00
DBG|1|0|0b|c|01|03|01|00|xx|xx|1|0|0|0|00
DBG|1|0|0d|a|01|03|01|00|xx|xx|1|0|0|0|00
DBG|1|0|0f|c|02|03|01|00|xx|xx|1|0|0|0|00
DBG|1|0|11|b|02|02|01|00|xx|xx|1|0|0|0|00
DBG|1|0|13|1|01|02|01|00|xx|xx|1|0|0|0|00
DBG|1|0|14|e|ff|02|01|00|xx|xx|1|0|0|0|00
DBG|1|0|04|a|ff|02|01|00|xx|xx|1|0|0|0|00
DBG|1|0|06|c|03|02|01|00|xx|xx|1|0|0|0|00
DBG|1|0|08|b|03|03|01|00|xx|xx|1|0|0|0|00
DBG|1|0|0a|2|01|03|01|00|xx|xx|1|0|0|0|00
DBG|1|0|0b|c|01|03|01|00|xx|xx|1|0|0|0|00
DBG|1|0|0d|a|01|03|01|00|xx|xx|1|0|0|0|00
DBG|1|0|0f|c|02|03|01|00|xx|xx|1|0|0|0|00
DBG|1|0|11|b|02|02|01|00|xx|xx|1|0|0|0|00
DBG|1|0|13|1|01|02|01|00|xx|xx|1|0|0|0|00
DBG|1|0|14|e|ff|02|01|00|xx|xx|1|0|0|0|00
DBG|1|0|04|a|ff|02|01|00|xx|xx|1|0|0|0|00
DBG|1|0|06|c|03|02|01|00|xx|xx|1|0|0|0|00
DBG|1|0|08|b|03|03|01|00|xx|xx|1|0|0|0|00
DBG|1|0|0a|2|01|03|01|00|xx|xx|1|0|0|0|00
DBG|1|0|0b|c|01|03|01|00|xx|xx|1|0|0|0|00
DBG|1|0|0d|a|01|03|01|00|xx|xx|1|0|0|0|00
DBG|1|0|0f|c|02|03|01|00|xx|xx|1|0|0|0|00
DBG|1|0|11|b|02|02|01|00|xx|xx|1|0|0|0|00
DBG|1|0|13|1|01|02|01|00|xx|xx|1|0|0|0|00
DBG|1|0|14|e|ff|02|01|00|xx|xx|1|0|0|0|00
DBG|1|0|04|a|ff|02|01|00|xx|xx|1|0|0|0|00
DBG|1|0|06|c|03|02|01|00|xx|xx|1|0|0|0|00
DBG|1|0|08|b|03|03|01|00|xx|xx|1|0|0|0|00
DBG|1|0|0a|2|01|03|01|00|xx|xx|1|0|0|0|00
DBG|1|0|0b|c|01|03|01|00|xx|xx|1|0|0|0|00
DBG|1|0|0d|a|01|03|01|00|xx|xx|1|0|0|0|00
DBG|1|0|0f|c|02|03|01|00|xx|xx|1|0|0|0|00
DBG|1|0|11|b|02|02|01|00|xx|xx|1|0|0|0|00
DBG|1|0|13|1|01|02|01|00|xx|xx|1|0|0|0|00
DBG|1|0|14|e|ff|02|01|00|xx|xx|1|0|0|0|00
DBG|1|0|04|a|ff|02|01|00|xx|xx|1|0|0|0|00
DBG|1|0|06|c|03|02|01|00|xx|xx|1|0|0|0|00
DBG|1|0|08|b|03|03|01|00|xx|xx|1|0|0|0|00
DBG|1|0|0a|2|01|03|01|00|xx|xx|1|0|0|0|00
DBG|1|0|0b|c|01|03|01|00|xx|xx|1|0|0|0|00
DBG|1|0|0d|a|01|03|01|00|xx|xx|1|0|0|0|00
DBG|1|0|0f|c|02|03|01|00|xx|xx|1|0|0|0|00
DBG|1|0|11|b|02|02|01|00|xx|xx|1|0|0|0|00
DBG|1|0|13|1|01|02|01|00|xx|xx|1|0|0|0|00
DBG|1|0|14|e|ff|02|01|00|xx|xx|1|0|0|0|00
DBG|1|0|04|a|ff|02|01|00|xx|xx|1|0|0|0|00
DBG|1|0|06|c|03|02|01|00|xx|xx|1|0|0|0|00
DBG|1|0|08|b|03|03|01|00|xx|xx|1|0|0|0|00
DBG|1|0|0a|2|01|03|01|00|xx|xx|1|0|0|0|00
DBG|1|0|0b|c|01|03|01|00|xx|xx|1|0|0|0|00
DBG|1|0|0d|a|01|03|01|00|xx|xx|1|0|0|0|00
DBG|1|0|0f|c|02|03|01|00|xx|xx|1|0|0|0|00
DBG|1|0|11|b|02|02|01|00|xx|xx|1|0|0|0|00
DBG|1|0|13|1|01|02|01|00|xx|xx|1|0|0|0|00
DBG|1|0|14|e|ff|02|01|00|xx|xx|1|0|0|0|00
DBG|1|0|04|a|ff|02|01|00|xx|xx|1|0|0|0|00
DBG|1|0|06|c|03|02|01|00|xx|xx|1|0|0|0|00
DBG|1|0|08|b|03|03|01|00|xx|xx|1|0|0|0|00
DBG|1|0|0a|2|01|03|01|00|xx|xx|1|0|0|0|00
DBG|1|0|0b|c|01|03|01|00|xx|xx|1|0|0|0|00
DBG|1|0|0d|a|01|03|01|00|xx|xx|1|0|0|0|00
DBG|1|0|0f|c|02|03|01|00|xx|xx|1|0|0|0|00
DBG|1|0|11|b|02|02|01|00|xx|xx|1|0|0|0|00
DBG|1|0|13|1|01|02|01|00|xx|xx|1|0|0|0|00
DBG|1|0|14|e|ff|02|01|00|xx|xx|1|0|0|0|00
DBG|1|0|04|a|ff|02|01|00|xx|xx|1|0|0|0|00
DBG|1|0|06|c|03|02|01|00|xx|xx|1|0|0|0|00
DBG|1|0|08|b|03|03|01|00|xx|xx|1|0|0|0|00
DBG|1|0|0a|2|01|03|01|00|xx|xx|1|0|0|0|00
DBG|1|0|0b|c|01|03|01|00|xx|xx|1|0|0|0|00
DBG|1|0|0d|a|01|03|01|00|xx|xx|1|0|0|0|00
DBG|1|0|0f|c|02|03|01|00|xx|xx|1|0|0|0|00
DBG|1|0|11|b|02|02|01|00|xx|xx|1|0|0|0|00
DBG|1|0|13|1|01|02|01|00|xx|xx|1|0|0|0|00
DBG|1|0|14|e|ff|02|01|00|xx|xx|1|0|0|0|00
DBG|1|0|04|a|ff|02|01|00|xx|xx|1|0|0|0|00
DBG|1|0|06|c|03|02|01|00|xx|xx|1|0|0|0|00
DBG|1|0|08|b|03|03|01|00|xx|xx|1|0|0|0|00
DBG|1|0|0a|2|01|03|01|00|xx|xx|1|0|0|0|00
DBG|1|0|0b|c|01|03|01|00|xx|xx|1|0|0|0|00
DBG|1|0|0d|a|01|03|01|00|xx|xx|1|0|0|0|00
DBG|1|0|0f|c|02|03|01|00|xx|xx|1|0|0|0|00
DBG|1|0|11|b|02|02|01|00|xx|xx|1|0|0|0|00
DBG|1|0|13|1|01|02|01|00|xx|xx|1|0|0|0|00
DBG|1|0|14|e|ff|02|01|00|xx|xx|1|0|0|0|00
DBG|1|0|04|a|ff|02|01|00|xx|xx|1|0|0|0|00
DBG|1|0|06|c|03|02|01|00|xx|xx|1|0|0|0|00
DBG|1|0|08|b|03|03|01|00|xx|xx|1|0|0|0|00
DBG|1|0|0a|2|01|03|01|00|xx|xx|1|0|0|0|00
DBG|1|0|0b|c|01|03|01|00|xx|xx|1|0|0|0|00
DBG|1|0|0d|a|01|03|01|00|xx|xx|1|0|0|0|00
DBG|1|0|0f|c|02|03|01|00|xx|xx|1|0|0|0|00
DBG|1|0|11|b|02|02|01|00|xx|xx|1|0|0|0|00
DBG|1|0|13|1|01|02|01|00|xx|xx|1|0|0|0|00
DBG|1|0|14|e|ff|02|01|00|xx|xx|1|0|0|0|00
DBG|1|0|04|a|ff|02|01|00|xx|xx|1|0|0|0|00
DBG|1|0|06|c|03|02|01|00|xx|xx|1|0|0|0|00
DBG|1|0|08|b|03|03|01|00|xx|xx|1|0|0|0|00
DBG|1|0|0a|2|01|03|01|00|xx|xx|1|0|0|0|00
DBG|1|0|0b|c|01|03|01|00|xx|xx|1|0|0|0|00
DBG|1|0|0d|a|01|03|01|00|xx|xx|1|0|0|0|00
DBG|1|0|0f|c|02|03|01|00|xx|xx|1|0|0|0|00
DBG|1|0|11|b|02|02|01|00|xx|xx|1|0|0|0|00
DBG|1|0|13|1|01|02|01|00|xx|xx|1|0|0|0|00
DBG|1|0|14|e|ff|02|01|00|xx|xx|1|0|0|0|00
DBG|1|0|04|a|ff|02|01|00|xx|xx|1|0|0|0|00
DBG|1|0|06|c|03|02|01|00|xx|xx|1|0|0|0|00
DBG|1|0|08|b|03|03|01|00|xx|xx|1|0|0|0|00
DBG|1|0|0a|2|01|03|01|00|xx|xx|1|0|0|0|00
DBG|1|0|0b|c|01|03|01|00|xx|xx|1|0|0|0|00
DBG|1|0|0d|a|01|03|01|00|xx|xx|1|0|0|0|00
DBG|1|0|0f|c|02|03|01|00|xx|xx|1|0|0|0|00
DBG|1|0|11|b|02|02|01|00|xx|xx|1|0|0|0|00
DBG|1|0|13|1|01|02|01|00|xx|xx|1|0|0|0|00
DBG|1|0|14|e|ff|02|01|00|xx|xx|1|0|0|0|00
DBG|1|0|04|a|ff|02|01|00|xx|xx|1|0|0|0|00
DBG|1|0|06|c|03|02|01|00|xx|xx|1|0|0|0|00
DBG|1|0|08|b|03|03|01|00|xx|xx|1|0|0|0|00
DBG|1|0|0a|2|01|03|01|00|xx|xx|1|0|0|0|00
DBG|1|0|0b|c|01|03|01|00|xx|xx|1|0|0|0|00
DBG|1|0|0d|a|01|03|01|00|xx|xx|1|0|0|0|00
DBG|1|0|0f|c|02|03|01|00|xx|xx|1|0|0|0|00
DBG|1|0|11|b|02|02|01|00|xx|xx|1|0|0|0|00
DBG|1|0|13|1|01|02|01|00|xx|xx|1|0|0|0|00
DBG|1|0|14|e|ff|02|01|00|xx|xx|1|0|0|0|00
DBG|1|0|04|a|ff|02|01|00|xx|xx|1|0|0|0|00
DBG|1|0|06|c|03|02|01|00|xx|xx|1|0|0|0|00
DBG|1|0|08|b|03|03|01|00|xx|xx|1|0|0|0|00
DBG|1|0|0a|2|01|03|01|00|xx|xx|1|0|0|0|00
DBG|1|0|0b|c|01|03|01|00|xx|xx|1|0|0|0|00
DBG|1|0|0d|a|01|03|01|00|xx|xx|1|0|0|0|00
DBG|1|0|0f|c|02|03|01|00|xx|xx|1|0|0|0|00
DBG|1|0|11|b|02|02|01|00|xx|xx|1|0|0|0|00
DBG|1|0|13|1|01|02|01|00|xx|xx|1|0|0|0|00
DBG|1|0|14|e|ff|02|01|00|xx|xx|1|0|0|0|00
DBG|1|0|04|a|ff|02|01|00|xx|xx|1|0|0|0|00
DBG|1|0|06|c|03|02|01|00|xx|xx|1|0|0|0|00
DBG|1|0|08|b|03|03|01|00|xx|xx|1|0|0|0|00
DBG|1|0|0a|2|01|03|01|00|xx|xx|1|0|0|0|00
DBG|1|0|0b|c|01|03|01|00|xx|xx|1|0|0|0|00
DBG|1|0|0d|a|01|03|01|00|xx|xx|1|0|0|0|00
DBG|1|0|0f|c|02|03|01|00|xx|xx|1|0|0|0|00
DBG|1|0|11|b|02|02|01|00|xx|xx|1|0|0|0|00
DBG|1|0|13|1|01|02|01|00|xx|xx|1|0|0|0|00
DBG|1|0|14|e|ff|02|01|00|xx|xx|1|0|0|0|00
DBG|1|0|04|a|ff|02|01|00|xx|xx|1|0|0|0|00
DBG|1|0|06|c|03|02|01|00|xx|xx|1|0|0|0|00
DBG|1|0|08|b|03|03|01|00|xx|xx|1|0|0|0|00
DBG|1|0|0a|2|01|03|01|00|xx|xx|1|0|0|0|00
DBG|1|0|0b|c|01|03|01|00|xx|xx|1|0|0|0|00
DBG|1|0|0d|a|01|03|01|00|xx|xx|1|0|0|0|00
DBG|1|0|0f|c|02|03|01|00|xx|xx|1|0|0|0|00
DBG|1|0|11|b|02|02|01|00|xx|xx|1|0|0|0|00
DBG|1|0|13|1|01|02|01|00|xx|xx|1|0|0|0|00
DBG|1|0|14|e|ff|02|01|00|xx|xx|1|0|0|0|00
DBG|1|0|04|a|ff|02|01|00|xx|xx|1|0|0|0|00
DBG|1|0|06|c|03|02|01|00|xx|xx|1|0|0|0|00
DBG|1|0|08|b|03|03|01|00|xx|xx|1|0|0|0|00
DBG|1|0|0a|2|01|03|01|00|xx|xx|1|0|0|0|00
DBG|1|0|0b|c|01|03|01|00|xx|xx|1|0|0|0|00
DBG|1|0|0d|a|01|03|01|00|xx|xx|1|0|0|0|00
DBG|1|0|0f|c|02|03|01|00|xx|xx|1|0|0|0|00
DBG|1|0|11|b|02|02|01|00|xx|xx|1|0|0|0|00
DBG|1|0|13|1|01|02|01|00|xx|xx|1|0|0|0|00
DBG|1|0|14|e|ff|02|01|00|xx|xx|1|0|0|0|00
DBG|1|0|04|a|ff|02|01|00|xx|xx|1|0|0|0|00
DBG|1|0|06|c|03|02|01|00|xx|xx|1|0|0|0|00
DBG|1|0|08|b|03|03|01|00|xx|xx|1|0|0|0|00
DBG|1|0|0a|2|01|03|01|00|xx|xx|1|0|0|0|00
DBG|1|0|0b|c|01|03|01|00|xx|xx|1|0|0|0|00
DBG|1|0|0d|a|01|03|01|00|xx|xx|1|0|0|0|00
DBG|1|0|0f|c|02|03|01|00|xx|xx|1|0|0|0|00
DBG|1|0|11|b|02|02|01|00|xx|xx|1|0|0|0|00
DBG|1|0|13|1|01|02|01|00|xx|xx|1|0|0|0|00
DBG|1|0|14|e|ff|02|01|00|xx|xx|1|0|0|0|00
DBG|1|0|04|a|ff|02|01|00|xx|xx|1|0|0|0|00
DBG|1|0|06|c|03|02|01|00|xx|xx|1|0|0|0|00
DBG|1|0|08|b|03|03|01|00|xx|xx|1|0|0|0|00
DBG|1|0|0a|2|01|03|01|00|xx|xx|1|0|0|0|00
DBG|1|0|0b|c|01|03|01|00|xx|xx|1|0|0|0|00
DBG|1|0|0d|a|01|03|01|00|xx|xx|1|0|0|0|00
DBG|1|0|0f|c|02|03|01|00|xx|xx|1|0|0|0|00
DBG|1|0|11|b|02|02|01|00|xx|xx|1|0|0|0|00
DBG|1|0|13|1|01|02|01|00|xx|xx|1|0|0|0|00
DBG|1|0|14|e|ff|02|01|00|xx|xx|1|0|0|0|00
DBG|1|0|04|a|ff|02|01|00|xx|xx|1|0|0|0|00
DBG|1|0|06|c|03|02|01|00|xx|xx|1|0|0|0|00
DBG|1|0|08|b|03|03|01|00|xx|xx|1|0|0|0|00
DBG|1|0|0a|2|01|03|01|00|xx|xx|1|0|0|0|00
DBG|1|0|0b|c|01|03|01|00|xx|xx|1|0|0|0|00
DBG|1|0|0d|a|01|03|01|00|xx|xx|1|0|0|0|00
DBG|1|0|0f|c|02|03|01|00|xx|xx|1|0|0|0|00
DBG|1|0|11|b|02|02|01|00|xx|xx|1|0|0|0|00
DBG|1|0|13|1|01|02|01|00|xx|xx|1|0|0|0|00
DBG|1|0|14|e|ff|02|01|00|xx|xx|1|0|0|0|00
DBG|1|0|04|a|ff|02|01|00|xx|xx|1|0|0|0|00
DBG|1|0|06|c|03|02|01|00|xx|xx|1|0|0|0|00
DBG|1|0|08|b|03|03|01|00|xx|xx|1|0|0|0|00
DBG|1|0|0a|2|01|03|01|00|xx|xx|1|0|0|0|00
DBG|1|0|0b|c|01|03|01|00|xx|xx|1|0|0|0|00
DBG|1|0|0d|a|01|03|01|00|xx|xx|1|0|0|0|00
DBG|1|0|0f|c|02|03|01|00|xx|xx|1|0|0|0|00
DBG|1|0|11|b|02|02|01|00|xx|xx|1|0|0|0|00
DBG|1|0|13|1|01|02|01|00|xx|xx|1|0|0|0|00
DBG|1|0|14|e|ff|02|01|00|xx|xx|1|0|0|0|00
DBG|1|0|04|a|ff|02|01|00|xx|xx|1|0|0|0|00
DBG|1|0|06|c|03|02|01|00|xx|xx|1|0|0|0|00
DBG|1|0|08|b|03|03|01|00|xx|xx|1|0|0|0|00
DBG|1|0|0a|2|01|03|01|00|xx|xx|1|0|0|0|00
DBG|1|0|0b|c|01|03|01|00|xx|xx|1|0|0|0|00
DBG|1|0|0d|a|01|03|01|00|xx|xx|1|0|0|0|00
DBG|1|0|0f|c|02|03|01|00|xx|xx|1|0|0|0|00
DBG|1|0|11|b|02|02|01|00|xx|xx|1|0|0|0|00
DBG|1|0|13|1|01|02|01|00|xx|xx|1|0|0|0|00
DBG|1|0|14|e|ff|02|01|00|xx|xx|1|0|0|0|00
DBG|1|0|04|a|ff|02|01|00|xx|xx|1|0|0|0|00
DBG|1|0|06|c|03|02|01|00|xx|xx|1|0|0|0|00
DBG|1|0|08|b|03|03|01|00|xx|xx|1|0|0|0|00
DBG|1|0|0a|2|01|03|01|00|xx|xx|1|0|0|0|00
DBG|1|0|0b|c|01|03|01|00|xx|xx|1|0|0|0|00
DBG|1|0|0d|a|01|03|01|00|xx|xx|1|0|0|0|00
DBG|1|0|0f|c|02|03|01|00|xx|xx|1|0|0|0|00
DBG|1|0|11|b|02|02|01|00|xx|xx|1|0|0|0|00
DBG|1|0|13|1|01|02|01|00|xx|xx|1|0|0|0|00
DBG|1|0|14|e|ff|02|01|00|xx|xx|1|0|0|0|00
DBG|1|0|04|a|ff|02|01|00|xx|xx|1|0|0|0|00
DBG|1|0|06|c|03|02|01|00|xx|xx|1|0|0|0|00
DBG|1|0|08|b|03|03|01|00|xx|xx|1|0|0|0|00
DBG|1|0|0a|2|01|03|01|00|xx|xx|1|0|0|0|00
DBG|1|0|0b|c|01|03|01|00|xx|xx|1|0|0|0|00
DBG|1|0|0d|a|01|03|01|00|xx|xx|1|0|0|0|00
DBG|1|0|0f|c|02|03|01|00|xx|xx|1|0|0|0|00
DBG|1|0|11|b|02|02|01|00|xx|xx|1|0|0|0|00
DBG|1|0|13|1|01|02|01|00|xx|xx|1|0|0|0|00
DBG|1|0|14|e|ff|02|01|00|xx|xx|1|0|0|0|00
DBG|1|0|04|a|ff|02|01|00|xx|xx|1|0|0|0|00
DBG|1|0|06|c|03|02|01|00|xx|xx|1|0|0|0|00
DBG|1|0|08|b|03|03|01|00|xx|xx|1|0|0|0|00
DBG|1|0|0a|2|01|03|01|00|xx|xx|1|0|0|0|00
DBG|1|0|0b|c|01|03|01|00|xx|xx|1|0|0|0|00
DBG|1|0|0d|a|01|03|01|00|xx|xx|1|0|0|0|00
DBG|1|0|0f|c|02|03|01|00|xx|xx|1|0|0|0|00
DBG|1|0|11|b|02|02|01|00|xx|xx|1|0|0|0|00
DBG|1|0|13|1|01|02|01|00|xx|xx|1|0|0|0|00
DBG|1|0|14|e|ff|02|01|00|xx|xx|1|0|0|0|00
DBG|1|0|04|a|ff|02|01|00|xx|xx|1|0|0|0|00
DBG|1|0|06|c|03|02|01|00|xx|xx|1|0|0|0|00
DBG|1|0|08|b|03|03|01|00|xx|xx|1|0|0|0|00
DBG|1|0|0a|2|01|03|01|00|xx|xx|1|0|0|0|00
DBG|1|0|0b|c|01|03|01|00|xx|xx|1|0|0|0|00
DBG|1|0|0d|a|01|03|01|00|xx|xx|1|0|0|0|00
DBG|1|0|0f|c|02|03|01|00|xx|xx|1|0|0|0|00
DBG|1|0|11|b|02|02|01|00|xx|xx|1|0|0|0|00
DBG|1|0|13|1|01|02|01|00|xx|xx|1|0|0|0|00
DBG|1|0|14|e|ff|02|01|00|xx|xx|1|0|0|0|00
DBG|1|0|04|a|ff|02|01|00|xx|xx|1|0|0|0|00
DBG|1|0|06|c|03|02|01|00|xx|xx|1|0|0|0|00
DBG|1|0|08|b|03|03|01|00|xx|xx|1|0|0|0|00
DBG|1|0|0a|2|01|03|01|00|xx|xx|1|0|0|0|00
DBG|1|0|0b|c|01|03|01|00|xx|xx|1|0|0|0|00
DBG|1|0|0d|a|01|03|01|00|xx|xx|1|0|0|0|00
DBG|1|0|0f|c|02|03|01|00|xx|xx|1|0|0|0|00
DBG|1|0|11|b|02|02|01|00|xx|xx|1|0|0|0|00
DBG|1|0|13|1|01|02|01|00|xx|xx|1|0|0|0|00
DBG|1|0|14|e|ff|02|01|00|xx|xx|1|0|0|0|00
DBG|1|0|04|a|ff|02|01|00|xx|xx|1|0|0|0|00
DBG|1|0|06|c|03|02|01|00|xx|xx|1|0|0|0|00
DBG|1|0|08|b|03|03|01|00|xx|xx|1|0|0|0|00
DBG|1|0|0a|2|01|03|01|00|xx|xx|1|0|0|0|00
DBG|1|0|0b|c|01|03|01|00|xx|xx|1|0|0|0|00
DBG|1|0|0d|a|01|03|01|00|xx|xx|1|0|0|0|00
DBG|1|0|0f|c|02|03|01|00|xx|xx|1|0|0|0|00
DBG|1|0|11|b|02|02|01|00|xx|xx|1|0|0|0|00
DBG|1|0|13|1|01|02|01|00|xx|xx|1|0|0|0|00
DBG|1|0|14|e|ff|02|01|00|xx|xx|1|0|0|0|00
DBG|1|0|04|a|ff|02|01|00|xx|xx|1|0|0|0|00
DBG|1|0|06|c|03|02|01|00|xx|xx|1|0|0|0|00
DBG|1|0|08|b|03|03|01|00|xx|xx|1|0|0|0|00
DBG|1|0|0a|2|01|03|01|00|xx|xx|1|0|0|0|00
DBG|1|0|0b|c|01|03|01|00|xx|xx|1|0|0|0|00
DBG|1|0|0d|a|01|03|01|00|xx|xx|1|0|0|0|00
DBG|1|0|0f|c|02|03|01|00|xx|xx|1|0|0|0|00
DBG|1|0|11|b|02|02|01|00|xx|xx|1|0|0|0|00
DBG|1|0|13|1|01|02|01|00|xx|xx|1|0|0|0|00
DBG|1|0|14|e|ff|02|01|00|xx|xx|1|0|0|0|00
DBG|1|0|04|a|ff|02|01|00|xx|xx|1|0|0|0|00
DBG|1|0|06|c|03|02|01|00|xx|xx|1|0|0|0|00
DBG|1|0|08|b|03|03|01|00|xx|xx|1|0|0|0|00
DBG|1|0|0a|2|01|03|01|00|xx|xx|1|0|0|0|00
DBG|1|0|0b|c|01|03|01|00|xx|xx|1|0|0|0|00
DBG|1|0|0d|a|01|03|01|00|xx|xx|1|0|0|0|00
DBG|1|0|0f|c|02|03|01|00|xx|xx|1|0|0|0|00
DBG|1|0|11|b|02|02|01|00|xx|xx|1|0|0|0|00
DBG|1|0|13|1|01|02|01|00|xx|xx|1|0|0|0|00
DBG|1|0|14|e|ff|02|01|00|xx|xx|1|0|0|0|00
DBG|1|0|04|a|ff|02|01|00|xx|xx|1|0|0|0|00
DBG|1|0|06|c|03|02|01|00|xx|xx|1|0|0|0|00
DBG|1|0|08|b|03|03|01|00|xx|xx|1|0|0|0|00
DBG|1|0|0a|2|01|03|01|00|xx|xx|1|0|0|0|00
DBG|1|0|0b|c|01|03|01|00|xx|xx|1|0|0|0|00
DBG|1|0|0d|a|01|03|01|00|xx|xx|1|0|0|0|00
DBG|1|0|0f|c|02|03|01|00|xx|xx|1|0|0|0|00
DBG|1|0|11|b|02|02|01|00|xx|xx|1|0|0|0|00
DBG|1|0|13|1|01|02|01|00|xx|xx|1|0|0|0|00
DBG|1|0|14|e|ff|02|01|00|xx|xx|1|0|0|0|00
DBG|1|0|04|a|ff|02|01|00|xx|xx|1|0|0|0|00
DBG|1|0|06|c|03|02|01|00|xx|xx|1|0|0|0|00
DBG|1|0|08|b|03|03|01|00|xx|xx|1|0|0|0|00
DBG|1|0|0a|2|01|03|01|00|xx|xx|1|0|0|0|00
DBG|1|0|0b|c|01|03|01|00|xx|xx|1|0|0|0|00
DBG|1|0|0d|a|01|03|01|00|xx|xx|1|0|0|0|00
DBG|1|0|0f|c|02|03|01|00|xx|xx|1|0|0|0|00
DBG|1|0|11|b|02|02|01|00|xx|xx|1|0|0|0|00
DBG|1|0|13|1|01|02|01|00|xx|xx|1|0|0|0|00
DBG|1|0|14|e|ff|02|01|00|xx|xx|1|0|0|0|00
DBG|1|0|04|a|ff|02|01|00|xx|xx|1|0|0|0|00
DBG|1|0|06|c|03|02|01|00|xx|xx|1|0|0|0|00
DBG|1|0|08|b|03|03|01|00|xx|xx|1|0|0|0|00
DBG|1|0|0a|2|01|03|01|00|xx|xx|1|0|0|0|00
DBG|1|0|0b|c|01|03|01|00|xx|xx|1|0|0|0|00
DBG|1|0|0d|a|01|03|01|00|xx|xx|1|0|0|0|00
DBG|1|0|0f|c|02|03|01|00|xx|xx|1|0|0|0|00
DBG|1|0|11|b|02|02|01|00|xx|xx|1|0|0|0|00
DBG|1|0|13|1|01|02|01|00|xx|xx|1|0|0|0|00
DBG|1|0|14|e|ff|02|01|00|xx|xx|1|0|0|0|00
DBG|1|0|04|a|ff|02|01|00|xx|xx|1|0|0|0|00
DBG|1|0|06|c|03|02|01|00|xx|xx|1|0|0|0|00
DBG|1|0|08|b|03|03|01|00|xx|xx|1|0|0|0|00
DBG|1|0|0a|2|01|03|01|00|xx|xx|1|0|0|0|00
DBG|1|0|0b|c|01|03|01|00|xx|xx|1|0|0|0|00
DBG|1|0|0d|a|01|03|01|00|xx|xx|1|0|0|0|00
DBG|1|0|0f|c|02|03|01|00|xx|xx|1|0|0|0|00
DBG|1|0|11|b|02|02|01|00|xx|xx|1|0|0|0|00
DBG|1|0|13|1|01|02|01|00|xx|xx|1|0|0|0|00
DBG|1|0|14|e|ff|02|01|00|xx|xx|1|0|0|0|00
DBG|1|0|04|a|ff|02|01|00|xx|xx|1|0|0|0|00
DBG|1|0|06|c|03|02|01|00|xx|xx|1|0|0|0|00
DBG|1|0|08|b|03|03|01|00|xx|xx|1|0|0|0|00
DBG|1|0|0a|2|01|03|01|00|xx|xx|1|0|0|0|00
DBG|1|0|0b|c|01|03|01|00|xx|xx|1|0|0|0|00
DBG|1|0|0d|a|01|03|01|00|xx|xx|1|0|0|0|00
DBG|1|0|0f|c|02|03|01|00|xx|xx|1|0|0|0|00
DBG|1|0|11|b|02|02|01|00|xx|xx|1|0|0|0|00
DBG|1|0|13|1|01|02|01|00|xx|xx|1|0|0|0|00
DBG|1|0|14|e|ff|02|01|00|xx|xx|1|0|0|0|00
DBG|1|0|04|a|ff|02|01|00|xx|xx|1|0|0|0|00
DBG|1|0|06|c|03|02|01|00|xx|xx|1|0|0|0|00
DBG|1|0|08|b|03|03|01|00|xx|xx|1|0|0|0|00
DBG|1|0|0a|2|01|03|01|00|xx|xx|1|0|0|0|00
DBG|1|0|0b|c|01|03|01|00|xx|xx|1|0|0|0|00
DBG|1|0|0d|a|01|03|01|00|xx|xx|1|0|0|0|00
DBG|1|0|0f|c|02|03|01|00|xx|xx|1|0|0|0|00
DBG|1|0|11|b|02|02|01|00|xx|xx|1|0|0|0|00
DBG|1|0|13|1|01|02|01|00|xx|xx|1|0|0|0|00
DBG|1|0|14|e|ff|02|01|00|xx|xx|1|0|0|0|00
DBG|1|0|04|a|ff|02|01|00|xx|xx|1|0|0|0|00
DBG|1|0|06|c|03|02|01|00|xx|xx|1|0|0|0|00
DBG|1|0|08|b|03|03|01|00|xx|xx|1|0|0|0|00
DBG|1|0|0a|2|01|03|01|00|xx|xx|1|0|0|0|00
DBG|1|0|0b|c|01|03|01|00|xx|xx|1|0|0|0|00
DBG|1|0|0d|a|01|03|01|00|xx|xx|1|0|0|0|00
DBG|1|0|0f|c|02|03|01|00|xx|xx|1|0|0|0|00
DBG|1|0|11|b|02|02|01|00|xx|xx|1|0|0|0|00
DBG|1|0|13|1|01|02|01|00|xx|xx|1|0|0|0|00
DBG|1|0|14|e|ff|02|01|00|xx|xx|1|0|0|0|00
DBG|1|0|04|a|ff|02|01|00|xx|xx|1|0|0|0|00
DBG|1|0|06|c|03|02|01|00|xx|xx|1|0|0|0|00
DBG|1|0|08|b|03|03|01|00|xx|xx|1|0|0|0|00
DBG|1|0|0a|2|01|03|01|00|xx|xx|1|0|0|0|00
DBG|1|0|0b|c|01|03|01|00|xx|xx|1|0|0|0|00
DBG|1|0|0d|a|01|03|01|00|xx|xx|1|0|0|0|00
DBG|1|0|0f|c|02|03|01|00|xx|xx|1|0|0|0|00
DBG|1|0|11|b|02|02|01|00|xx|xx|1|0|0|0|00
DBG|1|0|13|1|01|02|01|00|xx|xx|1|0|0|0|00
DBG|1|0|14|e|ff|02|01|00|xx|xx|1|0|0|0|00
DBG|1|0|04|a|ff|02|01|00|xx|xx|1|0|0|0|00
DBG|1|0|06|c|03|02|01|00|xx|xx|1|0|0|0|00
DBG|1|0|08|b|03|03|01|00|xx|xx|1|0|0|0|00
DBG|1|0|0a|2|01|03|01|00|xx|xx|1|0|0|0|00
DBG|1|0|0b|c|01|03|01|00|xx|xx|1|0|0|0|00
DBG|1|0|0d|a|01|03|01|00|xx|xx|1|0|0|0|00
DBG|1|0|0f|c|02|03|01|00|xx|xx|1|0|0|0|00
DBG|1|0|11|b|02|02|01|00|xx|xx|1|0|0|0|00
DBG|1|0|13|1|01|02|01|00|xx|xx|1|0|0|0|00
DBG|1|0|14|e|ff|02|01|00|xx|xx|1|0|0|0|00
DBG|1|0|04|a|ff|02|01|00|xx|xx|1|0|0|0|00
DBG|1|0|06|c|03|02|01|00|xx|xx|1|0|0|0|00
DBG|1|0|08|b|03|03|01|00|xx|xx|1|0|0|0|00
DBG|1|0|0a|2|01|03|01|00|xx|xx|1|0|0|0|00
DBG|1|0|0b|c|01|03|01|00|xx|xx|1|0|0|0|00
DBG|1|0|0d|a|01|03|01|00|xx|xx|1|0|0|0|00
DBG|1|0|0f|c|02|03|01|00|xx|xx|1|0|0|0|00
DBG|1|0|11|b|02|02|01|00|xx|xx|1|0|0|0|00
DBG|1|0|13|1|01|02|01|00|xx|xx|1|0|0|0|00
DBG|1|0|14|e|ff|02|01|00|xx|xx|1|0|0|0|00
DBG|1|0|04|a|ff|02|01|00|xx|xx|1|0|0|0|00
DBG|1|0|06|c|03|02|01|00|xx|xx|1|0|0|0|00
DBG|1|0|08|b|03|03|01|00|xx|xx|1|0|0|0|00
DBG|1|0|0a|2|01|03|01|00|xx|xx|1|0|0|0|00
DBG|1|0|0b|c|01|03|01|00|xx|xx|1|0|0|0|00
DBG|1|0|0d|a|01|03|01|00|xx|xx|1|0|0|0|00
DBG|1|0|0f|c|02|03|01|00|xx|xx|1|0|0|0|00
DBG|1|0|11|b|02|02|01|00|xx|xx|1|0|0|0|00
DBG|1|0|13|1|01|02|01|00|xx|xx|1|0|0|0|00
DBG|1|0|14|e|ff|02|01|00|xx|xx|1|0|0|0|00
DBG|1|0|04|a|ff|02|01|00|xx|xx|1|0|0|0|00
DBG|1|0|06|c|03|02|01|00|xx|xx|1|0|0|0|00
DBG|1|0|08|b|03|03|01|00|xx|xx|1|0|0|0|00
DBG|1|0|0a|2|01|03|01|00|xx|xx|1|0|0|0|00
DBG|1|0|0b|c|01|03|01|00|xx|xx|1|0|0|0|00
DBG|1|0|0d|a|01|03|01|00|xx|xx|1|0|0|0|00
DBG|1|0|0f|c|02|03|01|00|xx|xx|1|0|0|0|00
DBG|1|0|11|b|02|02|01|00|xx|xx|1|0|0|0|00
DBG|1|0|13|1|01|02|01|00|xx|xx|1|0|0|0|00
DBG|1|0|14|e|ff|02|01|00|xx|xx|1|0|0|0|00
DBG|1|0|04|a|ff|02|01|00|xx|xx|1|0|0|0|00
DBG|1|0|06|c|03|02|01|00|xx|xx|1|0|0|0|00
DBG|1|0|08|b|03|03|01|00|xx|xx|1|0|0|0|00
DBG|1|0|0a|2|01|03|01|00|xx|xx|1|0|0|0|00
DBG|1|0|0b|c|01|03|01|00|xx|xx|1|0|0|0|00
DBG|1|0|0d|a|01|03|01|00|xx|xx|1|0|0|0|00
DBG|1|0|0f|c|02|03|01|00|xx|xx|1|0|0|0|00
DBG|1|0|11|b|02|02|01|00|xx|xx|1|0|0|0|00
DBG|1|0|13|1|01|02|01|00|xx|xx|1|0|0|0|00
DBG|1|0|14|e|ff|02|01|00|xx|xx|1|0|0|0|00
DBG|1|0|04|a|ff|02|01|00|xx|xx|1|0|0|0|00
DBG|1|0|06|c|03|02|01|00|xx|xx|1|0|0|0|00
DBG|1|0|08|b|03|03|01|00|xx|xx|1|0|0|0|00
DBG|1|0|0a|2|01|03|01|00|xx|xx|1|0|0|0|00
DBG|1|0|0b|c|01|03|01|00|xx|xx|1|0|0|0|00
DBG|1|0|0d|a|01|03|01|00|xx|xx|1|0|0|0|00
DBG|1|0|0f|c|02|03|01|00|xx|xx|1|0|0|0|00
DBG|1|0|11|b|02|02|01|00|xx|xx|1|0|0|0|00
DBG|1|0|13|1|01|02|01|00|xx|xx|1|0|0|0|00
DBG|1|0|14|e|ff|02|01|00|xx|xx|1|0|0|0|00
DBG|1|0|04|a|ff|02|01|00|xx|xx|1|0|0|0|00
DBG|1|0|06|c|03|02|01|00|xx|xx|1|0|0|0|00
DBG|1|0|08|b|03|03|01|00|xx|xx|1|0|0|0|00
DBG|1|0|0a|2|01|03|01|00|xx|xx|1|0|0|0|00
DBG|1|0|0b|c|01|03|01|00|xx|xx|1|0|0|0|00
DBG|1|0|0d|a|01|03|01|00|xx|xx|1|0|0|0|00
DBG|1|0|0f|c|02|03|01|00|xx|xx|1|0|0|0|00
DBG|1|0|11|b|02|02|01|00|xx|xx|1|0|0|0|00
DBG|1|0|13|1|01|02|01|00|xx|xx|1|0|0|0|00
DBG|1|0|14|e|ff|02|01|00|xx|xx|1|0|0|0|00
DBG|1|0|04|a|ff|02|01|00|xx|xx|1|0|0|0|00
DBG|1|0|06|c|03|02|01|00|xx|xx|1|0|0|0|00
DBG|1|0|08|b|03|03|01|00|xx|xx|1|0|0|0|00
DBG|1|0|0a|2|01|03|01|00|xx|xx|1|0|0|0|00
DBG|1|0|0b|c|01|03|01|00|xx|xx|1|0|0|0|00
DBG|1|0|0d|a|01|03|01|00|xx|xx|1|0|0|0|00
DBG|1|0|0f|c|02|03|01|00|xx|xx|1|0|0|0|00
DBG|1|0|11|b|02|02|01|00|xx|xx|1|0|0|0|00
DBG|1|0|13|1|01|02|01|00|xx|xx|1|0|0|0|00
DBG|1|0|14|e|ff|02|01|00|xx|xx|1|0|0|0|00
DBG|1|0|04|a|ff|02|01|00|xx|xx|1|0|0|0|00
DBG|1|0|06|c|03|02|01|00|xx|xx|1|0|0|0|00
DBG|1|0|08|b|03|03|01|00|xx|xx|1|0|0|0|00
DBG|1|0|0a|2|01|03|01|00|xx|xx|1|0|0|0|00
DBG|1|0|0b|c|01|03|01|00|xx|xx|1|0|0|0|00
DBG|1|0|0d|a|01|03|01|00|xx|xx|1|0|0|0|00
DBG|1|0|0f|c|02|03|01|00|xx|xx|1|0|0|0|00
DBG|1|0|11|b|02|02|01|00|xx|xx|1|0|0|0|00
DBG|1|0|13|1|01|02|01|00|xx|xx|1|0|0|0|00
DBG|1|0|14|e|ff|02|01|00|xx|xx|1|0|0|0|00
DBG|1|0|04|a|ff|02|01|00|xx|xx|1|0|0|0|00
DBG|1|0|06|c|03|02|01|00|xx|xx|1|0|0|0|00
DBG|1|0|08|b|03|03|01|00|xx|xx|1|0|0|0|00
DBG|1|0|0a|2|01|03|01|00|xx|xx|1|0|0|0|00
DBG|1|0|0b|c|01|03|01|00|xx|xx|1|0|0|0|00
DBG|1|0|0d|a|01|03|01|00|xx|xx|1|0|0|0|00
DBG|1|0|0f|c|02|03|01|00|xx|xx|1|0|0|0|00
DBG|1|0|11|b|02|02|01|00|xx|xx|1|0|0|0|00
DBG|1|0|13|1|01|02|01|00|xx|xx|1|0|0|0|00
DBG|1|0|14|e|ff|02|01|00|xx|xx|1|0|0|0|00
DBG|1|0|04|a|ff|02|01|00|xx|xx|1|0|0|0|00
DBG|1|0|06|c|03|02|01|00|xx|xx|1|0|0|0|00
DBG|1|0|08|b|03|03|01|00|xx|xx|1|0|0|0|00
DBG|1|0|0a|2|01|03|01|00|xx|xx|1|0|0|0|00
DBG|1|0|0b|c|01|03|01|00|xx|xx|1|0|0|0|00
DBG|1|0|0d|a|01|03|01|00|xx|xx|1|0|0|0|00
DBG|1|0|0f|c|02|03|01|00|xx|xx|1|0|0|0|00
DBG|1|0|11|b|02|02|01|00|xx|xx|1|0|0|0|00
DBG|1|0|13|1|01|02|01|00|xx|xx|1|0|0|0|00
DBG|1|0|14|e|ff|02|01|00|xx|xx|1|0|0|0|00
DBG|1|0|04|a|ff|02|01|00|xx|xx|1|0|0|0|00
DBG|1|0|06|c|03|02|01|00|xx|xx|1|0|0|0|00
DBG|1|0|08|b|03|03|01|00|xx|xx|1|0|0|0|00
DBG|1|0|0a|2|01|03|01|00|xx|xx|1|0|0|0|00
DBG|1|0|0b|c|01|03|01|00|xx|xx|1|0|0|0|00
DBG|1|0|0d|a|01|03|01|00|xx|xx|1|0|0|0|00
DBG|1|0|0f|c|02|03|01|00|xx|xx|1|0|0|0|00
DBG|1|0|11|b|02|02|01|00|xx|xx|1|0|0|0|00
DBG|1|0|13|1|01|02|01|00|xx|xx|1|0|0|0|00
DBG|1|0|14|e|ff|02|01|00|xx|xx|1|0|0|0|00
DBG|1|0|04|a|ff|02|01|00|xx|xx|1|0|0|0|00
DBG|1|0|06|c|03|02|01|00|xx|xx|1|0|0|0|00
DBG|1|0|08|b|03|03|01|00|xx|xx|1|0|0|0|00
DBG|1|0|0a|2|01|03|01|00|xx|xx|1|0|0|0|00
DBG|1|0|0b|c|01|03|01|00|xx|xx|1|0|0|0|00
DBG|1|0|0d|a|01|03|01|00|xx|xx|1|0|0|0|00
DBG|1|0|0f|c|02|03|01|00|xx|xx|1|0|0|0|00
DBG|1|0|11|b|02|02|01|00|xx|xx|1|0|0|0|00
DBG|1|0|13|1|01|02|01|00|xx|xx|1|0|0|0|00
DBG|1|0|14|e|ff|02|01|00|xx|xx|1|0|0|0|00
DBG|1|0|04|a|ff|02|01|00|xx|xx|1|0|0|0|00
DBG|1|0|06|c|03|02|01|00|xx|xx|1|0|0|0|00
DBG|1|0|08|b|03|03|01|00|xx|xx|1|0|0|0|00
DBG|1|0|0a|2|01|03|01|00|xx|xx|1|0|0|0|00
DBG|1|0|0b|c|01|03|01|00|xx|xx|1|0|0|0|00
DBG|1|0|0d|a|01|03|01|00|xx|xx|1|0|0|0|00
DBG|1|0|0f|c|02|03|01|00|xx|xx|1|0|0|0|00
DBG|1|0|11|b|02|02|01|00|xx|xx|1|0|0|0|00
DBG|1|0|13|1|01|02|01|00|xx|xx|1|0|0|0|00
DBG|1|0|14|e|ff|02|01|00|xx|xx|1|0|0|0|00
DBG|1|0|04|a|ff|02|01|00|xx|xx|1|0|0|0|00
DBG|1|0|06|c|03|02|01|00|xx|xx|1|0|0|0|00
DBG|1|0|08|b|03|03|01|00|xx|xx|1|0|0|0|00
DBG|1|0|0a|2|01|03|01|00|xx|xx|1|0|0|0|00
DBG|1|0|0b|c|01|03|01|00|xx|xx|1|0|0|0|00
DBG|1|0|0d|a|01|03|01|00|xx|xx|1|0|0|0|00
DBG|1|0|0f|c|02|03|01|00|xx|xx|1|0|0|0|00
DBG|1|0|11|b|02|02|01|00|xx|xx|1|0|0|0|00
DBG|1|0|13|1|01|02|01|00|xx|xx|1|0|0|0|00
DBG|1|0|14|e|ff|02|01|00|xx|xx|1|0|0|0|00
DBG|1|0|04|a|ff|02|01|00|xx|xx|1|0|0|0|00
DBG|1|0|06|c|03|02|01|00|xx|xx|1|0|0|0|00
DBG|1|0|08|b|03|03|01|00|xx|xx|1|0|0|0|00
DBG|1|0|0a|2|01|03|01|00|xx|xx|1|0|0|0|00
DBG|1|0|0b|c|01|03|01|00|xx|xx|1|0|0|0|00
DBG|1|0|0d|a|01|03|01|00|xx|xx|1|0|0|0|00
DBG|1|0|0f|c|02|03|01|00|xx|xx|1|0|0|0|00
DBG|1|0|11|b|02|02|01|00|xx|xx|1|0|0|0|00
DBG|1|0|13|1|01|02|01|00|xx|xx|1|0|0|0|00
DBG|1|0|14|e|ff|02|01|00|xx|xx|1|0|0|0|00
DBG|1|0|04|a|ff|02|01|00|xx|xx|1|0|0|0|00
DBG|1|0|06|c|03|02|01|00|xx|xx|1|0|0|0|00
DBG|1|0|08|b|03|03|01|00|xx|xx|1|0|0|0|00
DBG|1|0|0a|2|01|03|01|00|xx|xx|1|0|0|0|00
DBG|1|0|0b|c|01|03|01|00|xx|xx|1|0|0|0|00
DBG|1|0|0d|a|01|03|01|00|xx|xx|1|0|0|0|00
DBG|1|0|0f|c|02|03|01|00|xx|xx|1|0|0|0|00
DBG|1|0|11|b|02|02|01|00|xx|xx|1|0|0|0|00
DBG|1|0|13|1|01|02|01|00|xx|xx|1|0|0|0|00
DBG|1|0|14|e|ff|02|01|00|xx|xx|1|0|0|0|00
DBG|1|0|04|a|ff|02|01|00|xx|xx|1|0|0|0|00
DBG|1|0|06|c|03|02|01|00|xx|xx|1|0|0|0|00
DBG|1|0|08|b|03|03|01|00|xx|xx|1|0|0|0|00
DBG|1|0|0a|2|01|03|01|00|xx|xx|1|0|0|0|00
DBG|1|0|0b|c|01|03|01|00|xx|xx|1|0|0|0|00
DBG|1|0|0d|a|01|03|01|00|xx|xx|1|0|0|0|00
DBG|1|0|0f|c|02|03|01|00|xx|xx|1|0|0|0|00
DBG|1|0|11|b|02|02|01|00|xx|xx|1|0|0|0|00
DBG|1|0|13|1|01|02|01|00|xx|xx|1|0|0|0|00
DBG|1|0|14|e|ff|02|01|00|xx|xx|1|0|0|0|00
DBG|1|0|04|a|ff|02|01|00|xx|xx|1|0|0|0|00
DBG|1|0|06|c|03|02|01|00|xx|xx|1|0|0|0|00
DBG|1|0|08|b|03|03|01|00|xx|xx|1|0|0|0|00
DBG|1|0|0a|2|01|03|01|00|xx|xx|1|0|0|0|00
DBG|1|0|0b|c|01|03|01|00|xx|xx|1|0|0|0|00
DBG|1|0|0d|a|01|03|01|00|xx|xx|1|0|0|0|00
DBG|1|0|0f|c|02|03|01|00|xx|xx|1|0|0|0|00
DBG|1|0|11|b|02|02|01|00|xx|xx|1|0|0|0|00
DBG|1|0|13|1|01|02|01|00|xx|xx|1|0|0|0|00
DBG|1|0|14|e|ff|02|01|00|xx|xx|1|0|0|0|00
DBG|1|0|04|a|ff|02|01|00|xx|xx|1|0|0|0|00
DBG|1|0|06|c|03|02|01|00|xx|xx|1|0|0|0|00
DBG|1|0|08|b|03|03|01|00|xx|xx|1|0|0|0|00
DBG|1|0|0a|2|01|03|01|00|xx|xx|1|0|0|0|00
DBG|1|0|0b|c|01|03|01|00|xx|xx|1|0|0|0|00
DBG|1|0|0d|a|01|03|01|00|xx|xx|1|0|0|0|00
DBG|1|0|0f|c|02|03|01|00|xx|xx|1|0|0|0|00
DBG|1|0|11|b|02|02|01|00|xx|xx|1|0|0|0|00
DBG|1|0|13|1|01|02|01|00|xx|xx|1|0|0|0|00
DBG|1|0|14|e|ff|02|01|00|xx|xx|1|0|0|0|00
DBG|1|0|04|a|ff|02|01|00|xx|xx|1|0|0|0|00
DBG|1|0|06|c|03|02|01|00|xx|xx|1|0|0|0|00
DBG|1|0|08|b|03|03|01|00|xx|xx|1|0|0|0|00
DBG|1|0|0a|2|01|03|01|00|xx|xx|1|0|0|0|00
DBG|1|0|0b|c|01|03|01|00|xx|xx|1|0|0|0|00
DBG|1|0|0d|a|01|03|01|00|xx|xx|1|0|0|0|00
DBG|1|0|0f|c|02|03|01|00|xx|xx|1|0|0|0|00
DBG|1|0|11|b|02|02|01|00|xx|xx|1|0|0|0|00
DBG|1|0|13|1|01|02|01|00|xx|xx|1|0|0|0|00
DBG|1|0|14|e|ff|02|01|00|xx|xx|1|0|0|0|00
DBG|1|0|04|a|ff|02|01|00|xx|xx|1|0|0|0|00
DBG|1|0|06|c|03|02|01|00|xx|xx|1|0|0|0|00
DBG|1|0|08|b|03|03|01|00|xx|xx|1|0|0|0|00
DBG|1|0|0a|2|01|03|01|00|xx|xx|1|0|0|0|00
DBG|1|0|0b|c|01|03|01|00|xx|xx|1|0|0|0|00
DBG|1|0|0d|a|01|03|01|00|xx|xx|1|0|0|0|00
DBG|1|0|0f|c|02|03|01|00|xx|xx|1|0|0|0|00
DBG|1|0|11|b|02|02|01|00|xx|xx|1|0|0|0|00
DBG|1|0|13|1|01|02|01|00|xx|xx|1|0|0|0|00
DBG|1|0|14|e|ff|02|01|00|xx|xx|1|0|0|0|00
DBG|1|0|04|a|ff|02|01|00|xx|xx|1|0|0|0|00
DBG|1|0|06|c|03|02|01|00|xx|xx|1|0|0|0|00
DBG|1|0|08|b|03|03|01|00|xx|xx|1|0|0|0|00
DBG|1|0|0a|2|01|03|01|00|xx|xx|1|0|0|0|00
DBG|1|0|0b|c|01|03|01|00|xx|xx|1|0|0|0|00
DBG|1|0|0d|a|01|03|01|00|xx|xx|1|0|0|0|00
DBG|1|0|0f|c|02|03|01|00|xx|xx|1|0|0|0|00
DBG|1|0|11|b|02|02|01|00|xx|xx|1|0|0|0|00
DBG|1|0|13|1|01|02|01|00|xx|xx|1|0|0|0|00
DBG|1|0|14|e|ff|02|01|00|xx|xx|1|0|0|0|00
DBG|1|0|04|a|ff|02|01|00|xx|xx|1|0|0|0|00
DBG|1|0|06|c|03|02|01|00|xx|xx|1|0|0|0|00
DBG|1|0|08|b|03|03|01|00|xx|xx|1|0|0|0|00
DBG|1|0|0a|2|01|03|01|00|xx|xx|1|0|0|0|00
DBG|1|0|0b|c|01|03|01|00|xx|xx|1|0|0|0|00
DBG|1|0|0d|a|01|03|01|00|xx|xx|1|0|0|0|00
DBG|1|0|0f|c|02|03|01|00|xx|xx|1|0|0|0|00
DBG|1|0|11|b|02|02|01|00|xx|xx|1|0|0|0|00
DBG|1|0|13|1|01|02|01|00|xx|xx|1|0|0|0|00
DBG|1|0|14|e|ff|02|01|00|xx|xx|1|0|0|0|00
DBG|1|0|04|a|ff|02|01|00|xx|xx|1|0|0|0|00
DBG|1|0|06|c|03|02|01|00|xx|xx|1|0|0|0|00
DBG|1|0|08|b|03|03|01|00|xx|xx|1|0|0|0|00
DBG|1|0|0a|2|01|03|01|00|xx|xx|1|0|0|0|00
DBG|1|0|0b|c|01|03|01|00|xx|xx|1|0|0|0|00
DBG|1|0|0d|a|01|03|01|00|xx|xx|1|0|0|0|00
DBG|1|0|0f|c|02|03|01|00|xx|xx|1|0|0|0|00
DBG|1|0|11|b|02|02|01|00|xx|xx|1|0|0|0|00
DBG|1|0|13|1|01|02|01|00|xx|xx|1|0|0|0|00
DBG|1|0|14|e|ff|02|01|00|xx|xx|1|0|0|0|00
DBG|1|0|04|a|ff|02|01|00|xx|xx|1|0|0|0|00
DBG|1|0|06|c|03|02|01|00|xx|xx|1|0|0|0|00
DBG|1|0|08|b|03|03|01|00|xx|xx|1|0|0|0|00
DBG|1|0|0a|2|01|03|01|00|xx|xx|1|0|0|0|00
DBG|1|0|0b|c|01|03|01|00|xx|xx|1|0|0|0|00
DBG|1|0|0d|a|01|03|01|00|xx|xx|1|0|0|0|00
DBG|1|0|0f|c|02|03|01|00|xx|xx|1|0|0|0|00
DBG|1|0|11|b|02|02|01|00|xx|xx|1|0|0|0|00
DBG|1|0|13|1|01|02|01|00|xx|xx|1|0|0|0|00
DBG|1|0|14|e|ff|02|01|00|xx|xx|1|0|0|0|00
DBG|1|0|04|a|ff|02|01|00|xx|xx|1|0|0|0|00
DBG|1|0|06|c|03|02|01|00|xx|xx|1|0|0|0|00
DBG|1|0|08|b|03|03|01|00|xx|xx|1|0|0|0|00
DBG|1|0|0a|2|01|03|01|00|xx|xx|1|0|0|0|00
DBG|1|0|0b|c|01|03|01|00|xx|xx|1|0|0|0|00
DBG|1|0|0d|a|01|03|01|00|xx|xx|1|0|0|0|00
DBG|1|0|0f|c|02|03|01|00|xx|xx|1|0|0|0|00
DBG|1|0|11|b|02|02|01|00|xx|xx|1|0|0|0|00
DBG|1|0|13|1|01|02|01|00|xx|xx|1|0|0|0|00
DBG|1|0|14|e|ff|02|01|00|xx|xx|1|0|0|0|00
DBG|1|0|04|a|ff|02|01|00|xx|xx|1|0|0|0|00
DBG|1|0|06|c|03|02|01|00|xx|xx|1|0|0|0|00
DBG|1|0|08|b|03|03|01|00|xx|xx|1|0|0|0|00
DBG|1|0|0a|2|01|03|01|00|xx|xx|1|0|0|0|00
DBG|1|0|0b|c|01|03|01|00|xx|xx|1|0|0|0|00
DBG|1|0|0d|a|01|03|01|00|xx|xx|1|0|0|0|00
DBG|1|0|0f|c|02|03|01|00|xx|xx|1|0|0|0|00
DBG|1|0|11|b|02|02|01|00|xx|xx|1|0|0|0|00
DBG|1|0|13|1|01|02|01|00|xx|xx|1|0|0|0|00
DBG|1|0|14|e|ff|02|01|00|xx|xx|1|0|0|0|00
DBG|1|0|04|a|ff|02|01|00|xx|xx|1|0|0|0|00
DBG|1|0|06|c|03|02|01|00|xx|xx|1|0|0|0|00
DBG|1|0|08|b|03|03|01|00|xx|xx|1|0|0|0|00
DBG|1|0|0a|2|01|03|01|00|xx|xx|1|0|0|0|00
DBG|1|0|0b|c|01|03|01|00|xx|xx|1|0|0|0|00
DBG|1|0|0d|a|01|03|01|00|xx|xx|1|0|0|0|00
DBG|1|0|0f|c|02|03|01|00|xx|xx|1|0|0|0|00
DBG|1|0|11|b|02|02|01|00|xx|xx|1|0|0|0|00
DBG|1|0|13|1|01|02|01|00|xx|xx|1|0|0|0|00
DBG|1|0|14|e|ff|02|01|00|xx|xx|1|0|0|0|00
DBG|1|0|04|a|ff|02|01|00|xx|xx|1|0|0|0|00
DBG|1|0|06|c|03|02|01|00|xx|xx|1|0|0|0|00
DBG|1|0|08|b|03|03|01|00|xx|xx|1|0|0|0|00
DBG|1|0|0a|2|01|03|01|00|xx|xx|1|0|0|0|00
DBG|1|0|0b|c|01|03|01|00|xx|xx|1|0|0|0|00
DBG|1|0|0d|a|01|03|01|00|xx|xx|1|0|0|0|00
DBG|1|0|0f|c|02|03|01|00|xx|xx|1|0|0|0|00
DBG|1|0|11|b|02|02|01|00|xx|xx|1|0|0|0|00
DBG|1|0|13|1|01|02|01|00|xx|xx|1|0|0|0|00
DBG|1|0|14|e|ff|02|01|00|xx|xx|1|0|0|0|00
DBG|1|0|04|a|ff|02|01|00|xx|xx|1|0|0|0|00
DBG|1|0|06|c|03|02|01|00|xx|xx|1|0|0|0|00
DBG|1|0|08|b|03|03|01|00|xx|xx|1|0|0|0|00
DBG|1|0|0a|2|01|03|01|00|xx|xx|1|0|0|0|00
DBG|1|0|0b|c|01|03|01|00|xx|xx|1|0|0|0|00
DBG|1|0|0d|a|01|03|01|00|xx|xx|1|0|0|0|00
DBG|1|0|0f|c|02|03|01|00|xx|xx|1|0|0|0|00
DBG|1|0|11|b|02|02|01|00|xx|xx|1|0|0|0|00
DBG|1|0|13|1|01|02|01|00|xx|xx|1|0|0|0|00
DBG|1|0|14|e|ff|02|01|00|xx|xx|1|0|0|0|00
DBG|1|0|04|a|ff|02|01|00|xx|xx|1|0|0|0|00
DBG|1|0|06|c|03|02|01|00|xx|xx|1|0|0|0|00
DBG|1|0|08|b|03|03|01|00|xx|xx|1|0|0|0|00
DBG|1|0|0a|2|01|03|01|00|xx|xx|1|0|0|0|00
DBG|1|0|0b|c|01|03|01|00|xx|xx|1|0|0|0|00
DBG|1|0|0d|a|01|03|01|00|xx|xx|1|0|0|0|00
DBG|1|0|0f|c|02|03|01|00|xx|xx|1|0|0|0|00
DBG|1|0|11|b|02|02|01|00|xx|xx|1|0|0|0|00
DBG|1|0|13|1|01|02|01|00|xx|xx|1|0|0|0|00
DBG|1|0|14|e|ff|02|01|00|xx|xx|1|0|0|0|00
DBG|1|0|04|a|ff|02|01|00|xx|xx|1|0|0|0|00
DBG|1|0|06|c|03|02|01|00|xx|xx|1|0|0|0|00
DBG|1|0|08|b|03|03|01|00|xx|xx|1|0|0|0|00
DBG|1|0|0a|2|01|03|01|00|xx|xx|1|0|0|0|00
DBG|1|0|0b|c|01|03|01|00|xx|xx|1|0|0|0|00
DBG|1|0|0d|a|01|03|01|00|xx|xx|1|0|0|0|00
DBG|1|0|0f|c|02|03|01|00|xx|xx|1|0|0|0|00
DBG|1|0|11|b|02|02|01|00|xx|xx|1|0|0|0|00
DBG|1|0|13|1|01|02|01|00|xx|xx|1|0|0|0|00
DBG|1|0|14|e|ff|02|01|00|xx|xx|1|0|0|0|00
DBG|1|0|04|a|ff|02|01|00|xx|xx|1|0|0|0|00
DBG|1|0|06|c|03|02|01|00|xx|xx|1|0|0|0|00
DBG|1|0|08|b|03|03|01|00|xx|xx|1|0|0|0|00
DBG|1|0|0a|2|01|03|01|00|xx|xx|1|0|0|0|00
DBG|1|0|0b|c|01|03|01|00|xx|xx|1|0|0|0|00
DBG|1|0|0d|a|01|03|01|00|xx|xx|1|0|0|0|00
DBG|1|0|0f|c|02|03|01|00|xx|xx|1|0|0|0|00
DBG|1|0|11|b|02|02|01|00|xx|xx|1|0|0|0|00
DBG|1|0|13|1|01|02|01|00|xx|xx|1|0|0|0|00
DBG|1|0|14|e|ff|02|01|00|xx|xx|1|0|0|0|00
DBG|1|0|04|a|ff|02|01|00|xx|xx|1|0|0|0|00
DBG|1|0|06|c|03|02|01|00|xx|xx|1|0|0|0|00
DBG|1|0|08|b|03|03|01|00|xx|xx|1|0|0|0|00
DBG|1|0|0a|2|01|03|01|00|xx|xx|1|0|0|0|00
DBG|1|0|0b|c|01|03|01|00|xx|xx|1|0|0|0|00
DBG|1|0|0d|a|01|03|01|00|xx|xx|1|0|0|0|00
DBG|1|0|0f|c|02|03|01|00|xx|xx|1|0|0|0|00
DBG|1|0|11|b|02|02|01|00|xx|xx|1|0|0|0|00
DBG|1|0|13|1|01|02|01|00|xx|xx|1|0|0|0|00
DBG|1|0|14|e|ff|02|01|00|xx|xx|1|0|0|0|00
DBG|1|0|04|a|ff|02|01|00|xx|xx|1|0|0|0|00
DBG|1|0|06|c|03|02|01|00|xx|xx|1|0|0|0|00
DBG|1|0|08|b|03|03|01|00|xx|xx|1|0|0|0|00
DBG|1|0|0a|2|01|03|01|00|xx|xx|1|0|0|0|00
DBG|1|0|0b|c|01|03|01|00|xx|xx|1|0|0|0|00
DBG|1|0|0d|a|01|03|01|00|xx|xx|1|0|0|0|00
DBG|1|0|0f|c|02|03|01|00|xx|xx|1|0|0|0|00
DBG|1|0|11|b|02|02|01|00|xx|xx|1|0|0|0|00
DBG|1|0|13|1|01|02|01|00|xx|xx|1|0|0|0|00
DBG|1|0|14|e|ff|02|01|00|xx|xx|1|0|0|0|00
DBG|1|0|04|a|ff|02|01|00|xx|xx|1|0|0|0|00
DBG|1|0|06|c|03|02|01|00|xx|xx|1|0|0|0|00
DBG|1|0|08|b|03|03|01|00|xx|xx|1|0|0|0|00
DBG|1|0|0a|2|01|03|01|00|xx|xx|1|0|0|0|00
DBG|1|0|0b|c|01|03|01|00|xx|xx|1|0|0|0|00
DBG|1|0|0d|a|01|03|01|00|xx|xx|1|0|0|0|00
DBG|1|0|0f|c|02|03|01|00|xx|xx|1|0|0|0|00
DBG|1|0|11|b|02|02|01|00|xx|xx|1|0|0|0|00
DBG|1|0|13|1|01|02|01|00|xx|xx|1|0|0|0|00
DBG|1|0|14|e|ff|02|01|00|xx|xx|1|0|0|0|00
DBG|1|0|04|a|ff|02|01|00|xx|xx|1|0|0|0|00
DBG|1|0|06|c|03|02|01|00|xx|xx|1|0|0|0|00
DBG|1|0|08|b|03|03|01|00|xx|xx|1|0|0|0|00
DBG|1|0|0a|2|01|03|01|00|xx|xx|1|0|0|0|00
DBG|1|0|0b|c|01|03|01|00|xx|xx|1|0|0|0|00
DBG|1|0|0d|a|01|03|01|00|xx|xx|1|0|0|0|00
DBG|1|0|0f|c|02|03|01|00|xx|xx|1|0|0|0|00
DBG|1|0|11|b|02|02|01|00|xx|xx|1|0|0|0|00
DBG|1|0|13|1|01|02|01|00|xx|xx|1|0|0|0|00
DBG|1|0|14|e|ff|02|01|00|xx|xx|1|0|0|0|00
DBG|1|0|04|a|ff|02|01|00|xx|xx|1|0|0|0|00
DBG|1|0|06|c|03|02|01|00|xx|xx|1|0|0|0|00
DBG|1|0|08|b|03|03|01|00|xx|xx|1|0|0|0|00
DBG|1|0|0a|2|01|03|01|00|xx|xx|1|0|0|0|00
DBG|1|0|0b|c|01|03|01|00|xx|xx|1|0|0|0|00
DBG|1|0|0d|a|01|03|01|00|xx|xx|1|0|0|0|00
DBG|1|0|0f|c|02|03|01|00|xx|xx|1|0|0|0|00
DBG|1|0|11|b|02|02|01|00|xx|xx|1|0|0|0|00
DBG|1|0|13|1|01|02|01|00|xx|xx|1|0|0|0|00
DBG|1|0|14|e|ff|02|01|00|xx|xx|1|0|0|0|00
DBG|1|0|04|a|ff|02|01|00|xx|xx|1|0|0|0|00
DBG|1|0|06|c|03|02|01|00|xx|xx|1|0|0|0|00
DBG|1|0|08|b|03|03|01|00|xx|xx|1|0|0|0|00
DBG|1|0|0a|2|01|03|01|00|xx|xx|1|0|0|0|00
DBG|1|0|0b|c|01|03|01|00|xx|xx|1|0|0|0|00
DBG|1|0|0d|a|01|03|01|00|xx|xx|1|0|0|0|00
DBG|1|0|0f|c|02|03|01|00|xx|xx|1|0|0|0|00
DBG|1|0|11|b|02|02|01|00|xx|xx|1|0|0|0|00
DBG|1|0|13|1|01|02|01|00|xx|xx|1|0|0|0|00
DBG|1|0|14|e|ff|02|01|00|xx|xx|1|0|0|0|00
DBG|1|0|04|a|ff|02|01|00|xx|xx|1|0|0|0|00
DBG|1|0|06|c|03|02|01|00|xx|xx|1|0|0|0|00
DBG|1|0|08|b|03|03|01|00|xx|xx|1|0|0|0|00
DBG|1|0|0a|2|01|03|01|00|xx|xx|1|0|0|0|00
DBG|1|0|0b|c|01|03|01|00|xx|xx|1|0|0|0|00
DBG|1|0|0d|a|01|03|01|00|xx|xx|1|0|0|0|00
DBG|1|0|0f|c|02|03|01|00|xx|xx|1|0|0|0|00
DBG|1|0|11|b|02|02|01|00|xx|xx|1|0|0|0|00
DBG|1|0|13|1|01|02|01|00|xx|xx|1|0|0|0|00
DBG|1|0|14|e|ff|02|01|00|xx|xx|1|0|0|0|00
DBG|1|0|04|a|ff|02|01|00|xx|xx|1|0|0|0|00
DBG|1|0|06|c|03|02|01|00|xx|xx|1|0|0|0|00
DBG|1|0|08|b|03|03|01|00|xx|xx|1|0|0|0|00
DBG|1|0|0a|2|01|03|01|00|xx|xx|1|0|0|0|00
DBG|1|0|0b|c|01|03|01|00|xx|xx|1|0|0|0|00
DBG|1|0|0d|a|01|03|01|00|xx|xx|1|0|0|0|00
DBG|1|0|0f|c|02|03|01|00|xx|xx|1|0|0|0|00
DBG|1|0|11|b|02|02|01|00|xx|xx|1|0|0|0|00
DBG|1|0|13|1|01|02|01|00|xx|xx|1|0|0|0|00
DBG|1|0|14|e|ff|02|01|00|xx|xx|1|0|0|0|00
DBG|1|0|04|a|ff|02|01|00|xx|xx|1|0|0|0|00
DBG|1|0|06|c|03|02|01|00|xx|xx|1|0|0|0|00
DBG|1|0|08|b|03|03|01|00|xx|xx|1|0|0|0|00
DBG|1|0|0a|2|01|03|01|00|xx|xx|1|0|0|0|00
DBG|1|0|0b|c|01|03|01|00|xx|xx|1|0|0|0|00
DBG|1|0|0d|a|01|03|01|00|xx|xx|1|0|0|0|00
DBG|1|0|0f|c|02|03|01|00|xx|xx|1|0|0|0|00
DBG|1|0|11|b|02|02|01|00|xx|xx|1|0|0|0|00
DBG|1|0|13|1|01|02|01|00|xx|xx|1|0|0|0|00
DBG|1|0|14|e|ff|02|01|00|xx|xx|1|0|0|0|00
DBG|1|0|04|a|ff|02|01|00|xx|xx|1|0|0|0|00
DBG|1|0|06|c|03|02|01|00|xx|xx|1|0|0|0|00
DBG|1|0|08|b|03|03|01|00|xx|xx|1|0|0|0|00
DBG|1|0|0a|2|01|03|01|00|xx|xx|1|0|0|0|00
DBG|1|0|0b|c|01|03|01|00|xx|xx|1|0|0|0|00
DBG|1|0|0d|a|01|03|01|00|xx|xx|1|0|0|0|00
DBG|1|0|0f|c|02|03|01|00|xx|xx|1|0|0|0|00
DBG|1|0|11|b|02|02|01|00|xx|xx|1|0|0|0|00
DBG|1|0|13|1|01|02|01|00|xx|xx|1|0|0|0|00
DBG|1|0|14|e|ff|02|01|00|xx|xx|1|0|0|0|00
DBG|1|0|04|a|ff|02|01|00|xx|xx|1|0|0|0|00
DBG|1|0|06|c|03|02|01|00|xx|xx|1|0|0|0|00
DBG|1|0|08|b|03|03|01|00|xx|xx|1|0|0|0|00
DBG|1|0|0a|2|01|03|01|00|xx|xx|1|0|0|0|00
DBG|1|0|0b|c|01|03|01|00|xx|xx|1|0|0|0|00
DBG|1|0|0d|a|01|03|01|00|xx|xx|1|0|0|0|00
DBG|1|0|0f|c|02|03|01|00|xx|xx|1|0|0|0|00
DBG|1|0|11|b|02|02|01|00|xx|xx|1|0|0|0|00
DBG|1|0|13|1|01|02|01|00|xx|xx|1|0|0|0|00
DBG|1|0|14|e|ff|02|01|00|xx|xx|1|0|0|0|00
DBG|1|0|04|a|ff|02|01|00|xx|xx|1|0|0|0|00
DBG|1|0|06|c|03|02|01|00|xx|xx|1|0|0|0|00
DBG|1|0|08|b|03|03|01|00|xx|xx|1|0|0|0|00
DBG|1|0|0a|2|01|03|01|00|xx|xx|1|0|0|0|00
DBG|1|0|0b|c|01|03|01|00|xx|xx|1|0|0|0|00
DBG|1|0|0d|a|01|03|01|00|xx|xx|1|0|0|0|00
DBG|1|0|0f|c|02|03|01|00|xx|xx|1|0|0|0|00
DBG|1|0|11|b|02|02|01|00|xx|xx|1|0|0|0|00
DBG|1|0|13|1|01|02|01|00|xx|xx|1|0|0|0|00
DBG|1|0|14|e|ff|02|01|00|xx|xx|1|0|0|0|00
DBG|1|0|04|a|ff|02|01|00|xx|xx|1|0|0|0|00
DBG|1|0|06|c|03|02|01|00|xx|xx|1|0|0|0|00
DBG|1|0|08|b|03|03|01|00|xx|xx|1|0|0|0|00
DBG|1|0|0a|2|01|03|01|00|xx|xx|1|0|0|0|00
DBG|1|0|0b|c|01|03|01|00|xx|xx|1|0|0|0|00
DBG|1|0|0d|a|01|03|01|00|xx|xx|1|0|0|0|00
DBG|1|0|0f|c|02|03|01|00|xx|xx|1|0|0|0|00
DBG|1|0|11|b|02|02|01|00|xx|xx|1|0|0|0|00
DBG|1|0|13|1|01|02|01|00|xx|xx|1|0|0|0|00
DBG|1|0|14|e|ff|02|01|00|xx|xx|1|0|0|0|00
DBG|1|0|04|a|ff|02|01|00|xx|xx|1|0|0|0|00
DBG|1|0|06|c|03|02|01|00|xx|xx|1|0|0|0|00
DBG|1|0|08|b|03|03|01|00|xx|xx|1|0|0|0|00
DBG|1|0|0a|2|01|03|01|00|xx|xx|1|0|0|0|00
DBG|1|0|0b|c|01|03|01|00|xx|xx|1|0|0|0|00
DBG|1|0|0d|a|01|03|01|00|xx|xx|1|0|0|0|00
DBG|1|0|0f|c|02|03|01|00|xx|xx|1|0|0|0|00
DBG|1|0|11|b|02|02|01|00|xx|xx|1|0|0|0|00
DBG|1|0|13|1|01|02|01|00|xx|xx|1|0|0|0|00
DBG|1|0|14|e|ff|02|01|00|xx|xx|1|0|0|0|00
DBG|1|0|04|a|ff|02|01|00|xx|xx|1|0|0|0|00
DBG|1|0|06|c|03|02|01|00|xx|xx|1|0|0|0|00
DBG|1|0|08|b|03|03|01|00|xx|xx|1|0|0|0|00
DBG|1|0|0a|2|01|03|01|00|xx|xx|1|0|0|0|00
DBG|1|0|0b|c|01|03|01|00|xx|xx|1|0|0|0|00
DBG|1|0|0d|a|01|03|01|00|xx|xx|1|0|0|0|00
DBG|1|0|0f|c|02|03|01|00|xx|xx|1|0|0|0|00
DBG|1|0|11|b|02|02|01|00|xx|xx|1|0|0|0|00
DBG|1|0|13|1|01|02|01|00|xx|xx|1|0|0|0|00
DBG|1|0|14|e|ff|02|01|00|xx|xx|1|0|0|0|00
DBG|1|0|04|a|ff|02|01|00|xx|xx|1|0|0|0|00
DBG|1|0|06|c|03|02|01|00|xx|xx|1|0|0|0|00
DBG|1|0|08|b|03|03|01|00|xx|xx|1|0|0|0|00
DBG|1|0|0a|2|01|03|01|00|xx|xx|1|0|0|0|00
DBG|1|0|0b|c|01|03|01|00|xx|xx|1|0|0|0|00
DBG|1|0|0d|a|01|03|01|00|xx|xx|1|0|0|0|00
DBG|1|0|0f|c|02|03|01|00|xx|xx|1|0|0|0|00
DBG|1|0|11|b|02|02|01|00|xx|xx|1|0|0|0|00
DBG|1|0|13|1|01|02|01|00|xx|xx|1|0|0|0|00
DBG|1|0|14|e|ff|02|01|00|xx|xx|1|0|0|0|00
DBG|1|0|04|a|ff|02|01|00|xx|xx|1|0|0|0|00
DBG|1|0|06|c|03|02|01|00|xx|xx|1|0|0|0|00
DBG|1|0|08|b|03|03|01|00|xx|xx|1|0|0|0|00
DBG|1|0|0a|2|01|03|01|00|xx|xx|1|0|0|0|00
DBG|1|0|0b|c|01|03|01|00|xx|xx|1|0|0|0|00
DBG|1|0|0d|a|01|03|01|00|xx|xx|1|0|0|0|00
DBG|1|0|0f|c|02|03|01|00|xx|xx|1|0|0|0|00
DBG|1|0|11|b|02|02|01|00|xx|xx|1|0|0|0|00
DBG|1|0|13|1|01|02|01|00|xx|xx|1|0|0|0|00
DBG|1|0|14|e|ff|02|01|00|xx|xx|1|0|0|0|00
DBG|1|0|04|a|ff|02|01|00|xx|xx|1|0|0|0|00
DBG|1|0|06|c|03|02|01|00|xx|xx|1|0|0|0|00
DBG|1|0|08|b|03|03|01|00|xx|xx|1|0|0|0|00
DBG|1|0|0a|2|01|03|01|00|xx|xx|1|0|0|0|00
DBG|1|0|0b|c|01|03|01|00|xx|xx|1|0|0|0|00
DBG|1|0|0d|a|01|03|01|00|xx|xx|1|0|0|0|00
DBG|1|0|0f|c|02|03|01|00|xx|xx|1|0|0|0|00
DBG|1|0|11|b|02|02|01|00|xx|xx|1|0|0|0|00
DBG|1|0|13|1|01|02|01|00|xx|xx|1|0|0|0|00
DBG|1|0|14|e|ff|02|01|00|xx|xx|1|0|0|0|00
DBG|1|0|04|a|ff|02|01|00|xx|xx|1|0|0|0|00
DBG|1|0|06|c|03|02|01|00|xx|xx|1|0|0|0|00
DBG|1|0|08|b|03|03|01|00|xx|xx|1|0|0|0|00
DBG|1|0|0a|2|01|03|01|00|xx|xx|1|0|0|0|00
DBG|1|0|0b|c|01|03|01|00|xx|xx|1|0|0|0|00
DBG|1|0|0d|a|01|03|01|00|xx|xx|1|0|0|0|00
DBG|1|0|0f|c|02|03|01|00|xx|xx|1|0|0|0|00
DBG|1|0|11|b|02|02|01|00|xx|xx|1|0|0|0|00
DBG|1|0|13|1|01|02|01|00|xx|xx|1|0|0|0|00
DBG|1|0|14|e|ff|02|01|00|xx|xx|1|0|0|0|00
DBG|1|0|04|a|ff|02|01|00|xx|xx|1|0|0|0|00
DBG|1|0|06|c|03|02|01|00|xx|xx|1|0|0|0|00
DBG|1|0|08|b|03|03|01|00|xx|xx|1|0|0|0|00
DBG|1|0|0a|2|01|03|01|00|xx|xx|1|0|0|0|00
DBG|1|0|0b|c|01|03|01|00|xx|xx|1|0|0|0|00
DBG|1|0|0d|a|01|03|01|00|xx|xx|1|0|0|0|00
DBG|1|0|0f|c|02|03|01|00|xx|xx|1|0|0|0|00
DBG|1|0|11|b|02|02|01|00|xx|xx|1|0|0|0|00
DBG|1|0|13|1|01|02|01|00|xx|xx|1|0|0|0|00
DBG|1|0|14|e|ff|02|01|00|xx|xx|1|0|0|0|00
DBG|1|0|04|a|ff|02|01|00|xx|xx|1|0|0|0|00
DBG|1|0|06|c|03|02|01|00|xx|xx|1|0|0|0|00
DBG|1|0|08|b|03|03|01|00|xx|xx|1|0|0|0|00
DBG|1|0|0a|2|01|03|01|00|xx|xx|1|0|0|0|00
DBG|1|0|0b|c|01|03|01|00|xx|xx|1|0|0|0|00
DBG|1|0|0d|a|01|03|01|00|xx|xx|1|0|0|0|00
DBG|1|0|0f|c|02|03|01|00|xx|xx|1|0|0|0|00
DBG|1|0|11|b|02|02|01|00|xx|xx|1|0|0|0|00
DBG|1|0|13|1|01|02|01|00|xx|xx|1|0|0|0|00
DBG|1|0|14|e|ff|02|01|00|xx|xx|1|0|0|0|00
DBG|1|0|04|a|ff|02|01|00|xx|xx|1|0|0|0|00
DBG|1|0|06|c|03|02|01|00|xx|xx|1|0|0|0|00
DBG|1|0|08|b|03|03|01|00|xx|xx|1|0|0|0|00
DBG|1|0|0a|2|01|03|01|00|xx|xx|1|0|0|0|00
DBG|1|0|0b|c|01|03|01|00|xx|xx|1|0|0|0|00
DBG|1|0|0d|a|01|03|01|00|xx|xx|1|0|0|0|00
DBG|1|0|0f|c|02|03|01|00|xx|xx|1|0|0|0|00
DBG|1|0|11|b|02|02|01|00|xx|xx|1|0|0|0|00
DBG|1|0|13|1|01|02|01|00|xx|xx|1|0|0|0|00
DBG|1|0|14|e|ff|02|01|00|xx|xx|1|0|0|0|00
DBG|1|0|04|a|ff|02|01|00|xx|xx|1|0|0|0|00
DBG|1|0|06|c|03|02|01|00|xx|xx|1|0|0|0|00
DBG|1|0|08|b|03|03|01|00|xx|xx|1|0|0|0|00
DBG|1|0|0a|2|01|03|01|00|xx|xx|1|0|0|0|00
DBG|1|0|0b|c|01|03|01|00|xx|xx|1|0|0|0|00
DBG|1|0|0d|a|01|03|01|00|xx|xx|1|0|0|0|00
DBG|1|0|0f|c|02|03|01|00|xx|xx|1|0|0|0|00
DBG|1|0|11|b|02|02|01|00|xx|xx|1|0|0|0|00
DBG|1|0|13|1|01|02|01|00|xx|xx|1|0|0|0|00
DBG|1|0|14|e|ff|02|01|00|xx|xx|1|0|0|0|00
DBG|1|0|04|a|ff|02|01|00|xx|xx|1|0|0|0|00
DBG|1|0|06|c|03|02|01|00|xx|xx|1|0|0|0|00
DBG|1|0|08|b|03|03|01|00|xx|xx|1|0|0|0|00
DBG|1|0|0a|2|01|03|01|00|xx|xx|1|0|0|0|00
DBG|1|0|0b|c|01|03|01|00|xx|xx|1|0|0|0|00
DBG|1|0|0d|a|01|03|01|00|xx|xx|1|0|0|0|00
DBG|1|0|0f|c|02|03|01|00|xx|xx|1|0|0|0|00
DBG|1|0|11|b|02|02|01|00|xx|xx|1|0|0|0|00
DBG|1|0|13|1|01|02|01|00|xx|xx|1|0|0|0|00
DBG|1|0|14|e|ff|02|01|00|xx|xx|1|0|0|0|00
DBG|1|0|04|a|ff|02|01|00|xx|xx|1|0|0|0|00
DBG|1|0|06|c|03|02|01|00|xx|xx|1|0|0|0|00
DBG|1|0|08|b|03|03|01|00|xx|xx|1|0|0|0|00
DBG|1|0|0a|2|01|03|01|00|xx|xx|1|0|0|0|00
DBG|1|0|0b|c|01|03|01|00|xx|xx|1|0|0|0|00
DBG|1|0|0d|a|01|03|01|00|xx|xx|1|0|0|0|00
DBG|1|0|0f|c|02|03|01|00|xx|xx|1|0|0|0|00
DBG|1|0|11|b|02|02|01|00|xx|xx|1|0|0|0|00
DBG|1|0|13|1|01|02|01|00|xx|xx|1|0|0|0|00
DBG|1|0|14|e|ff|02|01|00|xx|xx|1|0|0|0|00
DBG|1|0|04|a|ff|02|01|00|xx|xx|1|0|0|0|00
DBG|1|0|06|c|03|02|01|00|xx|xx|1|0|0|0|00
DBG|1|0|08|b|03|03|01|00|xx|xx|1|0|0|0|00
DBG|1|0|0a|2|01|03|01|00|xx|xx|1|0|0|0|00
DBG|1|0|0b|c|01|03|01|00|xx|xx|1|0|0|0|00
DBG|1|0|0d|a|01|03|01|00|xx|xx|1|0|0|0|00
DBG|1|0|0f|c|02|03|01|00|xx|xx|1|0|0|0|00
DBG|1|0|11|b|02|02|01|00|xx|xx|1|0|0|0|00
DBG|1|0|13|1|01|02|01|00|xx|xx|1|0|0|0|00
DBG|1|0|14|e|ff|02|01|00|xx|xx|1|0|0|0|00
DBG|1|0|04|a|ff|02|01|00|xx|xx|1|0|0|0|00
DBG|1|0|06|c|03|02|01|00|xx|xx|1|0|0|0|00
DBG|1|0|08|b|03|03|01|00|xx|xx|1|0|0|0|00
DBG|1|0|0a|2|01|03|01|00|xx|xx|1|0|0|0|00
DBG|1|0|0b|c|01|03|01|00|xx|xx|1|0|0|0|00
DBG|1|0|0d|a|01|03|01|00|xx|xx|1|0|0|0|00
DBG|1|0|0f|c|02|03|01|00|xx|xx|1|0|0|0|00
DBG|1|0|11|b|02|02|01|00|xx|xx|1|0|0|0|00
DBG|1|0|13|1|01|02|01|00|xx|xx|1|0|0|0|00
DBG|1|0|14|e|ff|02|01|00|xx|xx|1|0|0|0|00
DBG|1|0|04|a|ff|02|01|00|xx|xx|1|0|0|0|00
DBG|1|0|06|c|03|02|01|00|xx|xx|1|0|0|0|00
DBG|1|0|08|b|03|03|01|00|xx|xx|1|0|0|0|00
DBG|1|0|0a|2|01|03|01|00|xx|xx|1|0|0|0|00
DBG|1|0|0b|c|01|03|01|00|xx|xx|1|0|0|0|00
DBG|1|0|0d|a|01|03|01|00|xx|xx|1|0|0|0|00
DBG|1|0|0f|c|02|03|01|00|xx|xx|1|0|0|0|00
DBG|1|0|11|b|02|02|01|00|xx|xx|1|0|0|0|00
DBG|1|0|13|1|01|02|01|00|xx|xx|1|0|0|0|00
DBG|1|0|14|e|ff|02|01|00|xx|xx|1|0|0|0|00
DBG|1|0|04|a|ff|02|01|00|xx|xx|1|0|0|0|00
DBG|1|0|06|c|03|02|01|00|xx|xx|1|0|0|0|00
DBG|1|0|08|b|03|03|01|00|xx|xx|1|0|0|0|00
DBG|1|0|0a|2|01|03|01|00|xx|xx|1|0|0|0|00
DBG|1|0|0b|c|01|03|01|00|xx|xx|1|0|0|0|00
DBG|1|0|0d|a|01|03|01|00|xx|xx|1|0|0|0|00
DBG|1|0|0f|c|02|03|01|00|xx|xx|1|0|0|0|00
DBG|1|0|11|b|02|02|01|00|xx|xx|1|0|0|0|00
DBG|1|0|13|1|01|02|01|00|xx|xx|1|0|0|0|00
DBG|1|0|14|e|ff|02|01|00|xx|xx|1|0|0|0|00
DBG|1|0|04|a|ff|02|01|00|xx|xx|1|0|0|0|00
DBG|1|0|06|c|03|02|01|00|xx|xx|1|0|0|0|00
DBG|1|0|08|b|03|03|01|00|xx|xx|1|0|0|0|00
DBG|1|0|0a|2|01|03|01|00|xx|xx|1|0|0|0|00
DBG|1|0|0b|c|01|03|01|00|xx|xx|1|0|0|0|00
DBG|1|0|0d|a|01|03|01|00|xx|xx|1|0|0|0|00
DBG|1|0|0f|c|02|03|01|00|xx|xx|1|0|0|0|00
DBG|1|0|11|b|02|02|01|00|xx|xx|1|0|0|0|00
DBG|1|0|13|1|01|02|01|00|xx|xx|1|0|0|0|00
DBG|1|0|14|e|ff|02|01|00|xx|xx|1|0|0|0|00
DBG|1|0|04|a|ff|02|01|00|xx|xx|1|0|0|0|00
DBG|1|0|06|c|03|02|01|00|xx|xx|1|0|0|0|00
DBG|1|0|08|b|03|03|01|00|xx|xx|1|0|0|0|00
DBG|1|0|0a|2|01|03|01|00|xx|xx|1|0|0|0|00
DBG|1|0|0b|c|01|03|01|00|xx|xx|1|0|0|0|00
DBG|1|0|0d|a|01|03|01|00|xx|xx|1|0|0|0|00
DBG|1|0|0f|c|02|03|01|00|xx|xx|1|0|0|0|00
DBG|1|0|11|b|02|02|01|00|xx|xx|1|0|0|0|00
DBG|1|0|13|1|01|02|01|00|xx|xx|1|0|0|0|00
DBG|1|0|14|e|ff|02|01|00|xx|xx|1|0|0|0|00
DBG|1|0|04|a|ff|02|01|00|xx|xx|1|0|0|0|00
DBG|1|0|06|c|03|02|01|00|xx|xx|1|0|0|0|00
DBG|1|0|08|b|03|03|01|00|xx|xx|1|0|0|0|00
DBG|1|0|0a|2|01|03|01|00|xx|xx|1|0|0|0|00
DBG|1|0|0b|c|01|03|01|00|xx|xx|1|0|0|0|00
DBG|1|0|0d|a|01|03|01|00|xx|xx|1|0|0|0|00
DBG|1|0|0f|c|02|03|01|00|xx|xx|1|0|0|0|00
DBG|1|0|11|b|02|02|01|00|xx|xx|1|0|0|0|00
DBG|1|0|13|1|01|02|01|00|xx|xx|1|0|0|0|00
DBG|1|0|14|e|ff|02|01|00|xx|xx|1|0|0|0|00
DBG|1|0|04|a|ff|02|01|00|xx|xx|1|0|0|0|00
DBG|1|0|06|c|03|02|01|00|xx|xx|1|0|0|0|00
DBG|1|0|08|b|03|03|01|00|xx|xx|1|0|0|0|00
DBG|1|0|0a|2|01|03|01|00|xx|xx|1|0|0|0|00
DBG|1|0|0b|c|01|03|01|00|xx|xx|1|0|0|0|00
DBG|1|0|0d|a|01|03|01|00|xx|xx|1|0|0|0|00
DBG|1|0|0f|c|02|03|01|00|xx|xx|1|0|0|0|00
DBG|1|0|11|b|02|02|01|00|xx|xx|1|0|0|0|00
DBG|1|0|13|1|01|02|01|00|xx|xx|1|0|0|0|00
DBG|1|0|14|e|ff|02|01|00|xx|xx|1|0|0|0|00
DBG|1|0|04|a|ff|02|01|00|xx|xx|1|0|0|0|00
DBG|1|0|06|c|03|02|01|00|xx|xx|1|0|0|0|00
DBG|1|0|08|b|03|03|01|00|xx|xx|1|0|0|0|00
DBG|1|0|0a|2|01|03|01|00|xx|xx|1|0|0|0|00
DBG|1|0|0b|c|01|03|01|00|xx|xx|1|0|0|0|00
DBG|1|0|0d|a|01|03|01|00|xx|xx|1|0|0|0|00
DBG|1|0|0f|c|02|03|01|00|xx|xx|1|0|0|0|00
DBG|1|0|11|b|02|02|01|00|xx|xx|1|0|0|0|00
DBG|1|0|13|1|01|02|01|00|xx|xx|1|0|0|0|00
DBG|1|0|14|e|ff|02|01|00|xx|xx|1|0|0|0|00
DBG|1|0|04|a|ff|02|01|00|xx|xx|1|0|0|0|00
DBG|1|0|06|c|03|02|01|00|xx|xx|1|0|0|0|00
DBG|1|0|08|b|03|03|01|00|xx|xx|1|0|0|0|00
DBG|1|0|0a|2|01|03|01|00|xx|xx|1|0|0|0|00
DBG|1|0|0b|c|01|03|01|00|xx|xx|1|0|0|0|00
DBG|1|0|0d|a|01|03|01|00|xx|xx|1|0|0|0|00
DBG|1|0|0f|c|02|03|01|00|xx|xx|1|0|0|0|00
DBG|1|0|11|b|02|02|01|00|xx|xx|1|0|0|0|00
DBG|1|0|13|1|01|02|01|00|xx|xx|1|0|0|0|00
DBG|1|0|14|e|ff|02|01|00|xx|xx|1|0|0|0|00
DBG|1|0|04|a|ff|02|01|00|xx|xx|1|0|0|0|00
DBG|1|0|06|c|03|02|01|00|xx|xx|1|0|0|0|00
DBG|1|0|08|b|03|03|01|00|xx|xx|1|0|0|0|00
DBG|1|0|0a|2|01|03|01|00|xx|xx|1|0|0|0|00
DBG|1|0|0b|c|01|03|01|00|xx|xx|1|0|0|0|00
DBG|1|0|0d|a|01|03|01|00|xx|xx|1|0|0|0|00
DBG|1|0|0f|c|02|03|01|00|xx|xx|1|0|0|0|00
DBG|1|0|11|b|02|02|01|00|xx|xx|1|0|0|0|00
DBG|1|0|13|1|01|02|01|00|xx|xx|1|0|0|0|00
DBG|1|0|14|e|ff|02|01|00|xx|xx|1|0|0|0|00
DBG|1|0|04|a|ff|02|01|00|xx|xx|1|0|0|0|00
DBG|1|0|06|c|03|02|01|00|xx|xx|1|0|0|0|00
DBG|1|0|08|b|03|03|01|00|xx|xx|1|0|0|0|00
DBG|1|0|0a|2|01|03|01|00|xx|xx|1|0|0|0|00
DBG|1|0|0b|c|01|03|01|00|xx|xx|1|0|0|0|00
DBG|1|0|0d|a|01|03|01|00|xx|xx|1|0|0|0|00
DBG|1|0|0f|c|02|03|01|00|xx|xx|1|0|0|0|00
DBG|1|0|11|b|02|02|01|00|xx|xx|1|0|0|0|00
DBG|1|0|13|1|01|02|01|00|xx|xx|1|0|0|0|00
DBG|1|0|14|e|ff|02|01|00|xx|xx|1|0|0|0|00
DBG|1|0|04|a|ff|02|01|00|xx|xx|1|0|0|0|00
DBG|1|0|06|c|03|02|01|00|xx|xx|1|0|0|0|00
DBG|1|0|08|b|03|03|01|00|xx|xx|1|0|0|0|00
DBG|1|0|0a|2|01|03|01|00|xx|xx|1|0|0|0|00
DBG|1|0|0b|c|01|03|01|00|xx|xx|1|0|0|0|00
DBG|1|0|0d|a|01|03|01|00|xx|xx|1|0|0|0|00
DBG|1|0|0f|c|02|03|01|00|xx|xx|1|0|0|0|00
DBG|1|0|11|b|02|02|01|00|xx|xx|1|0|0|0|00
DBG|1|0|13|1|01|02|01|00|xx|xx|1|0|0|0|00
DBG|1|0|14|e|ff|02|01|00|xx|xx|1|0|0|0|00
DBG|1|0|04|a|ff|02|01|00|xx|xx|1|0|0|0|00
DBG|1|0|06|c|03|02|01|00|xx|xx|1|0|0|0|00
DBG|1|0|08|b|03|03|01|00|xx|xx|1|0|0|0|00
DBG|1|0|0a|2|01|03|01|00|xx|xx|1|0|0|0|00
DBG|1|0|0b|c|01|03|01|00|xx|xx|1|0|0|0|00
DBG|1|0|0d|a|01|03|01|00|xx|xx|1|0|0|0|00
DBG|1|0|0f|c|02|03|01|00|xx|xx|1|0|0|0|00
DBG|1|0|11|b|02|02|01|00|xx|xx|1|0|0|0|00
DBG|1|0|13|1|01|02|01|00|xx|xx|1|0|0|0|00
DBG|1|0|14|e|ff|02|01|00|xx|xx|1|0|0|0|00
DBG|1|0|04|a|ff|02|01|00|xx|xx|1|0|0|0|00
DBG|1|0|06|c|03|02|01|00|xx|xx|1|0|0|0|00
DBG|1|0|08|b|03|03|01|00|xx|xx|1|0|0|0|00
DBG|1|0|0a|2|01|03|01|00|xx|xx|1|0|0|0|00
DBG|1|0|0b|c|01|03|01|00|xx|xx|1|0|0|0|00
DBG|1|0|0d|a|01|03|01|00|xx|xx|1|0|0|0|00
DBG|1|0|0f|c|02|03|01|00|xx|xx|1|0|0|0|00
DBG|1|0|11|b|02|02|01|00|xx|xx|1|0|0|0|00
DBG|1|0|13|1|01|02|01|00|xx|xx|1|0|0|0|00
DBG|1|0|14|e|ff|02|01|00|xx|xx|1|0|0|0|00
DBG|1|0|04|a|ff|02|01|00|xx|xx|1|0|0|0|00
DBG|1|0|06|c|03|02|01|00|xx|xx|1|0|0|0|00
DBG|1|0|08|b|03|03|01|00|xx|xx|1|0|0|0|00
DBG|1|0|0a|2|01|03|01|00|xx|xx|1|0|0|0|00
DBG|1|0|0b|c|01|03|01|00|xx|xx|1|0|0|0|00
DBG|1|0|0d|a|01|03|01|00|xx|xx|1|0|0|0|00
DBG|1|0|0f|c|02|03|01|00|xx|xx|1|0|0|0|00
DBG|1|0|11|b|02|02|01|00|xx|xx|1|0|0|0|00
DBG|1|0|13|1|01|02|01|00|xx|xx|1|0|0|0|00
DBG|1|0|14|e|ff|02|01|00|xx|xx|1|0|0|0|00
DBG|1|0|04|a|ff|02|01|00|xx|xx|1|0|0|0|00
DBG|1|0|06|c|03|02|01|00|xx|xx|1|0|0|0|00
DBG|1|0|08|b|03|03|01|00|xx|xx|1|0|0|0|00
DBG|1|0|0a|2|01|03|01|00|xx|xx|1|0|0|0|00
DBG|1|0|0b|c|01|03|01|00|xx|xx|1|0|0|0|00
DBG|1|0|0d|a|01|03|01|00|xx|xx|1|0|0|0|00
DBG|1|0|0f|c|02|03|01|00|xx|xx|1|0|0|0|00
DBG|1|0|11|b|02|02|01|00|xx|xx|1|0|0|0|00
DBG|1|0|13|1|01|02|01|00|xx|xx|1|0|0|0|00
DBG|1|0|14|e|ff|02|01|00|xx|xx|1|0|0|0|00
DBG|1|0|04|a|ff|02|01|00|xx|xx|1|0|0|0|00
DBG|1|0|06|c|03|02|01|00|xx|xx|1|0|0|0|00
DBG|1|0|08|b|03|03|01|00|xx|xx|1|0|0|0|00
DBG|1|0|0a|2|01|03|01|00|xx|xx|1|0|0|0|00
DBG|1|0|0b|c|01|03|01|00|xx|xx|1|0|0|0|00
DBG|1|0|0d|a|01|03|01|00|xx|xx|1|0|0|0|00
DBG|1|0|0f|c|02|03|01|00|xx|xx|1|0|0|0|00
DBG|1|0|11|b|02|02|01|00|xx|xx|1|0|0|0|00
DBG|1|0|13|1|01|02|01|00|xx|xx|1|0|0|0|00
DBG|1|0|14|e|ff|02|01|00|xx|xx|1|0|0|0|00
DBG|1|0|04|a|ff|02|01|00|xx|xx|1|0|0|0|00
DBG|1|0|06|c|03|02|01|00|xx|xx|1|0|0|0|00
DBG|1|0|08|b|03|03|01|00|xx|xx|1|0|0|0|00
DBG|1|0|0a|2|01|03|01|00|xx|xx|1|0|0|0|00
DBG|1|0|0b|c|01|03|01|00|xx|xx|1|0|0|0|00
DBG|1|0|0d|a|01|03|01|00|xx|xx|1|0|0|0|00
DBG|1|0|0f|c|02|03|01|00|xx|xx|1|0|0|0|00
DBG|1|0|11|b|02|02|01|00|xx|xx|1|0|0|0|00
DBG|1|0|13|1|01|02|01|00|xx|xx|1|0|0|0|00
DBG|1|0|14|e|ff|02|01|00|xx|xx|1|0|0|0|00
DBG|1|0|04|a|ff|02|01|00|xx|xx|1|0|0|0|00
DBG|1|0|06|c|03|02|01|00|xx|xx|1|0|0|0|00
DBG|1|0|08|b|03|03|01|00|xx|xx|1|0|0|0|00
DBG|1|0|0a|2|01|03|01|00|xx|xx|1|0|0|0|00
DBG|1|0|0b|c|01|03|01|00|xx|xx|1|0|0|0|00
DBG|1|0|0d|a|01|03|01|00|xx|xx|1|0|0|0|00
DBG|1|0|0f|c|02|03|01|00|xx|xx|1|0|0|0|00
DBG|1|0|11|b|02|02|01|00|xx|xx|1|0|0|0|00
DBG|1|0|13|1|01|02|01|00|xx|xx|1|0|0|0|00
DBG|1|0|14|e|ff|02|01|00|xx|xx|1|0|0|0|00
DBG|1|0|04|a|ff|02|01|00|xx|xx|1|0|0|0|00
DBG|1|0|06|c|03|02|01|00|xx|xx|1|0|0|0|00
DBG|1|0|08|b|03|03|01|00|xx|xx|1|0|0|0|00
DBG|1|0|0a|2|01|03|01|00|xx|xx|1|0|0|0|00
DBG|1|0|0b|c|01|03|01|00|xx|xx|1|0|0|0|00
DBG|1|0|0d|a|01|03|01|00|xx|xx|1|0|0|0|00
DBG|1|0|0f|c|02|03|01|00|xx|xx|1|0|0|0|00
DBG|1|0|11|b|02|02|01|00|xx|xx|1|0|0|0|00
DBG|1|0|13|1|01|02|01|00|xx|xx|1|0|0|0|00
DBG|1|0|14|e|ff|02|01|00|xx|xx|1|0|0|0|00
DBG|1|0|04|a|ff|02|01|00|xx|xx|1|0|0|0|00
DBG|1|0|06|c|03|02|01|00|xx|xx|1|0|0|0|00
DBG|1|0|08|b|03|03|01|00|xx|xx|1|0|0|0|00
DBG|1|0|0a|2|01|03|01|00|xx|xx|1|0|0|0|00
DBG|1|0|0b|c|01|03|01|00|xx|xx|1|0|0|0|00
DBG|1|0|0d|a|01|03|01|00|xx|xx|1|0|0|0|00
DBG|1|0|0f|c|02|03|01|00|xx|xx|1|0|0|0|00
DBG|1|0|11|b|02|02|01|00|xx|xx|1|0|0|0|00
DBG|1|0|13|1|01|02|01|00|xx|xx|1|0|0|0|00
DBG|1|0|14|e|ff|02|01|00|xx|xx|1|0|0|0|00
DBG|1|0|04|a|ff|02|01|00|xx|xx|1|0|0|0|00
DBG|1|0|06|c|03|02|01|00|xx|xx|1|0|0|0|00
DBG|1|0|08|b|03|03|01|00|xx|xx|1|0|0|0|00
DBG|1|0|0a|2|01|03|01|00|xx|xx|1|0|0|0|00
DBG|1|0|0b|c|01|03|01|00|xx|xx|1|0|0|0|00
DBG|1|0|0d|a|01|03|01|00|xx|xx|1|0|0|0|00
DBG|1|0|0f|c|02|03|01|00|xx|xx|1|0|0|0|00
DBG|1|0|11|b|02|02|01|00|xx|xx|1|0|0|0|00
DBG|1|0|13|1|01|02|01|00|xx|xx|1|0|0|0|00
DBG|1|0|14|e|ff|02|01|00|xx|xx|1|0|0|0|00
DBG|1|0|04|a|ff|02|01|00|xx|xx|1|0|0|0|00
DBG|1|0|06|c|03|02|01|00|xx|xx|1|0|0|0|00
DBG|1|0|08|b|03|03|01|00|xx|xx|1|0|0|0|00
DBG|1|0|0a|2|01|03|01|00|xx|xx|1|0|0|0|00
DBG|1|0|0b|c|01|03|01|00|xx|xx|1|0|0|0|00
DBG|1|0|0d|a|01|03|01|00|xx|xx|1|0|0|0|00
DBG|1|0|0f|c|02|03|01|00|xx|xx|1|0|0|0|00
DBG|1|0|11|b|02|02|01|00|xx|xx|1|0|0|0|00
DBG|1|0|13|1|01|02|01|00|xx|xx|1|0|0|0|00
DBG|1|0|14|e|ff|02|01|00|xx|xx|1|0|0|0|00
DBG|1|0|04|a|ff|02|01|00|xx|xx|1|0|0|0|00
DBG|1|0|06|c|03|02|01|00|xx|xx|1|0|0|0|00
DBG|1|0|08|b|03|03|01|00|xx|xx|1|0|0|0|00
DBG|1|0|0a|2|01|03|01|00|xx|xx|1|0|0|0|00
DBG|1|0|0b|c|01|03|01|00|xx|xx|1|0|0|0|00
DBG|1|0|0d|a|01|03|01|00|xx|xx|1|0|0|0|00
DBG|1|0|0f|c|02|03|01|00|xx|xx|1|0|0|0|00
DBG|1|0|11|b|02|02|01|00|xx|xx|1|0|0|0|00
DBG|1|0|13|1|01|02|01|00|xx|xx|1|0|0|0|00
DBG|1|0|14|e|ff|02|01|00|xx|xx|1|0|0|0|00
DBG|1|0|04|a|ff|02|01|00|xx|xx|1|0|0|0|00
DBG|1|0|06|c|03|02|01|00|xx|xx|1|0|0|0|00
DBG|1|0|08|b|03|03|01|00|xx|xx|1|0|0|0|00
DBG|1|0|0a|2|01|03|01|00|xx|xx|1|0|0|0|00
DBG|1|0|0b|c|01|03|01|00|xx|xx|1|0|0|0|00
DBG|1|0|0d|a|01|03|01|00|xx|xx|1|0|0|0|00
DBG|1|0|0f|c|02|03|01|00|xx|xx|1|0|0|0|00
DBG|1|0|11|b|02|02|01|00|xx|xx|1|0|0|0|00
DBG|1|0|13|1|01|02|01|00|xx|xx|1|0|0|0|00
DBG|1|0|14|e|ff|02|01|00|xx|xx|1|0|0|0|00
DBG|1|0|04|a|ff|02|01|00|xx|xx|1|0|0|0|00
DBG|1|0|06|c|03|02|01|00|xx|xx|1|0|0|0|00
DBG|1|0|08|b|03|03|01|00|xx|xx|1|0|0|0|00
DBG|1|0|0a|2|01|03|01|00|xx|xx|1|0|0|0|00
DBG|1|0|0b|c|01|03|01|00|xx|xx|1|0|0|0|00
DBG|1|0|0d|a|01|03|01|00|xx|xx|1|0|0|0|00
DBG|1|0|0f|c|02|03|01|00|xx|xx|1|0|0|0|00
DBG|1|0|11|b|02|02|01|00|xx|xx|1|0|0|0|00
DBG|1|0|13|1|01|02|01|00|xx|xx|1|0|0|0|00
DBG|1|0|14|e|ff|02|01|00|xx|xx|1|0|0|0|00
DBG|1|0|04|a|ff|02|01|00|xx|xx|1|0|0|0|00
DBG|1|0|06|c|03|02|01|00|xx|xx|1|0|0|0|00
DBG|1|0|08|b|03|03|01|00|xx|xx|1|0|0|0|00
DBG|1|0|0a|2|01|03|01|00|xx|xx|1|0|0|0|00
DBG|1|0|0b|c|01|03|01|00|xx|xx|1|0|0|0|00
DBG|1|0|0d|a|01|03|01|00|xx|xx|1|0|0|0|00
DBG|1|0|0f|c|02|03|01|00|xx|xx|1|0|0|0|00
DBG|1|0|11|b|02|02|01|00|xx|xx|1|0|0|0|00
DBG|1|0|13|1|01|02|01|00|xx|xx|1|0|0|0|00
DBG|1|0|14|e|ff|02|01|00|xx|xx|1|0|0|0|00
DBG|1|0|04|a|ff|02|01|00|xx|xx|1|0|0|0|00
DBG|1|0|06|c|03|02|01|00|xx|xx|1|0|0|0|00
DBG|1|0|08|b|03|03|01|00|xx|xx|1|0|0|0|00
DBG|1|0|0a|2|01|03|01|00|xx|xx|1|0|0|0|00
DBG|1|0|0b|c|01|03|01|00|xx|xx|1|0|0|0|00
DBG|1|0|0d|a|01|03|01|00|xx|xx|1|0|0|0|00
DBG|1|0|0f|c|02|03|01|00|xx|xx|1|0|0|0|00
DBG|1|0|11|b|02|02|01|00|xx|xx|1|0|0|0|00
DBG|1|0|13|1|01|02|01|00|xx|xx|1|0|0|0|00
DBG|1|0|14|e|ff|02|01|00|xx|xx|1|0|0|0|00
DBG|1|0|04|a|ff|02|01|00|xx|xx|1|0|0|0|00
DBG|1|0|06|c|03|02|01|00|xx|xx|1|0|0|0|00
DBG|1|0|08|b|03|03|01|00|xx|xx|1|0|0|0|00
DBG|1|0|0a|2|01|03|01|00|xx|xx|1|0|0|0|00
DBG|1|0|0b|c|01|03|01|00|xx|xx|1|0|0|0|00
DBG|1|0|0d|a|01|03|01|00|xx|xx|1|0|0|0|00
DBG|1|0|0f|c|02|03|01|00|xx|xx|1|0|0|0|00
DBG|1|0|11|b|02|02|01|00|xx|xx|1|0|0|0|00
DBG|1|0|13|1|01|02|01|00|xx|xx|1|0|0|0|00
DBG|1|0|14|e|ff|02|01|00|xx|xx|1|0|0|0|00
DBG|1|0|04|a|ff|02|01|00|xx|xx|1|0|0|0|00
DBG|1|0|06|c|03|02|01|00|xx|xx|1|0|0|0|00
DBG|1|0|08|b|03|03|01|00|xx|xx|1|0|0|0|00
DBG|1|0|0a|2|01|03|01|00|xx|xx|1|0|0|0|00
DBG|1|0|0b|c|01|03|01|00|xx|xx|1|0|0|0|00
DBG|1|0|0d|a|01|03|01|00|xx|xx|1|0|0|0|00
DBG|1|0|0f|c|02|03|01|00|xx|xx|1|0|0|0|00
DBG|1|0|11|b|02|02|01|00|xx|xx|1|0|0|0|00
DBG|1|0|13|1|01|02|01|00|xx|xx|1|0|0|0|00
DBG|1|0|14|e|ff|02|01|00|xx|xx|1|0|0|0|00
DBG|1|0|04|a|ff|02|01|00|xx|xx|1|0|0|0|00
DBG|1|0|06|c|03|02|01|00|xx|xx|1|0|0|0|00
DBG|1|0|08|b|03|03|01|00|xx|xx|1|0|0|0|00
DBG|1|0|0a|2|01|03|01|00|xx|xx|1|0|0|0|00
DBG|1|0|0b|c|01|03|01|00|xx|xx|1|0|0|0|00
DBG|1|0|0d|a|01|03|01|00|xx|xx|1|0|0|0|00
DBG|1|0|0f|c|02|03|01|00|xx|xx|1|0|0|0|00
DBG|1|0|11|b|02|02|01|00|xx|xx|1|0|0|0|00
DBG|1|0|13|1|01|02|01|00|xx|xx|1|0|0|0|00
DBG|1|0|14|e|ff|02|01|00|xx|xx|1|0|0|0|00
DBG|1|0|04|a|ff|02|01|00|xx|xx|1|0|0|0|00
DBG|1|0|06|c|03|02|01|00|xx|xx|1|0|0|0|00
DBG|1|0|08|b|03|03|01|00|xx|xx|1|0|0|0|00
DBG|1|0|0a|2|01|03|01|00|xx|xx|1|0|0|0|00
DBG|1|0|0b|c|01|03|01|00|xx|xx|1|0|0|0|00
DBG|1|0|0d|a|01|03|01|00|xx|xx|1|0|0|0|00
DBG|1|0|0f|c|02|03|01|00|xx|xx|1|0|0|0|00
DBG|1|0|11|b|02|02|01|00|xx|xx|1|0|0|0|00
DBG|1|0|13|1|01|02|01|00|xx|xx|1|0|0|0|00
DBG|1|0|14|e|ff|02|01|00|xx|xx|1|0|0|0|00
DBG|1|0|04|a|ff|02|01|00|xx|xx|1|0|0|0|00
DBG|1|0|06|c|03|02|01|00|xx|xx|1|0|0|0|00
DBG|1|0|08|b|03|03|01|00|xx|xx|1|0|0|0|00
DBG|1|0|0a|2|01|03|01|00|xx|xx|1|0|0|0|00
DBG|1|0|0b|c|01|03|01|00|xx|xx|1|0|0|0|00
DBG|1|0|0d|a|01|03|01|00|xx|xx|1|0|0|0|00
DBG|1|0|0f|c|02|03|01|00|xx|xx|1|0|0|0|00
DBG|1|0|11|b|02|02|01|00|xx|xx|1|0|0|0|00
DBG|1|0|13|1|01|02|01|00|xx|xx|1|0|0|0|00
DBG|1|0|14|e|ff|02|01|00|xx|xx|1|0|0|0|00
DBG|1|0|04|a|ff|02|01|00|xx|xx|1|0|0|0|00
DBG|1|0|06|c|03|02|01|00|xx|xx|1|0|0|0|00
DBG|1|0|08|b|03|03|01|00|xx|xx|1|0|0|0|00
DBG|1|0|0a|2|01|03|01|00|xx|xx|1|0|0|0|00
DBG|1|0|0b|c|01|03|01|00|xx|xx|1|0|0|0|00
DBG|1|0|0d|a|01|03|01|00|xx|xx|1|0|0|0|00
DBG|1|0|0f|c|02|03|01|00|xx|xx|1|0|0|0|00
DBG|1|0|11|b|02|02|01|00|xx|xx|1|0|0|0|00
DBG|1|0|13|1|01|02|01|00|xx|xx|1|0|0|0|00
DBG|1|0|14|e|ff|02|01|00|xx|xx|1|0|0|0|00
DBG|1|0|04|a|ff|02|01|00|xx|xx|1|0|0|0|00
DBG|1|0|06|c|03|02|01|00|xx|xx|1|0|0|0|00
DBG|1|0|08|b|03|03|01|00|xx|xx|1|0|0|0|00
DBG|1|0|0a|2|01|03|01|00|xx|xx|1|0|0|0|00
DBG|1|0|0b|c|01|03|01|00|xx|xx|1|0|0|0|00
DBG|1|0|0d|a|01|03|01|00|xx|xx|1|0|0|0|00
DBG|1|0|0f|c|02|03|01|00|xx|xx|1|0|0|0|00
DBG|1|0|11|b|02|02|01|00|xx|xx|1|0|0|0|00
DBG|1|0|13|1|01|02|01|00|xx|xx|1|0|0|0|00
DBG|1|0|14|e|ff|02|01|00|xx|xx|1|0|0|0|00
DBG|1|0|04|a|ff|02|01|00|xx|xx|1|0|0|0|00
DBG|1|0|06|c|03|02|01|00|xx|xx|1|0|0|0|00
DBG|1|0|08|b|03|03|01|00|xx|xx|1|0|0|0|00
DBG|1|0|0a|2|01|03|01|00|xx|xx|1|0|0|0|00
DBG|1|0|0b|c|01|03|01|00|xx|xx|1|0|0|0|00
DBG|1|0|0d|a|01|03|01|00|xx|xx|1|0|0|0|00
DBG|1|0|0f|c|02|03|01|00|xx|xx|1|0|0|0|00
DBG|1|0|11|b|02|02|01|00|xx|xx|1|0|0|0|00
DBG|1|0|13|1|01|02|01|00|xx|xx|1|0|0|0|00
DBG|1|0|14|e|ff|02|01|00|xx|xx|1|0|0|0|00
DBG|1|0|04|a|ff|02|01|00|xx|xx|1|0|0|0|00
DBG|1|0|06|c|03|02|01|00|xx|xx|1|0|0|0|00
DBG|1|0|08|b|03|03|01|00|xx|xx|1|0|0|0|00
DBG|1|0|0a|2|01|03|01|00|xx|xx|1|0|0|0|00
DBG|1|0|0b|c|01|03|01|00|xx|xx|1|0|0|0|00
DBG|1|0|0d|a|01|03|01|00|xx|xx|1|0|0|0|00
DBG|1|0|0f|c|02|03|01|00|xx|xx|1|0|0|0|00
DBG|1|0|11|b|02|02|01|00|xx|xx|1|0|0|0|00
DBG|1|0|13|1|01|02|01|00|xx|xx|1|0|0|0|00
DBG|1|0|14|e|ff|02|01|00|xx|xx|1|0|0|0|00
DBG|1|0|04|a|ff|02|01|00|xx|xx|1|0|0|0|00
DBG|1|0|06|c|03|02|01|00|xx|xx|1|0|0|0|00
DBG|1|0|08|b|03|03|01|00|xx|xx|1|0|0|0|00
DBG|1|0|0a|2|01|03|01|00|xx|xx|1|0|0|0|00
DBG|1|0|0b|c|01|03|01|00|xx|xx|1|0|0|0|00
DBG|1|0|0d|a|01|03|01|00|xx|xx|1|0|0|0|00
DBG|1|0|0f|c|02|03|01|00|xx|xx|1|0|0|0|00
DBG|1|0|11|b|02|02|01|00|xx|xx|1|0|0|0|00
DBG|1|0|13|1|01|02|01|00|xx|xx|1|0|0|0|00
DBG|1|0|14|e|ff|02|01|00|xx|xx|1|0|0|0|00
DBG|1|0|04|a|ff|02|01|00|xx|xx|1|0|0|0|00
DBG|1|0|06|c|03|02|01|00|xx|xx|1|0|0|0|00
DBG|1|0|08|b|03|03|01|00|xx|xx|1|0|0|0|00
DBG|1|0|0a|2|01|03|01|00|xx|xx|1|0|0|0|00
DBG|1|0|0b|c|01|03|01|00|xx|xx|1|0|0|0|00
DBG|1|0|0d|a|01|03|01|00|xx|xx|1|0|0|0|00
DBG|1|0|0f|c|02|03|01|00|xx|xx|1|0|0|0|00
DBG|1|0|11|b|02|02|01|00|xx|xx|1|0|0|0|00
DBG|1|0|13|1|01|02|01|00|xx|xx|1|0|0|0|00
DBG|1|0|14|e|ff|02|01|00|xx|xx|1|0|0|0|00
DBG|1|0|04|a|ff|02|01|00|xx|xx|1|0|0|0|00
DBG|1|0|06|c|03|02|01|00|xx|xx|1|0|0|0|00
DBG|1|0|08|b|03|03|01|00|xx|xx|1|0|0|0|00
DBG|1|0|0a|2|01|03|01|00|xx|xx|1|0|0|0|00
DBG|1|0|0b|c|01|03|01|00|xx|xx|1|0|0|0|00
DBG|1|0|0d|a|01|03|01|00|xx|xx|1|0|0|0|00
DBG|1|0|0f|c|02|03|01|00|xx|xx|1|0|0|0|00
DBG|1|0|11|b|02|02|01|00|xx|xx|1|0|0|0|00
DBG|1|0|13|1|01|02|01|00|xx|xx|1|0|0|0|00
DBG|1|0|14|e|ff|02|01|00|xx|xx|1|0|0|0|00
DBG|1|0|04|a|ff|02|01|00|xx|xx|1|0|0|0|00
DBG|1|0|06|c|03|02|01|00|xx|xx|1|0|0|0|00
DBG|1|0|08|b|03|03|01|00|xx|xx|1|0|0|0|00
DBG|1|0|0a|2|01|03|01|00|xx|xx|1|0|0|0|00
DBG|1|0|0b|c|01|03|01|00|xx|xx|1|0|0|0|00
DBG|1|0|0d|a|01|03|01|00|xx|xx|1|0|0|0|00
DBG|1|0|0f|c|02|03|01|00|xx|xx|1|0|0|0|00
DBG|1|0|11|b|02|02|01|00|xx|xx|1|0|0|0|00
DBG|1|0|13|1|01|02|01|00|xx|xx|1|0|0|0|00
DBG|1|0|14|e|ff|02|01|00|xx|xx|1|0|0|0|00
DBG|1|0|04|a|ff|02|01|00|xx|xx|1|0|0|0|00
DBG|1|0|06|c|03|02|01|00|xx|xx|1|0|0|0|00
DBG|1|0|08|b|03|03|01|00|xx|xx|1|0|0|0|00
DBG|1|0|0a|2|01|03|01|00|xx|xx|1|0|0|0|00
DBG|1|0|0b|c|01|03|01|00|xx|xx|1|0|0|0|00
DBG|1|0|0d|a|01|03|01|00|xx|xx|1|0|0|0|00
DBG|1|0|0f|c|02|03|01|00|xx|xx|1|0|0|0|00
DBG|1|0|11|b|02|02|01|00|xx|xx|1|0|0|0|00
DBG|1|0|13|1|01|02|01|00|xx|xx|1|0|0|0|00
DBG|1|0|14|e|ff|02|01|00|xx|xx|1|0|0|0|00
DBG|1|0|04|a|ff|02|01|00|xx|xx|1|0|0|0|00
DBG|1|0|06|c|03|02|01|00|xx|xx|1|0|0|0|00
DBG|1|0|08|b|03|03|01|00|xx|xx|1|0|0|0|00
DBG|1|0|0a|2|01|03|01|00|xx|xx|1|0|0|0|00
DBG|1|0|0b|c|01|03|01|00|xx|xx|1|0|0|0|00
DBG|1|0|0d|a|01|03|01|00|xx|xx|1|0|0|0|00
DBG|1|0|0f|c|02|03|01|00|xx|xx|1|0|0|0|00
DBG|1|0|11|b|02|02|01|00|xx|xx|1|0|0|0|00
DBG|1|0|13|1|01|02|01|00|xx|xx|1|0|0|0|00
DBG|1|0|14|e|ff|02|01|00|xx|xx|1|0|0|0|00
DBG|1|0|04|a|ff|02|01|00|xx|xx|1|0|0|0|00
DBG|1|0|06|c|03|02|01|00|xx|xx|1|0|0|0|00
DBG|1|0|08|b|03|03|01|00|xx|xx|1|0|0|0|00
DBG|1|0|0a|2|01|03|01|00|xx|xx|1|0|0|0|00
DBG|1|0|0b|c|01|03|01|00|xx|xx|1|0|0|0|00
DBG|1|0|0d|a|01|03|01|00|xx|xx|1|0|0|0|00
DBG|1|0|0f|c|02|03|01|00|xx|xx|1|0|0|0|00
DBG|1|0|11|b|02|02|01|00|xx|xx|1|0|0|0|00
DBG|1|0|13|1|01|02|01|00|xx|xx|1|0|0|0|00
DBG|1|0|14|e|ff|02|01|00|xx|xx|1|0|0|0|00
DBG|1|0|04|a|ff|02|01|00|xx|xx|1|0|0|0|00
DBG|1|0|06|c|03|02|01|00|xx|xx|1|0|0|0|00
DBG|1|0|08|b|03|03|01|00|xx|xx|1|0|0|0|00
DBG|1|0|0a|2|01|03|01|00|xx|xx|1|0|0|0|00
DBG|1|0|0b|c|01|03|01|00|xx|xx|1|0|0|0|00
DBG|1|0|0d|a|01|03|01|00|xx|xx|1|0|0|0|00
DBG|1|0|0f|c|02|03|01|00|xx|xx|1|0|0|0|00
DBG|1|0|11|b|02|02|01|00|xx|xx|1|0|0|0|00
DBG|1|0|13|1|01|02|01|00|xx|xx|1|0|0|0|00
DBG|1|0|14|e|ff|02|01|00|xx|xx|1|0|0|0|00
DBG|1|0|04|a|ff|02|01|00|xx|xx|1|0|0|0|00
DBG|1|0|06|c|03|02|01|00|xx|xx|1|0|0|0|00
DBG|1|0|08|b|03|03|01|00|xx|xx|1|0|0|0|00
DBG|1|0|0a|2|01|03|01|00|xx|xx|1|0|0|0|00
DBG|1|0|0b|c|01|03|01|00|xx|xx|1|0|0|0|00
DBG|1|0|0d|a|01|03|01|00|xx|xx|1|0|0|0|00
DBG|1|0|0f|c|02|03|01|00|xx|xx|1|0|0|0|00
DBG|1|0|11|b|02|02|01|00|xx|xx|1|0|0|0|00
DBG|1|0|13|1|01|02|01|00|xx|xx|1|0|0|0|00
DBG|1|0|14|e|ff|02|01|00|xx|xx|1|0|0|0|00
DBG|1|0|04|a|ff|02|01|00|xx|xx|1|0|0|0|00
DBG|1|0|06|c|03|02|01|00|xx|xx|1|0|0|0|00
DBG|1|0|08|b|03|03|01|00|xx|xx|1|0|0|0|00
DBG|1|0|0a|2|01|03|01|00|xx|xx|1|0|0|0|00
DBG|1|0|0b|c|01|03|01|00|xx|xx|1|0|0|0|00
DBG|1|0|0d|a|01|03|01|00|xx|xx|1|0|0|0|00
DBG|1|0|0f|c|02|03|01|00|xx|xx|1|0|0|0|00
DBG|1|0|11|b|02|02|01|00|xx|xx|1|0|0|0|00
DBG|1|0|13|1|01|02|01|00|xx|xx|1|0|0|0|00
DBG|1|0|14|e|ff|02|01|00|xx|xx|1|0|0|0|00
DBG|1|0|04|a|ff|02|01|00|xx|xx|1|0|0|0|00
DBG|1|0|06|c|03|02|01|00|xx|xx|1|0|0|0|00
DBG|1|0|08|b|03|03|01|00|xx|xx|1|0|0|0|00
DBG|1|0|0a|2|01|03|01|00|xx|xx|1|0|0|0|00
DBG|1|0|0b|c|01|03|01|00|xx|xx|1|0|0|0|00
DBG|1|0|0d|a|01|03|01|00|xx|xx|1|0|0|0|00
DBG|1|0|0f|c|02|03|01|00|xx|xx|1|0|0|0|00
DBG|1|0|11|b|02|02|01|00|xx|xx|1|0|0|0|00
DBG|1|0|13|1|01|02|01|00|xx|xx|1|0|0|0|00
DBG|1|0|14|e|ff|02|01|00|xx|xx|1|0|0|0|00
DBG|1|0|04|a|ff|02|01|00|xx|xx|1|0|0|0|00
DBG|1|0|06|c|03|02|01|00|xx|xx|1|0|0|0|00
DBG|1|0|08|b|03|03|01|00|xx|xx|1|0|0|0|00
DBG|1|0|0a|2|01|03|01|00|xx|xx|1|0|0|0|00
DBG|1|0|0b|c|01|03|01|00|xx|xx|1|0|0|0|00
DBG|1|0|0d|a|01|03|01|00|xx|xx|1|0|0|0|00
DBG|1|0|0f|c|02|03|01|00|xx|xx|1|0|0|0|00
DBG|1|0|11|b|02|02|01|00|xx|xx|1|0|0|0|00
DBG|1|0|13|1|01|02|01|00|xx|xx|1|0|0|0|00
DBG|1|0|14|e|ff|02|01|00|xx|xx|1|0|0|0|00
DBG|1|0|04|a|ff|02|01|00|xx|xx|1|0|0|0|00
DBG|1|0|06|c|03|02|01|00|xx|xx|1|0|0|0|00
DBG|1|0|08|b|03|03|01|00|xx|xx|1|0|0|0|00
DBG|1|0|0a|2|01|03|01|00|xx|xx|1|0|0|0|00
DBG|1|0|0b|c|01|03|01|00|xx|xx|1|0|0|0|00
DBG|1|0|0d|a|01|03|01|00|xx|xx|1|0|0|0|00
DBG|1|0|0f|c|02|03|01|00|xx|xx|1|0|0|0|00
DBG|1|0|11|b|02|02|01|00|xx|xx|1|0|0|0|00
DBG|1|0|13|1|01|02|01|00|xx|xx|1|0|0|0|00
DBG|1|0|14|e|ff|02|01|00|xx|xx|1|0|0|0|00
DBG|1|0|04|a|ff|02|01|00|xx|xx|1|0|0|0|00
DBG|1|0|06|c|03|02|01|00|xx|xx|1|0|0|0|00
DBG|1|0|08|b|03|03|01|00|xx|xx|1|0|0|0|00
DBG|1|0|0a|2|01|03|01|00|xx|xx|1|0|0|0|00
DBG|1|0|0b|c|01|03|01|00|xx|xx|1|0|0|0|00
DBG|1|0|0d|a|01|03|01|00|xx|xx|1|0|0|0|00
DBG|1|0|0f|c|02|03|01|00|xx|xx|1|0|0|0|00
DBG|1|0|11|b|02|02|01|00|xx|xx|1|0|0|0|00
DBG|1|0|13|1|01|02|01|00|xx|xx|1|0|0|0|00
DBG|1|0|14|e|ff|02|01|00|xx|xx|1|0|0|0|00
DBG|1|0|04|a|ff|02|01|00|xx|xx|1|0|0|0|00
DBG|1|0|06|c|03|02|01|00|xx|xx|1|0|0|0|00
DBG|1|0|08|b|03|03|01|00|xx|xx|1|0|0|0|00
DBG|1|0|0a|2|01|03|01|00|xx|xx|1|0|0|0|00
DBG|1|0|0b|c|01|03|01|00|xx|xx|1|0|0|0|00
DBG|1|0|0d|a|01|03|01|00|xx|xx|1|0|0|0|00
DBG|1|0|0f|c|02|03|01|00|xx|xx|1|0|0|0|00
DBG|1|0|11|b|02|02|01|00|xx|xx|1|0|0|0|00
DBG|1|0|13|1|01|02|01|00|xx|xx|1|0|0|0|00
DBG|1|0|14|e|ff|02|01|00|xx|xx|1|0|0|0|00
DBG|1|0|04|a|ff|02|01|00|xx|xx|1|0|0|0|00
DBG|1|0|06|c|03|02|01|00|xx|xx|1|0|0|0|00
DBG|1|0|08|b|03|03|01|00|xx|xx|1|0|0|0|00
DBG|1|0|0a|2|01|03|01|00|xx|xx|1|0|0|0|00
DBG|1|0|0b|c|01|03|01|00|xx|xx|1|0|0|0|00
DBG|1|0|0d|a|01|03|01|00|xx|xx|1|0|0|0|00
DBG|1|0|0f|c|02|03|01|00|xx|xx|1|0|0|0|00
DBG|1|0|11|b|02|02|01|00|xx|xx|1|0|0|0|00
DBG|1|0|13|1|01|02|01|00|xx|xx|1|0|0|0|00
DBG|1|0|14|e|ff|02|01|00|xx|xx|1|0|0|0|00
DBG|1|0|04|a|ff|02|01|00|xx|xx|1|0|0|0|00
DBG|1|0|06|c|03|02|01|00|xx|xx|1|0|0|0|00
DBG|1|0|08|b|03|03|01|00|xx|xx|1|0|0|0|00
DBG|1|0|0a|2|01|03|01|00|xx|xx|1|0|0|0|00
DBG|1|0|0b|c|01|03|01|00|xx|xx|1|0|0|0|00
DBG|1|0|0d|a|01|03|01|00|xx|xx|1|0|0|0|00
DBG|1|0|0f|c|02|03|01|00|xx|xx|1|0|0|0|00
DBG|1|0|11|b|02|02|01|00|xx|xx|1|0|0|0|00
DBG|1|0|13|1|01|02|01|00|xx|xx|1|0|0|0|00
DBG|1|0|14|e|ff|02|01|00|xx|xx|1|0|0|0|00
DBG|1|0|04|a|ff|02|01|00|xx|xx|1|0|0|0|00
DBG|1|0|06|c|03|02|01|00|xx|xx|1|0|0|0|00
DBG|1|0|08|b|03|03|01|00|xx|xx|1|0|0|0|00
DBG|1|0|0a|2|01|03|01|00|xx|xx|1|0|0|0|00
DBG|1|0|0b|c|01|03|01|00|xx|xx|1|0|0|0|00
DBG|1|0|0d|a|01|03|01|00|xx|xx|1|0|0|0|00
DBG|1|0|0f|c|02|03|01|00|xx|xx|1|0|0|0|00
DBG|1|0|11|b|02|02|01|00|xx|xx|1|0|0|0|00
DBG|1|0|13|1|01|02|01|00|xx|xx|1|0|0|0|00
DBG|1|0|14|e|ff|02|01|00|xx|xx|1|0|0|0|00
DBG|1|0|04|a|ff|02|01|00|xx|xx|1|0|0|0|00
DBG|1|0|06|c|03|02|01|00|xx|xx|1|0|0|0|00
DBG|1|0|08|b|03|03|01|00|xx|xx|1|0|0|0|00
DBG|1|0|0a|2|01|03|01|00|xx|xx|1|0|0|0|00
DBG|1|0|0b|c|01|03|01|00|xx|xx|1|0|0|0|00
DBG|1|0|0d|a|01|03|01|00|xx|xx|1|0|0|0|00
DBG|1|0|0f|c|02|03|01|00|xx|xx|1|0|0|0|00
DBG|1|0|11|b|02|02|01|00|xx|xx|1|0|0|0|00
DBG|1|0|13|1|01|02|01|00|xx|xx|1|0|0|0|00
DBG|1|0|14|e|ff|02|01|00|xx|xx|1|0|0|0|00
DBG|1|0|04|a|ff|02|01|00|xx|xx|1|0|0|0|00
DBG|1|0|06|c|03|02|01|00|xx|xx|1|0|0|0|00
DBG|1|0|08|b|03|03|01|00|xx|xx|1|0|0|0|00
DBG|1|0|0a|2|01|03|01|00|xx|xx|1|0|0|0|00
DBG|1|0|0b|c|01|03|01|00|xx|xx|1|0|0|0|00
DBG|1|0|0d|a|01|03|01|00|xx|xx|1|0|0|0|00
DBG|1|0|0f|c|02|03|01|00|xx|xx|1|0|0|0|00
DBG|1|0|11|b|02|02|01|00|xx|xx|1|0|0|0|00
DBG|1|0|13|1|01|02|01|00|xx|xx|1|0|0|0|00
DBG|1|0|14|e|ff|02|01|00|xx|xx|1|0|0|0|00
DBG|1|0|04|a|ff|02|01|00|xx|xx|1|0|0|0|00
DBG|1|0|06|c|03|02|01|00|xx|xx|1|0|0|0|00
DBG|1|0|08|b|03|03|01|00|xx|xx|1|0|0|0|00
DBG|1|0|0a|2|01|03|01|00|xx|xx|1|0|0|0|00
DBG|1|0|0b|c|01|03|01|00|xx|xx|1|0|0|0|00
DBG|1|0|0d|a|01|03|01|00|xx|xx|1|0|0|0|00
DBG|1|0|0f|c|02|03|01|00|xx|xx|1|0|0|0|00
DBG|1|0|11|b|02|02|01|00|xx|xx|1|0|0|0|00
DBG|1|0|13|1|01|02|01|00|xx|xx|1|0|0|0|00
DBG|1|0|14|e|ff|02|01|00|xx|xx|1|0|0|0|00
DBG|1|0|04|a|ff|02|01|00|xx|xx|1|0|0|0|00
DBG|1|0|06|c|03|02|01|00|xx|xx|1|0|0|0|00
DBG|1|0|08|b|03|03|01|00|xx|xx|1|0|0|0|00
DBG|1|0|0a|2|01|03|01|00|xx|xx|1|0|0|0|00
DBG|1|0|0b|c|01|03|01|00|xx|xx|1|0|0|0|00
DBG|1|0|0d|a|01|03|01|00|xx|xx|1|0|0|0|00
DBG|1|0|0f|c|02|03|01|00|xx|xx|1|0|0|0|00
DBG|1|0|11|b|02|02|01|00|xx|xx|1|0|0|0|00
DBG|1|0|13|1|01|02|01|00|xx|xx|1|0|0|0|00
DBG|1|0|14|e|ff|02|01|00|xx|xx|1|0|0|0|00
DBG|1|0|04|a|ff|02|01|00|xx|xx|1|0|0|0|00
DBG|1|0|06|c|03|02|01|00|xx|xx|1|0|0|0|00
DBG|1|0|08|b|03|03|01|00|xx|xx|1|0|0|0|00
DBG|1|0|0a|2|01|03|01|00|xx|xx|1|0|0|0|00
DBG|1|0|0b|c|01|03|01|00|xx|xx|1|0|0|0|00
DBG|1|0|0d|a|01|03|01|00|xx|xx|1|0|0|0|00
DBG|1|0|0f|c|02|03|01|00|xx|xx|1|0|0|0|00
DBG|1|0|11|b|02|02|01|00|xx|xx|1|0|0|0|00
DBG|1|0|13|1|01|02|01|00|xx|xx|1|0|0|0|00
DBG|1|0|14|e|ff|02|01|00|xx|xx|1|0|0|0|00
DBG|1|0|04|a|ff|02|01|00|xx|xx|1|0|0|0|00
DBG|1|0|06|c|03|02|01|00|xx|xx|1|0|0|0|00
DBG|1|0|08|b|03|03|01|00|xx|xx|1|0|0|0|00
DBG|1|0|0a|2|01|03|01|00|xx|xx|1|0|0|0|00
DBG|1|0|0b|c|01|03|01|00|xx|xx|1|0|0|0|00
DBG|1|0|0d|a|01|03|01|00|xx|xx|1|0|0|0|00
DBG|1|0|0f|c|02|03|01|00|xx|xx|1|0|0|0|00
DBG|1|0|11|b|02|02|01|00|xx|xx|1|0|0|0|00
DBG|1|0|13|1|01|02|01|00|xx|xx|1|0|0|0|00
DBG|1|0|14|e|ff|02|01|00|xx|xx|1|0|0|0|00
DBG|1|0|04|a|ff|02|01|00|xx|xx|1|0|0|0|00
DBG|1|0|06|c|03|02|01|00|xx|xx|1|0|0|0|00
DBG|1|0|08|b|03|03|01|00|xx|xx|1|0|0|0|00
DBG|1|0|0a|2|01|03|01|00|xx|xx|1|0|0|0|00
DBG|1|0|0b|c|01|03|01|00|xx|xx|1|0|0|0|00
DBG|1|0|0d|a|01|03|01|00|xx|xx|1|0|0|0|00
DBG|1|0|0f|c|02|03|01|00|xx|xx|1|0|0|0|00
DBG|1|0|11|b|02|02|01|00|xx|xx|1|0|0|0|00
DBG|1|0|13|1|01|02|01|00|xx|xx|1|0|0|0|00
DBG|1|0|14|e|ff|02|01|00|xx|xx|1|0|0|0|00
DBG|1|0|04|a|ff|02|01|00|xx|xx|1|0|0|0|00
DBG|1|0|06|c|03|02|01|00|xx|xx|1|0|0|0|00
DBG|1|0|08|b|03|03|01|00|xx|xx|1|0|0|0|00
DBG|1|0|0a|2|01|03|01|00|xx|xx|1|0|0|0|00
DBG|1|0|0b|c|01|03|01|00|xx|xx|1|0|0|0|00
DBG|1|0|0d|a|01|03|01|00|xx|xx|1|0|0|0|00
DBG|1|0|0f|c|02|03|01|00|xx|xx|1|0|0|0|00
DBG|1|0|11|b|02|02|01|00|xx|xx|1|0|0|0|00
DBG|1|0|13|1|01|02|01|00|xx|xx|1|0|0|0|00
DBG|1|0|14|e|ff|02|01|00|xx|xx|1|0|0|0|00
DBG|1|0|04|a|ff|02|01|00|xx|xx|1|0|0|0|00
DBG|1|0|06|c|03|02|01|00|xx|xx|1|0|0|0|00
DBG|1|0|08|b|03|03|01|00|xx|xx|1|0|0|0|00
DBG|1|0|0a|2|01|03|01|00|xx|xx|1|0|0|0|00
DBG|1|0|0b|c|01|03|01|00|xx|xx|1|0|0|0|00
DBG|1|0|0d|a|01|03|01|00|xx|xx|1|0|0|0|00
DBG|1|0|0f|c|02|03|01|00|xx|xx|1|0|0|0|00
DBG|1|0|11|b|02|02|01|00|xx|xx|1|0|0|0|00
DBG|1|0|13|1|01|02|01|00|xx|xx|1|0|0|0|00
DBG|1|0|14|e|ff|02|01|00|xx|xx|1|0|0|0|00
DBG|1|0|04|a|ff|02|01|00|xx|xx|1|0|0|0|00
DBG|1|0|06|c|03|02|01|00|xx|xx|1|0|0|0|00
DBG|1|0|08|b|03|03|01|00|xx|xx|1|0|0|0|00
DBG|1|0|0a|2|01|03|01|00|xx|xx|1|0|0|0|00
DBG|1|0|0b|c|01|03|01|00|xx|xx|1|0|0|0|00
DBG|1|0|0d|a|01|03|01|00|xx|xx|1|0|0|0|00
DBG|1|0|0f|c|02|03|01|00|xx|xx|1|0|0|0|00
DBG|1|0|11|b|02|02|01|00|xx|xx|1|0|0|0|00
DBG|1|0|13|1|01|02|01|00|xx|xx|1|0|0|0|00
DBG|1|0|14|e|ff|02|01|00|xx|xx|1|0|0|0|00
DBG|1|0|04|a|ff|02|01|00|xx|xx|1|0|0|0|00
DBG|1|0|06|c|03|02|01|00|xx|xx|1|0|0|0|00
DBG|1|0|08|b|03|03|01|00|xx|xx|1|0|0|0|00
DBG|1|0|0a|2|01|03|01|00|xx|xx|1|0|0|0|00
DBG|1|0|0b|c|01|03|01|00|xx|xx|1|0|0|0|00
DBG|1|0|0d|a|01|03|01|00|xx|xx|1|0|0|0|00
DBG|1|0|0f|c|02|03|01|00|xx|xx|1|0|0|0|00
DBG|1|0|11|b|02|02|01|00|xx|xx|1|0|0|0|00
DBG|1|0|13|1|01|02|01|00|xx|xx|1|0|0|0|00
DBG|1|0|14|e|ff|02|01|00|xx|xx|1|0|0|0|00
DBG|1|0|04|a|ff|02|01|00|xx|xx|1|0|0|0|00
DBG|1|0|06|c|03|02|01|00|xx|xx|1|0|0|0|00
DBG|1|0|08|b|03|03|01|00|xx|xx|1|0|0|0|00
DBG|1|0|0a|2|01|03|01|00|xx|xx|1|0|0|0|00
DBG|1|0|0b|c|01|03|01|00|xx|xx|1|0|0|0|00
DBG|1|0|0d|a|01|03|01|00|xx|xx|1|0|0|0|00
DBG|1|0|0f|c|02|03|01|00|xx|xx|1|0|0|0|00
DBG|1|0|11|b|02|02|01|00|xx|xx|1|0|0|0|00
DBG|1|0|13|1|01|02|01|00|xx|xx|1|0|0|0|00
DBG|1|0|14|e|ff|02|01|00|xx|xx|1|0|0|0|00
DBG|1|0|04|a|ff|02|01|00|xx|xx|1|0|0|0|00
DBG|1|0|06|c|03|02|01|00|xx|xx|1|0|0|0|00
DBG|1|0|08|b|03|03|01|00|xx|xx|1|0|0|0|00
DBG|1|0|0a|2|01|03|01|00|xx|xx|1|0|0|0|00
DBG|1|0|0b|c|01|03|01|00|xx|xx|1|0|0|0|00
DBG|1|0|0d|a|01|03|01|00|xx|xx|1|0|0|0|00
DBG|1|0|0f|c|02|03|01|00|xx|xx|1|0|0|0|00
DBG|1|0|11|b|02|02|01|00|xx|xx|1|0|0|0|00
DBG|1|0|13|1|01|02|01|00|xx|xx|1|0|0|0|00
DBG|1|0|14|e|ff|02|01|00|xx|xx|1|0|0|0|00
DBG|1|0|04|a|ff|02|01|00|xx|xx|1|0|0|0|00
DBG|1|0|06|c|03|02|01|00|xx|xx|1|0|0|0|00
DBG|1|0|08|b|03|03|01|00|xx|xx|1|0|0|0|00
DBG|1|0|0a|2|01|03|01|00|xx|xx|1|0|0|0|00
DBG|1|0|0b|c|01|03|01|00|xx|xx|1|0|0|0|00
DBG|1|0|0d|a|01|03|01|00|xx|xx|1|0|0|0|00
DBG|1|0|0f|c|02|03|01|00|xx|xx|1|0|0|0|00
DBG|1|0|11|b|02|02|01|00|xx|xx|1|0|0|0|00
DBG|1|0|13|1|01|02|01|00|xx|xx|1|0|0|0|00
DBG|1|0|14|e|ff|02|01|00|xx|xx|1|0|0|0|00
DBG|1|0|04|a|ff|02|01|00|xx|xx|1|0|0|0|00
DBG|1|0|06|c|03|02|01|00|xx|xx|1|0|0|0|00
DBG|1|0|08|b|03|03|01|00|xx|xx|1|0|0|0|00
DBG|1|0|0a|2|01|03|01|00|xx|xx|1|0|0|0|00
DBG|1|0|0b|c|01|03|01|00|xx|xx|1|0|0|0|00
DBG|1|0|0d|a|01|03|01|00|xx|xx|1|0|0|0|00
DBG|1|0|0f|c|02|03|01|00|xx|xx|1|0|0|0|00
DBG|1|0|11|b|02|02|01|00|xx|xx|1|0|0|0|00
DBG|1|0|13|1|01|02|01|00|xx|xx|1|0|0|0|00
DBG|1|0|14|e|ff|02|01|00|xx|xx|1|0|0|0|00
DBG|1|0|04|a|ff|02|01|00|xx|xx|1|0|0|0|00
DBG|1|0|06|c|03|02|01|00|xx|xx|1|0|0|0|00
DBG|1|0|08|b|03|03|01|00|xx|xx|1|0|0|0|00
DBG|1|0|0a|2|01|03|01|00|xx|xx|1|0|0|0|00
DBG|1|0|0b|c|01|03|01|00|xx|xx|1|0|0|0|00
DBG|1|0|0d|a|01|03|01|00|xx|xx|1|0|0|0|00
DBG|1|0|0f|c|02|03|01|00|xx|xx|1|0|0|0|00
DBG|1|0|11|b|02|02|01|00|xx|xx|1|0|0|0|00
DBG|1|0|13|1|01|02|01|00|xx|xx|1|0|0|0|00
DBG|1|0|14|e|ff|02|01|00|xx|xx|1|0|0|0|00
DBG|1|0|04|a|ff|02|01|00|xx|xx|1|0|0|0|00
DBG|1|0|06|c|03|02|01|00|xx|xx|1|0|0|0|00
DBG|1|0|08|b|03|03|01|00|xx|xx|1|0|0|0|00
DBG|1|0|0a|2|01|03|01|00|xx|xx|1|0|0|0|00
DBG|1|0|0b|c|01|03|01|00|xx|xx|1|0|0|0|00
DBG|1|0|0d|a|01|03|01|00|xx|xx|1|0|0|0|00
DBG|1|0|0f|c|02|03|01|00|xx|xx|1|0|0|0|00
DBG|1|0|11|b|02|02|01|00|xx|xx|1|0|0|0|00
DBG|1|0|13|1|01|02|01|00|xx|xx|1|0|0|0|00
DBG|1|0|14|e|ff|02|01|00|xx|xx|1|0|0|0|00
DBG|1|0|04|a|ff|02|01|00|xx|xx|1|0|0|0|00
DBG|1|0|06|c|03|02|01|00|xx|xx|1|0|0|0|00
DBG|1|0|08|b|03|03|01|00|xx|xx|1|0|0|0|00
DBG|1|0|0a|2|01|03|01|00|xx|xx|1|0|0|0|00
DBG|1|0|0b|c|01|03|01|00|xx|xx|1|0|0|0|00
DBG|1|0|0d|a|01|03|01|00|xx|xx|1|0|0|0|00
DBG|1|0|0f|c|02|03|01|00|xx|xx|1|0|0|0|00
DBG|1|0|11|b|02|02|01|00|xx|xx|1|0|0|0|00
DBG|1|0|13|1|01|02|01|00|xx|xx|1|0|0|0|00
DBG|1|0|14|e|ff|02|01|00|xx|xx|1|0|0|0|00
DBG|1|0|04|a|ff|02|01|00|xx|xx|1|0|0|0|00
DBG|1|0|06|c|03|02|01|00|xx|xx|1|0|0|0|00
DBG|1|0|08|b|03|03|01|00|xx|xx|1|0|0|0|00
DBG|1|0|0a|2|01|03|01|00|xx|xx|1|0|0|0|00
DBG|1|0|0b|c|01|03|01|00|xx|xx|1|0|0|0|00
DBG|1|0|0d|a|01|03|01|00|xx|xx|1|0|0|0|00
DBG|1|0|0f|c|02|03|01|00|xx|xx|1|0|0|0|00
DBG|1|0|11|b|02|02|01|00|xx|xx|1|0|0|0|00
DBG|1|0|13|1|01|02|01|00|xx|xx|1|0|0|0|00
DBG|1|0|14|e|ff|02|01|00|xx|xx|1|0|0|0|00
DBG|1|0|04|a|ff|02|01|00|xx|xx|1|0|0|0|00
DBG|1|0|06|c|03|02|01|00|xx|xx|1|0|0|0|00
DBG|1|0|08|b|03|03|01|00|xx|xx|1|0|0|0|00
DBG|1|0|0a|2|01|03|01|00|xx|xx|1|0|0|0|00
DBG|1|0|0b|c|01|03|01|00|xx|xx|1|0|0|0|00
DBG|1|0|0d|a|01|03|01|00|xx|xx|1|0|0|0|00
DBG|1|0|0f|c|02|03|01|00|xx|xx|1|0|0|0|00
DBG|1|0|11|b|02|02|01|00|xx|xx|1|0|0|0|00
DBG|1|0|13|1|01|02|01|00|xx|xx|1|0|0|0|00
DBG|1|0|14|e|ff|02|01|00|xx|xx|1|0|0|0|00
DBG|1|0|04|a|ff|02|01|00|xx|xx|1|0|0|0|00
DBG|1|0|06|c|03|02|01|00|xx|xx|1|0|0|0|00
DBG|1|0|08|b|03|03|01|00|xx|xx|1|0|0|0|00
DBG|1|0|0a|2|01|03|01|00|xx|xx|1|0|0|0|00
DBG|1|0|0b|c|01|03|01|00|xx|xx|1|0|0|0|00
DBG|1|0|0d|a|01|03|01|00|xx|xx|1|0|0|0|00
DBG|1|0|0f|c|02|03|01|00|xx|xx|1|0|0|0|00
DBG|1|0|11|b|02|02|01|00|xx|xx|1|0|0|0|00
DBG|1|0|13|1|01|02|01|00|xx|xx|1|0|0|0|00
DBG|1|0|14|e|ff|02|01|00|xx|xx|1|0|0|0|00
DBG|1|0|04|a|ff|02|01|00|xx|xx|1|0|0|0|00
DBG|1|0|06|c|03|02|01|00|xx|xx|1|0|0|0|00
DBG|1|0|08|b|03|03|01|00|xx|xx|1|0|0|0|00
DBG|1|0|0a|2|01|03|01|00|xx|xx|1|0|0|0|00
DBG|1|0|0b|c|01|03|01|00|xx|xx|1|0|0|0|00
DBG|1|0|0d|a|01|03|01|00|xx|xx|1|0|0|0|00
DBG|1|0|0f|c|02|03|01|00|xx|xx|1|0|0|0|00
DBG|1|0|11|b|02|02|01|00|xx|xx|1|0|0|0|00
DBG|1|0|13|1|01|02|01|00|xx|xx|1|0|0|0|00
DBG|1|0|14|e|ff|02|01|00|xx|xx|1|0|0|0|00
DBG|1|0|04|a|ff|02|01|00|xx|xx|1|0|0|0|00
DBG|1|0|06|c|03|02|01|00|xx|xx|1|0|0|0|00
DBG|1|0|08|b|03|03|01|00|xx|xx|1|0|0|0|00
DBG|1|0|0a|2|01|03|01|00|xx|xx|1|0|0|0|00
DBG|1|0|0b|c|01|03|01|00|xx|xx|1|0|0|0|00
DBG|1|0|0d|a|01|03|01|00|xx|xx|1|0|0|0|00
DBG|1|0|0f|c|02|03|01|00|xx|xx|1|0|0|0|00
DBG|1|0|11|b|02|02|01|00|xx|xx|1|0|0|0|00
DBG|1|0|13|1|01|02|01|00|xx|xx|1|0|0|0|00
DBG|1|0|14|e|ff|02|01|00|xx|xx|1|0|0|0|00
DBG|1|0|04|a|ff|02|01|00|xx|xx|1|0|0|0|00
DBG|1|0|06|c|03|02|01|00|xx|xx|1|0|0|0|00
DBG|1|0|08|b|03|03|01|00|xx|xx|1|0|0|0|00
DBG|1|0|0a|2|01|03|01|00|xx|xx|1|0|0|0|00
DBG|1|0|0b|c|01|03|01|00|xx|xx|1|0|0|0|00
DBG|1|0|0d|a|01|03|01|00|xx|xx|1|0|0|0|00
DBG|1|0|0f|c|02|03|01|00|xx|xx|1|0|0|0|00
DBG|1|0|11|b|02|02|01|00|xx|xx|1|0|0|0|00
DBG|1|0|13|1|01|02|01|00|xx|xx|1|0|0|0|00
DBG|1|0|14|e|ff|02|01|00|xx|xx|1|0|0|0|00
DBG|1|0|04|a|ff|02|01|00|xx|xx|1|0|0|0|00
DBG|1|0|06|c|03|02|01|00|xx|xx|1|0|0|0|00
DBG|1|0|08|b|03|03|01|00|xx|xx|1|0|0|0|00
DBG|1|0|0a|2|01|03|01|00|xx|xx|1|0|0|0|00
DBG|1|0|0b|c|01|03|01|00|xx|xx|1|0|0|0|00
DBG|1|0|0d|a|01|03|01|00|xx|xx|1|0|0|0|00
DBG|1|0|0f|c|02|03|01|00|xx|xx|1|0|0|0|00
DBG|1|0|11|b|02|02|01|00|xx|xx|1|0|0|0|00
DBG|1|0|13|1|01|02|01|00|xx|xx|1|0|0|0|00
DBG|1|0|14|e|ff|02|01|00|xx|xx|1|0|0|0|00
DBG|1|0|04|a|ff|02|01|00|xx|xx|1|0|0|0|00
DBG|1|0|06|c|03|02|01|00|xx|xx|1|0|0|0|00
DBG|1|0|08|b|03|03|01|00|xx|xx|1|0|0|0|00
DBG|1|0|0a|2|01|03|01|00|xx|xx|1|0|0|0|00
DBG|1|0|0b|c|01|03|01|00|xx|xx|1|0|0|0|00
DBG|1|0|0d|a|01|03|01|00|xx|xx|1|0|0|0|00
DBG|1|0|0f|c|02|03|01|00|xx|xx|1|0|0|0|00
DBG|1|0|11|b|02|02|01|00|xx|xx|1|0|0|0|00
DBG|1|0|13|1|01|02|01|00|xx|xx|1|0|0|0|00
DBG|1|0|14|e|ff|02|01|00|xx|xx|1|0|0|0|00
DBG|1|0|04|a|ff|02|01|00|xx|xx|1|0|0|0|00
DBG|1|0|06|c|03|02|01|00|xx|xx|1|0|0|0|00
DBG|1|0|08|b|03|03|01|00|xx|xx|1|0|0|0|00
DBG|1|0|0a|2|01|03|01|00|xx|xx|1|0|0|0|00
DBG|1|0|0b|c|01|03|01|00|xx|xx|1|0|0|0|00
DBG|1|0|0d|a|01|03|01|00|xx|xx|1|0|0|0|00
DBG|1|0|0f|c|02|03|01|00|xx|xx|1|0|0|0|00
DBG|1|0|11|b|02|02|01|00|xx|xx|1|0|0|0|00
DBG|1|0|13|1|01|02|01|00|xx|xx|1|0|0|0|00
DBG|1|0|14|e|ff|02|01|00|xx|xx|1|0|0|0|00
DBG|1|0|04|a|ff|02|01|00|xx|xx|1|0|0|0|00
DBG|1|0|06|c|03|02|01|00|xx|xx|1|0|0|0|00
DBG|1|0|08|b|03|03|01|00|xx|xx|1|0|0|0|00
DBG|1|0|0a|2|01|03|01|00|xx|xx|1|0|0|0|00
DBG|1|0|0b|c|01|03|01|00|xx|xx|1|0|0|0|00
DBG|1|0|0d|a|01|03|01|00|xx|xx|1|0|0|0|00
DBG|1|0|0f|c|02|03|01|00|xx|xx|1|0|0|0|00
DBG|1|0|11|b|02|02|01|00|xx|xx|1|0|0|0|00
DBG|1|0|13|1|01|02|01|00|xx|xx|1|0|0|0|00
DBG|1|0|14|e|ff|02|01|00|xx|xx|1|0|0|0|00
DBG|1|0|04|a|ff|02|01|00|xx|xx|1|0|0|0|00
DBG|1|0|06|c|03|02|01|00|xx|xx|1|0|0|0|00
DBG|1|0|08|b|03|03|01|00|xx|xx|1|0|0|0|00
DBG|1|0|0a|2|01|03|01|00|xx|xx|1|0|0|0|00
DBG|1|0|0b|c|01|03|01|00|xx|xx|1|0|0|0|00
DBG|1|0|0d|a|01|03|01|00|xx|xx|1|0|0|0|00
DBG|1|0|0f|c|02|03|01|00|xx|xx|1|0|0|0|00
DBG|1|0|11|b|02|02|01|00|xx|xx|1|0|0|0|00
DBG|1|0|13|1|01|02|01|00|xx|xx|1|0|0|0|00
DBG|1|0|14|e|ff|02|01|00|xx|xx|1|0|0|0|00
DBG|1|0|04|a|ff|02|01|00|xx|xx|1|0|0|0|00
DBG|1|0|06|c|03|02|01|00|xx|xx|1|0|0|0|00
DBG|1|0|08|b|03|03|01|00|xx|xx|1|0|0|0|00
DBG|1|0|0a|2|01|03|01|00|xx|xx|1|0|0|0|00
DBG|1|0|0b|c|01|03|01|00|xx|xx|1|0|0|0|00
DBG|1|0|0d|a|01|03|01|00|xx|xx|1|0|0|0|00
DBG|1|0|0f|c|02|03|01|00|xx|xx|1|0|0|0|00
DBG|1|0|11|b|02|02|01|00|xx|xx|1|0|0|0|00
DBG|1|0|13|1|01|02|01|00|xx|xx|1|0|0|0|00
DBG|1|0|14|e|ff|02|01|00|xx|xx|1|0|0|0|00
DBG|1|0|04|a|ff|02|01|00|xx|xx|1|0|0|0|00
DBG|1|0|06|c|03|02|01|00|xx|xx|1|0|0|0|00
DBG|1|0|08|b|03|03|01|00|xx|xx|1|0|0|0|00
DBG|1|0|0a|2|01|03|01|00|xx|xx|1|0|0|0|00
DBG|1|0|0b|c|01|03|01|00|xx|xx|1|0|0|0|00
DBG|1|0|0d|a|01|03|01|00|xx|xx|1|0|0|0|00
DBG|1|0|0f|c|02|03|01|00|xx|xx|1|0|0|0|00
DBG|1|0|11|b|02|02|01|00|xx|xx|1|0|0|0|00
DBG|1|0|13|1|01|02|01|00|xx|xx|1|0|0|0|00
DBG|1|0|14|e|ff|02|01|00|xx|xx|1|0|0|0|00
DBG|1|0|04|a|ff|02|01|00|xx|xx|1|0|0|0|00
DBG|1|0|06|c|03|02|01|00|xx|xx|1|0|0|0|00
DBG|1|0|08|b|03|03|01|00|xx|xx|1|0|0|0|00
DBG|1|0|0a|2|01|03|01|00|xx|xx|1|0|0|0|00
DBG|1|0|0b|c|01|03|01|00|xx|xx|1|0|0|0|00
DBG|1|0|0d|a|01|03|01|00|xx|xx|1|0|0|0|00
DBG|1|0|0f|c|02|03|01|00|xx|xx|1|0|0|0|00
DBG|1|0|11|b|02|02|01|00|xx|xx|1|0|0|0|00
DBG|1|0|13|1|01|02|01|00|xx|xx|1|0|0|0|00
DBG|1|0|14|e|ff|02|01|00|xx|xx|1|0|0|0|00
DBG|1|0|04|a|ff|02|01|00|xx|xx|1|0|0|0|00
DBG|1|0|06|c|03|02|01|00|xx|xx|1|0|0|0|00
DBG|1|0|08|b|03|03|01|00|xx|xx|1|0|0|0|00
DBG|1|0|0a|2|01|03|01|00|xx|xx|1|0|0|0|00
DBG|1|0|0b|c|01|03|01|00|xx|xx|1|0|0|0|00
DBG|1|0|0d|a|01|03|01|00|xx|xx|1|0|0|0|00
DBG|1|0|0f|c|02|03|01|00|xx|xx|1|0|0|0|00
DBG|1|0|11|b|02|02|01|00|xx|xx|1|0|0|0|00
DBG|1|0|13|1|01|02|01|00|xx|xx|1|0|0|0|00
DBG|1|0|14|e|ff|02|01|00|xx|xx|1|0|0|0|00
DBG|1|0|04|a|ff|02|01|00|xx|xx|1|0|0|0|00
DBG|1|0|06|c|03|02|01|00|xx|xx|1|0|0|0|00
DBG|1|0|08|b|03|03|01|00|xx|xx|1|0|0|0|00
DBG|1|0|0a|2|01|03|01|00|xx|xx|1|0|0|0|00
DBG|1|0|0b|c|01|03|01|00|xx|xx|1|0|0|0|00
DBG|1|0|0d|a|01|03|01|00|xx|xx|1|0|0|0|00
DBG|1|0|0f|c|02|03|01|00|xx|xx|1|0|0|0|00
DBG|1|0|11|b|02|02|01|00|xx|xx|1|0|0|0|00
DBG|1|0|13|1|01|02|01|00|xx|xx|1|0|0|0|00
DBG|1|0|14|e|ff|02|01|00|xx|xx|1|0|0|0|00
DBG|1|0|04|a|ff|02|01|00|xx|xx|1|0|0|0|00
DBG|1|0|06|c|03|02|01|00|xx|xx|1|0|0|0|00
DBG|1|0|08|b|03|03|01|00|xx|xx|1|0|0|0|00
DBG|1|0|0a|2|01|03|01|00|xx|xx|1|0|0|0|00
DBG|1|0|0b|c|01|03|01|00|xx|xx|1|0|0|0|00
DBG|1|0|0d|a|01|03|01|00|xx|xx|1|0|0|0|00
DBG|1|0|0f|c|02|03|01|00|xx|xx|1|0|0|0|00
DBG|1|0|11|b|02|02|01|00|xx|xx|1|0|0|0|00
DBG|1|0|13|1|01|02|01|00|xx|xx|1|0|0|0|00
DBG|1|0|14|e|ff|02|01|00|xx|xx|1|0|0|0|00
DBG|1|0|04|a|ff|02|01|00|xx|xx|1|0|0|0|00
DBG|1|0|06|c|03|02|01|00|xx|xx|1|0|0|0|00
DBG|1|0|08|b|03|03|01|00|xx|xx|1|0|0|0|00
DBG|1|0|0a|2|01|03|01|00|xx|xx|1|0|0|0|00
DBG|1|0|0b|c|01|03|01|00|xx|xx|1|0|0|0|00
DBG|1|0|0d|a|01|03|01|00|xx|xx|1|0|0|0|00
DBG|1|0|0f|c|02|03|01|00|xx|xx|1|0|0|0|00
DBG|1|0|11|b|02|02|01|00|xx|xx|1|0|0|0|00
DBG|1|0|13|1|01|02|01|00|xx|xx|1|0|0|0|00
DBG|1|0|14|e|ff|02|01|00|xx|xx|1|0|0|0|00
DBG|1|0|04|a|ff|02|01|00|xx|xx|1|0|0|0|00
DBG|1|0|06|c|03|02|01|00|xx|xx|1|0|0|0|00
DBG|1|0|08|b|03|03|01|00|xx|xx|1|0|0|0|00
DBG|1|0|0a|2|01|03|01|00|xx|xx|1|0|0|0|00
DBG|1|0|0b|c|01|03|01|00|xx|xx|1|0|0|0|00
DBG|1|0|0d|a|01|03|01|00|xx|xx|1|0|0|0|00
DBG|1|0|0f|c|02|03|01|00|xx|xx|1|0|0|0|00
DBG|1|0|11|b|02|02|01|00|xx|xx|1|0|0|0|00
DBG|1|0|13|1|01|02|01|00|xx|xx|1|0|0|0|00
DBG|1|0|14|e|ff|02|01|00|xx|xx|1|0|0|0|00
DBG|1|0|04|a|ff|02|01|00|xx|xx|1|0|0|0|00
DBG|1|0|06|c|03|02|01|00|xx|xx|1|0|0|0|00
DBG|1|0|08|b|03|03|01|00|xx|xx|1|0|0|0|00
DBG|1|0|0a|2|01|03|01|00|xx|xx|1|0|0|0|00
DBG|1|0|0b|c|01|03|01|00|xx|xx|1|0|0|0|00
DBG|1|0|0d|a|01|03|01|00|xx|xx|1|0|0|0|00
DBG|1|0|0f|c|02|03|01|00|xx|xx|1|0|0|0|00
DBG|1|0|11|b|02|02|01|00|xx|xx|1|0|0|0|00
DBG|1|0|13|1|01|02|01|00|xx|xx|1|0|0|0|00
DBG|1|0|14|e|ff|02|01|00|xx|xx|1|0|0|0|00
DBG|1|0|04|a|ff|02|01|00|xx|xx|1|0|0|0|00
DBG|1|0|06|c|03|02|01|00|xx|xx|1|0|0|0|00
DBG|1|0|08|b|03|03|01|00|xx|xx|1|0|0|0|00
DBG|1|0|0a|2|01|03|01|00|xx|xx|1|0|0|0|00
DBG|1|0|0b|c|01|03|01|00|xx|xx|1|0|0|0|00
DBG|1|0|0d|a|01|03|01|00|xx|xx|1|0|0|0|00
DBG|1|0|0f|c|02|03|01|00|xx|xx|1|0|0|0|00
DBG|1|0|11|b|02|02|01|00|xx|xx|1|0|0|0|00
DBG|1|0|13|1|01|02|01|00|xx|xx|1|0|0|0|00
DBG|1|0|14|e|ff|02|01|00|xx|xx|1|0|0|0|00
DBG|1|0|04|a|ff|02|01|00|xx|xx|1|0|0|0|00
DBG|1|0|06|c|03|02|01|00|xx|xx|1|0|0|0|00
DBG|1|0|08|b|03|03|01|00|xx|xx|1|0|0|0|00
DBG|1|0|0a|2|01|03|01|00|xx|xx|1|0|0|0|00
DBG|1|0|0b|c|01|03|01|00|xx|xx|1|0|0|0|00
DBG|1|0|0d|a|01|03|01|00|xx|xx|1|0|0|0|00
DBG|1|0|0f|c|02|03|01|00|xx|xx|1|0|0|0|00
DBG|1|0|11|b|02|02|01|00|xx|xx|1|0|0|0|00
DBG|1|0|13|1|01|02|01|00|xx|xx|1|0|0|0|00
DBG|1|0|14|e|ff|02|01|00|xx|xx|1|0|0|0|00
DBG|1|0|04|a|ff|02|01|00|xx|xx|1|0|0|0|00
DBG|1|0|06|c|03|02|01|00|xx|xx|1|0|0|0|00
DBG|1|0|08|b|03|03|01|00|xx|xx|1|0|0|0|00
DBG|1|0|0a|2|01|03|01|00|xx|xx|1|0|0|0|00
DBG|1|0|0b|c|01|03|01|00|xx|xx|1|0|0|0|00
DBG|1|0|0d|a|01|03|01|00|xx|xx|1|0|0|0|00
DBG|1|0|0f|c|02|03|01|00|xx|xx|1|0|0|0|00
DBG|1|0|11|b|02|02|01|00|xx|xx|1|0|0|0|00
DBG|1|0|13|1|01|02|01|00|xx|xx|1|0|0|0|00
DBG|1|0|14|e|ff|02|01|00|xx|xx|1|0|0|0|00
DBG|1|0|04|a|ff|02|01|00|xx|xx|1|0|0|0|00
DBG|1|0|06|c|03|02|01|00|xx|xx|1|0|0|0|00
DBG|1|0|08|b|03|03|01|00|xx|xx|1|0|0|0|00
DBG|1|0|0a|2|01|03|01|00|xx|xx|1|0|0|0|00
DBG|1|0|0b|c|01|03|01|00|xx|xx|1|0|0|0|00
DBG|1|0|0d|a|01|03|01|00|xx|xx|1|0|0|0|00
DBG|1|0|0f|c|02|03|01|00|xx|xx|1|0|0|0|00
DBG|1|0|11|b|02|02|01|00|xx|xx|1|0|0|0|00
DBG|1|0|13|1|01|02|01|00|xx|xx|1|0|0|0|00
DBG|1|0|14|e|ff|02|01|00|xx|xx|1|0|0|0|00
DBG|1|0|04|a|ff|02|01|00|xx|xx|1|0|0|0|00
DBG|1|0|06|c|03|02|01|00|xx|xx|1|0|0|0|00
DBG|1|0|08|b|03|03|01|00|xx|xx|1|0|0|0|00
DBG|1|0|0a|2|01|03|01|00|xx|xx|1|0|0|0|00
DBG|1|0|0b|c|01|03|01|00|xx|xx|1|0|0|0|00
DBG|1|0|0d|a|01|03|01|00|xx|xx|1|0|0|0|00
DBG|1|0|0f|c|02|03|01|00|xx|xx|1|0|0|0|00
DBG|1|0|11|b|02|02|01|00|xx|xx|1|0|0|0|00
DBG|1|0|13|1|01|02|01|00|xx|xx|1|0|0|0|00
DBG|1|0|14|e|ff|02|01|00|xx|xx|1|0|0|0|00
DBG|1|0|04|a|ff|02|01|00|xx|xx|1|0|0|0|00
DBG|1|0|06|c|03|02|01|00|xx|xx|1|0|0|0|00
DBG|1|0|08|b|03|03|01|00|xx|xx|1|0|0|0|00
DBG|1|0|0a|2|01|03|01|00|xx|xx|1|0|0|0|00
DBG|1|0|0b|c|01|03|01|00|xx|xx|1|0|0|0|00
DBG|1|0|0d|a|01|03|01|00|xx|xx|1|0|0|0|00
DBG|1|0|0f|c|02|03|01|00|xx|xx|1|0|0|0|00
DBG|1|0|11|b|02|02|01|00|xx|xx|1|0|0|0|00
DBG|1|0|13|1|01|02|01|00|xx|xx|1|0|0|0|00
DBG|1|0|14|e|ff|02|01|00|xx|xx|1|0|0|0|00
DBG|1|0|04|a|ff|02|01|00|xx|xx|1|0|0|0|00
DBG|1|0|06|c|03|02|01|00|xx|xx|1|0|0|0|00
DBG|1|0|08|b|03|03|01|00|xx|xx|1|0|0|0|00
DBG|1|0|0a|2|01|03|01|00|xx|xx|1|0|0|0|00
DBG|1|0|0b|c|01|03|01|00|xx|xx|1|0|0|0|00
DBG|1|0|0d|a|01|03|01|00|xx|xx|1|0|0|0|00
DBG|1|0|0f|c|02|03|01|00|xx|xx|1|0|0|0|00
DBG|1|0|11|b|02|02|01|00|xx|xx|1|0|0|0|00
DBG|1|0|13|1|01|02|01|00|xx|xx|1|0|0|0|00
DBG|1|0|14|e|ff|02|01|00|xx|xx|1|0|0|0|00
DBG|1|0|04|a|ff|02|01|00|xx|xx|1|0|0|0|00
DBG|1|0|06|c|03|02|01|00|xx|xx|1|0|0|0|00
DBG|1|0|08|b|03|03|01|00|xx|xx|1|0|0|0|00
DBG|1|0|0a|2|01|03|01|00|xx|xx|1|0|0|0|00
DBG|1|0|0b|c|01|03|01|00|xx|xx|1|0|0|0|00
DBG|1|0|0d|a|01|03|01|00|xx|xx|1|0|0|0|00
DBG|1|0|0f|c|02|03|01|00|xx|xx|1|0|0|0|00
DBG|1|0|11|b|02|02|01|00|xx|xx|1|0|0|0|00
DBG|1|0|13|1|01|02|01|00|xx|xx|1|0|0|0|00
DBG|1|0|14|e|ff|02|01|00|xx|xx|1|0|0|0|00
DBG|1|0|04|a|ff|02|01|00|xx|xx|1|0|0|0|00
DBG|1|0|06|c|03|02|01|00|xx|xx|1|0|0|0|00
DBG|1|0|08|b|03|03|01|00|xx|xx|1|0|0|0|00
DBG|1|0|0a|2|01|03|01|00|xx|xx|1|0|0|0|00
DBG|1|0|0b|c|01|03|01|00|xx|xx|1|0|0|0|00
DBG|1|0|0d|a|01|03|01|00|xx|xx|1|0|0|0|00
DBG|1|0|0f|c|02|03|01|00|xx|xx|1|0|0|0|00
DBG|1|0|11|b|02|02|01|00|xx|xx|1|0|0|0|00
DBG|1|0|13|1|01|02|01|00|xx|xx|1|0|0|0|00
DBG|1|0|14|e|ff|02|01|00|xx|xx|1|0|0|0|00
DBG|1|0|04|a|ff|02|01|00|xx|xx|1|0|0|0|00
DBG|1|0|06|c|03|02|01|00|xx|xx|1|0|0|0|00
DBG|1|0|08|b|03|03|01|00|xx|xx|1|0|0|0|00
DBG|1|0|0a|2|01|03|01|00|xx|xx|1|0|0|0|00
DBG|1|0|0b|c|01|03|01|00|xx|xx|1|0|0|0|00
DBG|1|0|0d|a|01|03|01|00|xx|xx|1|0|0|0|00
DBG|1|0|0f|c|02|03|01|00|xx|xx|1|0|0|0|00
DBG|1|0|11|b|02|02|01|00|xx|xx|1|0|0|0|00
DBG|1|0|13|1|01|02|01|00|xx|xx|1|0|0|0|00
DBG|1|0|14|e|ff|02|01|00|xx|xx|1|0|0|0|00
DBG|1|0|04|a|ff|02|01|00|xx|xx|1|0|0|0|00
DBG|1|0|06|c|03|02|01|00|xx|xx|1|0|0|0|00
DBG|1|0|08|b|03|03|01|00|xx|xx|1|0|0|0|00
DBG|1|0|0a|2|01|03|01|00|xx|xx|1|0|0|0|00
DBG|1|0|0b|c|01|03|01|00|xx|xx|1|0|0|0|00
DBG|1|0|0d|a|01|03|01|00|xx|xx|1|0|0|0|00
DBG|1|0|0f|c|02|03|01|00|xx|xx|1|0|0|0|00
DBG|1|0|11|b|02|02|01|00|xx|xx|1|0|0|0|00
DBG|1|0|13|1|01|02|01|00|xx|xx|1|0|0|0|00
DBG|1|0|14|e|ff|02|01|00|xx|xx|1|0|0|0|00
DBG|1|0|04|a|ff|02|01|00|xx|xx|1|0|0|0|00
DBG|1|0|06|c|03|02|01|00|xx|xx|1|0|0|0|00
DBG|1|0|08|b|03|03|01|00|xx|xx|1|0|0|0|00
DBG|1|0|0a|2|01|03|01|00|xx|xx|1|0|0|0|00
DBG|1|0|0b|c|01|03|01|00|xx|xx|1|0|0|0|00
DBG|1|0|0d|a|01|03|01|00|xx|xx|1|0|0|0|00
DBG|1|0|0f|c|02|03|01|00|xx|xx|1|0|0|0|00
DBG|1|0|11|b|02|02|01|00|xx|xx|1|0|0|0|00
DBG|1|0|13|1|01|02|01|00|xx|xx|1|0|0|0|00
DBG|1|0|14|e|ff|02|01|00|xx|xx|1|0|0|0|00
DBG|1|0|04|a|ff|02|01|00|xx|xx|1|0|0|0|00
DBG|1|0|06|c|03|02|01|00|xx|xx|1|0|0|0|00
DBG|1|0|08|b|03|03|01|00|xx|xx|1|0|0|0|00
DBG|1|0|0a|2|01|03|01|00|xx|xx|1|0|0|0|00
DBG|1|0|0b|c|01|03|01|00|xx|xx|1|0|0|0|00
DBG|1|0|0d|a|01|03|01|00|xx|xx|1|0|0|0|00
DBG|1|0|0f|c|02|03|01|00|xx|xx|1|0|0|0|00
DBG|1|0|11|b|02|02|01|00|xx|xx|1|0|0|0|00
DBG|1|0|13|1|01|02|01|00|xx|xx|1|0|0|0|00
DBG|1|0|14|e|ff|02|01|00|xx|xx|1|0|0|0|00
DBG|1|0|04|a|ff|02|01|00|xx|xx|1|0|0|0|00
DBG|1|0|06|c|03|02|01|00|xx|xx|1|0|0|0|00
DBG|1|0|08|b|03|03|01|00|xx|xx|1|0|0|0|00
DBG|1|0|0a|2|01|03|01|00|xx|xx|1|0|0|0|00
DBG|1|0|0b|c|01|03|01|00|xx|xx|1|0|0|0|00
DBG|1|0|0d|a|01|03|01|00|xx|xx|1|0|0|0|00
DBG|1|0|0f|c|02|03|01|00|xx|xx|1|0|0|0|00
DBG|1|0|11|b|02|02|01|00|xx|xx|1|0|0|0|00
DBG|1|0|13|1|01|02|01|00|xx|xx|1|0|0|0|00
DBG|1|0|14|e|ff|02|01|00|xx|xx|1|0|0|0|00
DBG|1|0|04|a|ff|02|01|00|xx|xx|1|0|0|0|00
DBG|1|0|06|c|03|02|01|00|xx|xx|1|0|0|0|00
DBG|1|0|08|b|03|03|01|00|xx|xx|1|0|0|0|00
DBG|1|0|0a|2|01|03|01|00|xx|xx|1|0|0|0|00
DBG|1|0|0b|c|01|03|01|00|xx|xx|1|0|0|0|00
DBG|1|0|0d|a|01|03|01|00|xx|xx|1|0|0|0|00
DBG|1|0|0f|c|02|03|01|00|xx|xx|1|0|0|0|00
DBG|1|0|11|b|02|02|01|00|xx|xx|1|0|0|0|00
DBG|1|0|13|1|01|02|01|00|xx|xx|1|0|0|0|00
DBG|1|0|14|e|ff|02|01|00|xx|xx|1|0|0|0|00
DBG|1|0|04|a|ff|02|01|00|xx|xx|1|0|0|0|00
DBG|1|0|06|c|03|02|01|00|xx|xx|1|0|0|0|00
DBG|1|0|08|b|03|03|01|00|xx|xx|1|0|0|0|00
DBG|1|0|0a|2|01|03|01|00|xx|xx|1|0|0|0|00
DBG|1|0|0b|c|01|03|01|00|xx|xx|1|0|0|0|00
DBG|1|0|0d|a|01|03|01|00|xx|xx|1|0|0|0|00
DBG|1|0|0f|c|02|03|01|00|xx|xx|1|0|0|0|00
DBG|1|0|11|b|02|02|01|00|xx|xx|1|0|0|0|00
DBG|1|0|13|1|01|02|01|00|xx|xx|1|0|0|0|00
DBG|1|0|14|e|ff|02|01|00|xx|xx|1|0|0|0|00
DBG|1|0|04|a|ff|02|01|00|xx|xx|1|0|0|0|00
DBG|1|0|06|c|03|02|01|00|xx|xx|1|0|0|0|00
DBG|1|0|08|b|03|03|01|00|xx|xx|1|0|0|0|00
DBG|1|0|0a|2|01|03|01|00|xx|xx|1|0|0|0|00
DBG|1|0|0b|c|01|03|01|00|xx|xx|1|0|0|0|00
DBG|1|0|0d|a|01|03|01|00|xx|xx|1|0|0|0|00
DBG|1|0|0f|c|02|03|01|00|xx|xx|1|0|0|0|00
DBG|1|0|11|b|02|02|01|00|xx|xx|1|0|0|0|00
DBG|1|0|13|1|01|02|01|00|xx|xx|1|0|0|0|00
DBG|1|0|14|e|ff|02|01|00|xx|xx|1|0|0|0|00
DBG|1|0|04|a|ff|02|01|00|xx|xx|1|0|0|0|00
DBG|1|0|06|c|03|02|01|00|xx|xx|1|0|0|0|00
DBG|1|0|08|b|03|03|01|00|xx|xx|1|0|0|0|00
DBG|1|0|0a|2|01|03|01|00|xx|xx|1|0|0|0|00
DBG|1|0|0b|c|01|03|01|00|xx|xx|1|0|0|0|00
DBG|1|0|0d|a|01|03|01|00|xx|xx|1|0|0|0|00
DBG|1|0|0f|c|02|03|01|00|xx|xx|1|0|0|0|00
DBG|1|0|11|b|02|02|01|00|xx|xx|1|0|0|0|00
DBG|1|0|13|1|01|02|01|00|xx|xx|1|0|0|0|00
DBG|1|0|14|e|ff|02|01|00|xx|xx|1|0|0|0|00
DBG|1|0|04|a|ff|02|01|00|xx|xx|1|0|0|0|00
DBG|1|0|06|c|03|02|01|00|xx|xx|1|0|0|0|00
DBG|1|0|08|b|03|03|01|00|xx|xx|1|0|0|0|00
DBG|1|0|0a|2|01|03|01|00|xx|xx|1|0|0|0|00
DBG|1|0|0b|c|01|03|01|00|xx|xx|1|0|0|0|00
DBG|1|0|0d|a|01|03|01|00|xx|xx|1|0|0|0|00
DBG|1|0|0f|c|02|03|01|00|xx|xx|1|0|0|0|00
DBG|1|0|11|b|02|02|01|00|xx|xx|1|0|0|0|00
DBG|1|0|13|1|01|02|01|00|xx|xx|1|0|0|0|00
DBG|1|0|14|e|ff|02|01|00|xx|xx|1|0|0|0|00
DBG|1|0|04|a|ff|02|01|00|xx|xx|1|0|0|0|00
DBG|1|0|06|c|03|02|01|00|xx|xx|1|0|0|0|00
DBG|1|0|08|b|03|03|01|00|xx|xx|1|0|0|0|00
DBG|1|0|0a|2|01|03|01|00|xx|xx|1|0|0|0|00
DBG|1|0|0b|c|01|03|01|00|xx|xx|1|0|0|0|00
DBG|1|0|0d|a|01|03|01|00|xx|xx|1|0|0|0|00
DBG|1|0|0f|c|02|03|01|00|xx|xx|1|0|0|0|00
DBG|1|0|11|b|02|02|01|00|xx|xx|1|0|0|0|00
DBG|1|0|13|1|01|02|01|00|xx|xx|1|0|0|0|00
DBG|1|0|14|e|ff|02|01|00|xx|xx|1|0|0|0|00
DBG|1|0|04|a|ff|02|01|00|xx|xx|1|0|0|0|00
DBG|1|0|06|c|03|02|01|00|xx|xx|1|0|0|0|00
DBG|1|0|08|b|03|03|01|00|xx|xx|1|0|0|0|00
DBG|1|0|0a|2|01|03|01|00|xx|xx|1|0|0|0|00
DBG|1|0|0b|c|01|03|01|00|xx|xx|1|0|0|0|00
DBG|1|0|0d|a|01|03|01|00|xx|xx|1|0|0|0|00
DBG|1|0|0f|c|02|03|01|00|xx|xx|1|0|0|0|00
DBG|1|0|11|b|02|02|01|00|xx|xx|1|0|0|0|00
DBG|1|0|13|1|01|02|01|00|xx|xx|1|0|0|0|00
DBG|1|0|14|e|ff|02|01|00|xx|xx|1|0|0|0|00
DBG|1|0|04|a|ff|02|01|00|xx|xx|1|0|0|0|00
DBG|1|0|06|c|03|02|01|00|xx|xx|1|0|0|0|00
DBG|1|0|08|b|03|03|01|00|xx|xx|1|0|0|0|00
DBG|1|0|0a|2|01|03|01|00|xx|xx|1|0|0|0|00
DBG|1|0|0b|c|01|03|01|00|xx|xx|1|0|0|0|00
DBG|1|0|0d|a|01|03|01|00|xx|xx|1|0|0|0|00
DBG|1|0|0f|c|02|03|01|00|xx|xx|1|0|0|0|00
DBG|1|0|11|b|02|02|01|00|xx|xx|1|0|0|0|00
DBG|1|0|13|1|01|02|01|00|xx|xx|1|0|0|0|00
DBG|1|0|14|e|ff|02|01|00|xx|xx|1|0|0|0|00
DBG|1|0|04|a|ff|02|01|00|xx|xx|1|0|0|0|00
DBG|1|0|06|c|03|02|01|00|xx|xx|1|0|0|0|00
DBG|1|0|08|b|03|03|01|00|xx|xx|1|0|0|0|00
DBG|1|0|0a|2|01|03|01|00|xx|xx|1|0|0|0|00
DBG|1|0|0b|c|01|03|01|00|xx|xx|1|0|0|0|00
DBG|1|0|0d|a|01|03|01|00|xx|xx|1|0|0|0|00
DBG|1|0|0f|c|02|03|01|00|xx|xx|1|0|0|0|00
DBG|1|0|11|b|02|02|01|00|xx|xx|1|0|0|0|00
DBG|1|0|13|1|01|02|01|00|xx|xx|1|0|0|0|00
DBG|1|0|14|e|ff|02|01|00|xx|xx|1|0|0|0|00
DBG|1|0|04|a|ff|02|01|00|xx|xx|1|0|0|0|00
DBG|1|0|06|c|03|02|01|00|xx|xx|1|0|0|0|00
DBG|1|0|08|b|03|03|01|00|xx|xx|1|0|0|0|00
DBG|1|0|0a|2|01|03|01|00|xx|xx|1|0|0|0|00
DBG|1|0|0b|c|01|03|01|00|xx|xx|1|0|0|0|00
DBG|1|0|0d|a|01|03|01|00|xx|xx|1|0|0|0|00
DBG|1|0|0f|c|02|03|01|00|xx|xx|1|0|0|0|00
DBG|1|0|11|b|02|02|01|00|xx|xx|1|0|0|0|00
DBG|1|0|13|1|01|02|01|00|xx|xx|1|0|0|0|00
DBG|1|0|14|e|ff|02|01|00|xx|xx|1|0|0|0|00
DBG|1|0|04|a|ff|02|01|00|xx|xx|1|0|0|0|00
DBG|1|0|06|c|03|02|01|00|xx|xx|1|0|0|0|00
DBG|1|0|08|b|03|03|01|00|xx|xx|1|0|0|0|00
DBG|1|0|0a|2|01|03|01|00|xx|xx|1|0|0|0|00
DBG|1|0|0b|c|01|03|01|00|xx|xx|1|0|0|0|00
DBG|1|0|0d|a|01|03|01|00|xx|xx|1|0|0|0|00
DBG|1|0|0f|c|02|03|01|00|xx|xx|1|0|0|0|00
DBG|1|0|11|b|02|02|01|00|xx|xx|1|0|0|0|00
DBG|1|0|13|1|01|02|01|00|xx|xx|1|0|0|0|00
DBG|1|0|14|e|ff|02|01|00|xx|xx|1|0|0|0|00
DBG|1|0|04|a|ff|02|01|00|xx|xx|1|0|0|0|00
DBG|1|0|06|c|03|02|01|00|xx|xx|1|0|0|0|00
DBG|1|0|08|b|03|03|01|00|xx|xx|1|0|0|0|00
DBG|1|0|0a|2|01|03|01|00|xx|xx|1|0|0|0|00
DBG|1|0|0b|c|01|03|01|00|xx|xx|1|0|0|0|00
DBG|1|0|0d|a|01|03|01|00|xx|xx|1|0|0|0|00
DBG|1|0|0f|c|02|03|01|00|xx|xx|1|0|0|0|00
DBG|1|0|11|b|02|02|01|00|xx|xx|1|0|0|0|00
DBG|1|0|13|1|01|02|01|00|xx|xx|1|0|0|0|00
DBG|1|0|14|e|ff|02|01|00|xx|xx|1|0|0|0|00
DBG|1|0|04|a|ff|02|01|00|xx|xx|1|0|0|0|00
DBG|1|0|06|c|03|02|01|00|xx|xx|1|0|0|0|00
DBG|1|0|08|b|03|03|01|00|xx|xx|1|0|0|0|00
DBG|1|0|0a|2|01|03|01|00|xx|xx|1|0|0|0|00
DBG|1|0|0b|c|01|03|01|00|xx|xx|1|0|0|0|00
DBG|1|0|0d|a|01|03|01|00|xx|xx|1|0|0|0|00
DBG|1|0|0f|c|02|03|01|00|xx|xx|1|0|0|0|00
DBG|1|0|11|b|02|02|01|00|xx|xx|1|0|0|0|00
DBG|1|0|13|1|01|02|01|00|xx|xx|1|0|0|0|00
DBG|1|0|14|e|ff|02|01|00|xx|xx|1|0|0|0|00
DBG|1|0|04|a|ff|02|01|00|xx|xx|1|0|0|0|00
DBG|1|0|06|c|03|02|01|00|xx|xx|1|0|0|0|00
DBG|1|0|08|b|03|03|01|00|xx|xx|1|0|0|0|00
DBG|1|0|0a|2|01|03|01|00|xx|xx|1|0|0|0|00
DBG|1|0|0b|c|01|03|01|00|xx|xx|1|0|0|0|00
DBG|1|0|0d|a|01|03|01|00|xx|xx|1|0|0|0|00
DBG|1|0|0f|c|02|03|01|00|xx|xx|1|0|0|0|00
DBG|1|0|11|b|02|02|01|00|xx|xx|1|0|0|0|00
DBG|1|0|13|1|01|02|01|00|xx|xx|1|0|0|0|00
DBG|1|0|14|e|ff|02|01|00|xx|xx|1|0|0|0|00
DBG|1|0|04|a|ff|02|01|00|xx|xx|1|0|0|0|00
DBG|1|0|06|c|03|02|01|00|xx|xx|1|0|0|0|00
DBG|1|0|08|b|03|03|01|00|xx|xx|1|0|0|0|00
DBG|1|0|0a|2|01|03|01|00|xx|xx|1|0|0|0|00
DBG|1|0|0b|c|01|03|01|00|xx|xx|1|0|0|0|00
DBG|1|0|0d|a|01|03|01|00|xx|xx|1|0|0|0|00
DBG|1|0|0f|c|02|03|01|00|xx|xx|1|0|0|0|00
DBG|1|0|11|b|02|02|01|00|xx|xx|1|0|0|0|00
DBG|1|0|13|1|01|02|01|00|xx|xx|1|0|0|0|00
DBG|1|0|14|e|ff|02|01|00|xx|xx|1|0|0|0|00
DBG|1|0|04|a|ff|02|01|00|xx|xx|1|0|0|0|00
DBG|1|0|06|c|03|02|01|00|xx|xx|1|0|0|0|00
DBG|1|0|08|b|03|03|01|00|xx|xx|1|0|0|0|00
DBG|1|0|0a|2|01|03|01|00|xx|xx|1|0|0|0|00
DBG|1|0|0b|c|01|03|01|00|xx|xx|1|0|0|0|00
DBG|1|0|0d|a|01|03|01|00|xx|xx|1|0|0|0|00
DBG|1|0|0f|c|02|03|01|00|xx|xx|1|0|0|0|00
DBG|1|0|11|b|02|02|01|00|xx|xx|1|0|0|0|00
DBG|1|0|13|1|01|02|01|00|xx|xx|1|0|0|0|00
DBG|1|0|14|e|ff|02|01|00|xx|xx|1|0|0|0|00
DBG|1|0|04|a|ff|02|01|00|xx|xx|1|0|0|0|00
DBG|1|0|06|c|03|02|01|00|xx|xx|1|0|0|0|00
DBG|1|0|08|b|03|03|01|00|xx|xx|1|0|0|0|00
DBG|1|0|0a|2|01|03|01|00|xx|xx|1|0|0|0|00
DBG|1|0|0b|c|01|03|01|00|xx|xx|1|0|0|0|00
DBG|1|0|0d|a|01|03|01|00|xx|xx|1|0|0|0|00
DBG|1|0|0f|c|02|03|01|00|xx|xx|1|0|0|0|00
DBG|1|0|11|b|02|02|01|00|xx|xx|1|0|0|0|00
DBG|1|0|13|1|01|02|01|00|xx|xx|1|0|0|0|00
DBG|1|0|14|e|ff|02|01|00|xx|xx|1|0|0|0|00
DBG|1|0|04|a|ff|02|01|00|xx|xx|1|0|0|0|00
DBG|1|0|06|c|03|02|01|00|xx|xx|1|0|0|0|00
DBG|1|0|08|b|03|03|01|00|xx|xx|1|0|0|0|00
DBG|1|0|0a|2|01|03|01|00|xx|xx|1|0|0|0|00
DBG|1|0|0b|c|01|03|01|00|xx|xx|1|0|0|0|00
DBG|1|0|0d|a|01|03|01|00|xx|xx|1|0|0|0|00
DBG|1|0|0f|c|02|03|01|00|xx|xx|1|0|0|0|00
DBG|1|0|11|b|02|02|01|00|xx|xx|1|0|0|0|00
DBG|1|0|13|1|01|02|01|00|xx|xx|1|0|0|0|00
DBG|1|0|14|e|ff|02|01|00|xx|xx|1|0|0|0|00
DBG|1|0|04|a|ff|02|01|00|xx|xx|1|0|0|0|00
DBG|1|0|06|c|03|02|01|00|xx|xx|1|0|0|0|00
DBG|1|0|08|b|03|03|01|00|xx|xx|1|0|0|0|00
DBG|1|0|0a|2|01|03|01|00|xx|xx|1|0|0|0|00
DBG|1|0|0b|c|01|03|01|00|xx|xx|1|0|0|0|00
DBG|1|0|0d|a|01|03|01|00|xx|xx|1|0|0|0|00
DBG|1|0|0f|c|02|03|01|00|xx|xx|1|0|0|0|00
DBG|1|0|11|b|02|02|01|00|xx|xx|1|0|0|0|00
DBG|1|0|13|1|01|02|01|00|xx|xx|1|0|0|0|00
DBG|1|0|14|e|ff|02|01|00|xx|xx|1|0|0|0|00
DBG|1|0|04|a|ff|02|01|00|xx|xx|1|0|0|0|00
DBG|1|0|06|c|03|02|01|00|xx|xx|1|0|0|0|00
DBG|1|0|08|b|03|03|01|00|xx|xx|1|0|0|0|00
DBG|1|0|0a|2|01|03|01|00|xx|xx|1|0|0|0|00
DBG|1|0|0b|c|01|03|01|00|xx|xx|1|0|0|0|00
DBG|1|0|0d|a|01|03|01|00|xx|xx|1|0|0|0|00
DBG|1|0|0f|c|02|03|01|00|xx|xx|1|0|0|0|00
DBG|1|0|11|b|02|02|01|00|xx|xx|1|0|0|0|00
DBG|1|0|13|1|01|02|01|00|xx|xx|1|0|0|0|00
DBG|1|0|14|e|ff|02|01|00|xx|xx|1|0|0|0|00
DBG|1|0|04|a|ff|02|01|00|xx|xx|1|0|0|0|00
DBG|1|0|06|c|03|02|01|00|xx|xx|1|0|0|0|00
DBG|1|0|08|b|03|03|01|00|xx|xx|1|0|0|0|00
DBG|1|0|0a|2|01|03|01|00|xx|xx|1|0|0|0|00
DBG|1|0|0b|c|01|03|01|00|xx|xx|1|0|0|0|00
DBG|1|0|0d|a|01|03|01|00|xx|xx|1|0|0|0|00
DBG|1|0|0f|c|02|03|01|00|xx|xx|1|0|0|0|00
DBG|1|0|11|b|02|02|01|00|xx|xx|1|0|0|0|00
DBG|1|0|13|1|01|02|01|00|xx|xx|1|0|0|0|00
DBG|1|0|14|e|ff|02|01|00|xx|xx|1|0|0|0|00
DBG|1|0|04|a|ff|02|01|00|xx|xx|1|0|0|0|00
DBG|1|0|06|c|03|02|01|00|xx|xx|1|0|0|0|00
DBG|1|0|08|b|03|03|01|00|xx|xx|1|0|0|0|00
DBG|1|0|0a|2|01|03|01|00|xx|xx|1|0|0|0|00
DBG|1|0|0b|c|01|03|01|00|xx|xx|1|0|0|0|00
DBG|1|0|0d|a|01|03|01|00|xx|xx|1|0|0|0|00
DBG|1|0|0f|c|02|03|01|00|xx|xx|1|0|0|0|00
DBG|1|0|11|b|02|02|01|00|xx|xx|1|0|0|0|00
DBG|1|0|13|1|01|02|01|00|xx|xx|1|0|0|0|00
DBG|1|0|14|e|ff|02|01|00|xx|xx|1|0|0|0|00
DBG|1|0|04|a|ff|02|01|00|xx|xx|1|0|0|0|00
DBG|1|0|06|c|03|02|01|00|xx|xx|1|0|0|0|00
DBG|1|0|08|b|03|03|01|00|xx|xx|1|0|0|0|00
DBG|1|0|0a|2|01|03|01|00|xx|xx|1|0|0|0|00
DBG|1|0|0b|c|01|03|01|00|xx|xx|1|0|0|0|00
DBG|1|0|0d|a|01|03|01|00|xx|xx|1|0|0|0|00
DBG|1|0|0f|c|02|03|01|00|xx|xx|1|0|0|0|00
DBG|1|0|11|b|02|02|01|00|xx|xx|1|0|0|0|00
DBG|1|0|13|1|01|02|01|00|xx|xx|1|0|0|0|00
DBG|1|0|14|e|ff|02|01|00|xx|xx|1|0|0|0|00
DBG|1|0|04|a|ff|02|01|00|xx|xx|1|0|0|0|00
DBG|1|0|06|c|03|02|01|00|xx|xx|1|0|0|0|00
DBG|1|0|08|b|03|03|01|00|xx|xx|1|0|0|0|00
DBG|1|0|0a|2|01|03|01|00|xx|xx|1|0|0|0|00
DBG|1|0|0b|c|01|03|01|00|xx|xx|1|0|0|0|00
DBG|1|0|0d|a|01|03|01|00|xx|xx|1|0|0|0|00
DBG|1|0|0f|c|02|03|01|00|xx|xx|1|0|0|0|00
DBG|1|0|11|b|02|02|01|00|xx|xx|1|0|0|0|00
DBG|1|0|13|1|01|02|01|00|xx|xx|1|0|0|0|00
DBG|1|0|14|e|ff|02|01|00|xx|xx|1|0|0|0|00
DBG|1|0|04|a|ff|02|01|00|xx|xx|1|0|0|0|00
DBG|1|0|06|c|03|02|01|00|xx|xx|1|0|0|0|00
DBG|1|0|08|b|03|03|01|00|xx|xx|1|0|0|0|00
DBG|1|0|0a|2|01|03|01|00|xx|xx|1|0|0|0|00
DBG|1|0|0b|c|01|03|01|00|xx|xx|1|0|0|0|00
DBG|1|0|0d|a|01|03|01|00|xx|xx|1|0|0|0|00
DBG|1|0|0f|c|02|03|01|00|xx|xx|1|0|0|0|00
DBG|1|0|11|b|02|02|01|00|xx|xx|1|0|0|0|00
DBG|1|0|13|1|01|02|01|00|xx|xx|1|0|0|0|00
DBG|1|0|14|e|ff|02|01|00|xx|xx|1|0|0|0|00
DBG|1|0|04|a|ff|02|01|00|xx|xx|1|0|0|0|00
DBG|1|0|06|c|03|02|01|00|xx|xx|1|0|0|0|00
DBG|1|0|08|b|03|03|01|00|xx|xx|1|0|0|0|00
DBG|1|0|0a|2|01|03|01|00|xx|xx|1|0|0|0|00
DBG|1|0|0b|c|01|03|01|00|xx|xx|1|0|0|0|00
DBG|1|0|0d|a|01|03|01|00|xx|xx|1|0|0|0|00
DBG|1|0|0f|c|02|03|01|00|xx|xx|1|0|0|0|00
DBG|1|0|11|b|02|02|01|00|xx|xx|1|0|0|0|00
DBG|1|0|13|1|01|02|01|00|xx|xx|1|0|0|0|00
DBG|1|0|14|e|ff|02|01|00|xx|xx|1|0|0|0|00
DBG|1|0|04|a|ff|02|01|00|xx|xx|1|0|0|0|00
DBG|1|0|06|c|03|02|01|00|xx|xx|1|0|0|0|00
DBG|1|0|08|b|03|03|01|00|xx|xx|1|0|0|0|00
DBG|1|0|0a|2|01|03|01|00|xx|xx|1|0|0|0|00
DBG|1|0|0b|c|01|03|01|00|xx|xx|1|0|0|0|00
DBG|1|0|0d|a|01|03|01|00|xx|xx|1|0|0|0|00
DBG|1|0|0f|c|02|03|01|00|xx|xx|1|0|0|0|00
DBG|1|0|11|b|02|02|01|00|xx|xx|1|0|0|0|00
DBG|1|0|13|1|01|02|01|00|xx|xx|1|0|0|0|00
DBG|1|0|14|e|ff|02|01|00|xx|xx|1|0|0|0|00
DBG|1|0|04|a|ff|02|01|00|xx|xx|1|0|0|0|00
DBG|1|0|06|c|03|02|01|00|xx|xx|1|0|0|0|00
DBG|1|0|08|b|03|03|01|00|xx|xx|1|0|0|0|00
DBG|1|0|0a|2|01|03|01|00|xx|xx|1|0|0|0|00
DBG|1|0|0b|c|01|03|01|00|xx|xx|1|0|0|0|00
DBG|1|0|0d|a|01|03|01|00|xx|xx|1|0|0|0|00
DBG|1|0|0f|c|02|03|01|00|xx|xx|1|0|0|0|00
DBG|1|0|11|b|02|02|01|00|xx|xx|1|0|0|0|00
DBG|1|0|13|1|01|02|01|00|xx|xx|1|0|0|0|00
DBG|1|0|14|e|ff|02|01|00|xx|xx|1|0|0|0|00
DBG|1|0|04|a|ff|02|01|00|xx|xx|1|0|0|0|00
DBG|1|0|06|c|03|02|01|00|xx|xx|1|0|0|0|00
DBG|1|0|08|b|03|03|01|00|xx|xx|1|0|0|0|00
DBG|1|0|0a|2|01|03|01|00|xx|xx|1|0|0|0|00
DBG|1|0|0b|c|01|03|01|00|xx|xx|1|0|0|0|00
DBG|1|0|0d|a|01|03|01|00|xx|xx|1|0|0|0|00
DBG|1|0|0f|c|02|03|01|00|xx|xx|1|0|0|0|00
DBG|1|0|11|b|02|02|01|00|xx|xx|1|0|0|0|00
DBG|1|0|13|1|01|02|01|00|xx|xx|1|0|0|0|00
DBG|1|0|14|e|ff|02|01|00|xx|xx|1|0|0|0|00
DBG|1|0|04|a|ff|02|01|00|xx|xx|1|0|0|0|00
DBG|1|0|06|c|03|02|01|00|xx|xx|1|0|0|0|00
DBG|1|0|08|b|03|03|01|00|xx|xx|1|0|0|0|00
DBG|1|0|0a|2|01|03|01|00|xx|xx|1|0|0|0|00
DBG|1|0|0b|c|01|03|01|00|xx|xx|1|0|0|0|00
DBG|1|0|0d|a|01|03|01|00|xx|xx|1|0|0|0|00
DBG|1|0|0f|c|02|03|01|00|xx|xx|1|0|0|0|00
DBG|1|0|11|b|02|02|01|00|xx|xx|1|0|0|0|00
DBG|1|0|13|1|01|02|01|00|xx|xx|1|0|0|0|00
DBG|1|0|14|e|ff|02|01|00|xx|xx|1|0|0|0|00
DBG|1|0|04|a|ff|02|01|00|xx|xx|1|0|0|0|00
DBG|1|0|06|c|03|02|01|00|xx|xx|1|0|0|0|00
DBG|1|0|08|b|03|03|01|00|xx|xx|1|0|0|0|00
DBG|1|0|0a|2|01|03|01|00|xx|xx|1|0|0|0|00
DBG|1|0|0b|c|01|03|01|00|xx|xx|1|0|0|0|00
DBG|1|0|0d|a|01|03|01|00|xx|xx|1|0|0|0|00
DBG|1|0|0f|c|02|03|01|00|xx|xx|1|0|0|0|00
DBG|1|0|11|b|02|02|01|00|xx|xx|1|0|0|0|00
DBG|1|0|13|1|01|02|01|00|xx|xx|1|0|0|0|00
DBG|1|0|14|e|ff|02|01|00|xx|xx|1|0|0|0|00
DBG|1|0|04|a|ff|02|01|00|xx|xx|1|0|0|0|00
DBG|1|0|06|c|03|02|01|00|xx|xx|1|0|0|0|00
DBG|1|0|08|b|03|03|01|00|xx|xx|1|0|0|0|00
DBG|1|0|0a|2|01|03|01|00|xx|xx|1|0|0|0|00
DBG|1|0|0b|c|01|03|01|00|xx|xx|1|0|0|0|00
DBG|1|0|0d|a|01|03|01|00|xx|xx|1|0|0|0|00
DBG|1|0|0f|c|02|03|01|00|xx|xx|1|0|0|0|00
DBG|1|0|11|b|02|02|01|00|xx|xx|1|0|0|0|00
DBG|1|0|13|1|01|02|01|00|xx|xx|1|0|0|0|00
DBG|1|0|14|e|ff|02|01|00|xx|xx|1|0|0|0|00
DBG|1|0|04|a|ff|02|01|00|xx|xx|1|0|0|0|00
DBG|1|0|06|c|03|02|01|00|xx|xx|1|0|0|0|00
DBG|1|0|08|b|03|03|01|00|xx|xx|1|0|0|0|00
DBG|1|0|0a|2|01|03|01|00|xx|xx|1|0|0|0|00
DBG|1|0|0b|c|01|03|01|00|xx|xx|1|0|0|0|00
DBG|1|0|0d|a|01|03|01|00|xx|xx|1|0|0|0|00
DBG|1|0|0f|c|02|03|01|00|xx|xx|1|0|0|0|00
DBG|1|0|11|b|02|02|01|00|xx|xx|1|0|0|0|00
DBG|1|0|13|1|01|02|01|00|xx|xx|1|0|0|0|00
DBG|1|0|14|e|ff|02|01|00|xx|xx|1|0|0|0|00
DBG|1|0|04|a|ff|02|01|00|xx|xx|1|0|0|0|00
DBG|1|0|06|c|03|02|01|00|xx|xx|1|0|0|0|00
DBG|1|0|08|b|03|03|01|00|xx|xx|1|0|0|0|00
DBG|1|0|0a|2|01|03|01|00|xx|xx|1|0|0|0|00
DBG|1|0|0b|c|01|03|01|00|xx|xx|1|0|0|0|00
DBG|1|0|0d|a|01|03|01|00|xx|xx|1|0|0|0|00
DBG|1|0|0f|c|02|03|01|00|xx|xx|1|0|0|0|00
DBG|1|0|11|b|02|02|01|00|xx|xx|1|0|0|0|00
DBG|1|0|13|1|01|02|01|00|xx|xx|1|0|0|0|00
DBG|1|0|14|e|ff|02|01|00|xx|xx|1|0|0|0|00
DBG|1|0|04|a|ff|02|01|00|xx|xx|1|0|0|0|00
DBG|1|0|06|c|03|02|01|00|xx|xx|1|0|0|0|00
DBG|1|0|08|b|03|03|01|00|xx|xx|1|0|0|0|00
DBG|1|0|0a|2|01|03|01|00|xx|xx|1|0|0|0|00
DBG|1|0|0b|c|01|03|01|00|xx|xx|1|0|0|0|00
DBG|1|0|0d|a|01|03|01|00|xx|xx|1|0|0|0|00
DBG|1|0|0f|c|02|03|01|00|xx|xx|1|0|0|0|00
DBG|1|0|11|b|02|02|01|00|xx|xx|1|0|0|0|00
DBG|1|0|13|1|01|02|01|00|xx|xx|1|0|0|0|00
DBG|1|0|14|e|ff|02|01|00|xx|xx|1|0|0|0|00
DBG|1|0|04|a|ff|02|01|00|xx|xx|1|0|0|0|00
DBG|1|0|06|c|03|02|01|00|xx|xx|1|0|0|0|00
DBG|1|0|08|b|03|03|01|00|xx|xx|1|0|0|0|00
DBG|1|0|0a|2|01|03|01|00|xx|xx|1|0|0|0|00
DBG|1|0|0b|c|01|03|01|00|xx|xx|1|0|0|0|00
DBG|1|0|0d|a|01|03|01|00|xx|xx|1|0|0|0|00
DBG|1|0|0f|c|02|03|01|00|xx|xx|1|0|0|0|00
DBG|1|0|11|b|02|02|01|00|xx|xx|1|0|0|0|00
DBG|1|0|13|1|01|02|01|00|xx|xx|1|0|0|0|00
DBG|1|0|14|e|ff|02|01|00|xx|xx|1|0|0|0|00
DBG|1|0|04|a|ff|02|01|00|xx|xx|1|0|0|0|00
DBG|1|0|06|c|03|02|01|00|xx|xx|1|0|0|0|00
DBG|1|0|08|b|03|03|01|00|xx|xx|1|0|0|0|00
DBG|1|0|0a|2|01|03|01|00|xx|xx|1|0|0|0|00
DBG|1|0|0b|c|01|03|01|00|xx|xx|1|0|0|0|00
DBG|1|0|0d|a|01|03|01|00|xx|xx|1|0|0|0|00
DBG|1|0|0f|c|02|03|01|00|xx|xx|1|0|0|0|00
DBG|1|0|11|b|02|02|01|00|xx|xx|1|0|0|0|00
DBG|1|0|13|1|01|02|01|00|xx|xx|1|0|0|0|00
DBG|1|0|14|e|ff|02|01|00|xx|xx|1|0|0|0|00
DBG|1|0|04|a|ff|02|01|00|xx|xx|1|0|0|0|00
DBG|1|0|06|c|03|02|01|00|xx|xx|1|0|0|0|00
DBG|1|0|08|b|03|03|01|00|xx|xx|1|0|0|0|00
DBG|1|0|0a|2|01|03|01|00|xx|xx|1|0|0|0|00
DBG|1|0|0b|c|01|03|01|00|xx|xx|1|0|0|0|00
DBG|1|0|0d|a|01|03|01|00|xx|xx|1|0|0|0|00
DBG|1|0|0f|c|02|03|01|00|xx|xx|1|0|0|0|00
DBG|1|0|11|b|02|02|01|00|xx|xx|1|0|0|0|00
DBG|1|0|13|1|01|02|01|00|xx|xx|1|0|0|0|00
DBG|1|0|14|e|ff|02|01|00|xx|xx|1|0|0|0|00
DBG|1|0|04|a|ff|02|01|00|xx|xx|1|0|0|0|00
DBG|1|0|06|c|03|02|01|00|xx|xx|1|0|0|0|00
DBG|1|0|08|b|03|03|01|00|xx|xx|1|0|0|0|00
DBG|1|0|0a|2|01|03|01|00|xx|xx|1|0|0|0|00
DBG|1|0|0b|c|01|03|01|00|xx|xx|1|0|0|0|00
DBG|1|0|0d|a|01|03|01|00|xx|xx|1|0|0|0|00
DBG|1|0|0f|c|02|03|01|00|xx|xx|1|0|0|0|00
DBG|1|0|11|b|02|02|01|00|xx|xx|1|0|0|0|00
DBG|1|0|13|1|01|02|01|00|xx|xx|1|0|0|0|00
DBG|1|0|14|e|ff|02|01|00|xx|xx|1|0|0|0|00
DBG|1|0|04|a|ff|02|01|00|xx|xx|1|0|0|0|00
DBG|1|0|06|c|03|02|01|00|xx|xx|1|0|0|0|00
DBG|1|0|08|b|03|03|01|00|xx|xx|1|0|0|0|00
DBG|1|0|0a|2|01|03|01|00|xx|xx|1|0|0|0|00
DBG|1|0|0b|c|01|03|01|00|xx|xx|1|0|0|0|00
DBG|1|0|0d|a|01|03|01|00|xx|xx|1|0|0|0|00
DBG|1|0|0f|c|02|03|01|00|xx|xx|1|0|0|0|00
DBG|1|0|11|b|02|02|01|00|xx|xx|1|0|0|0|00
DBG|1|0|13|1|01|02|01|00|xx|xx|1|0|0|0|00
DBG|1|0|14|e|ff|02|01|00|xx|xx|1|0|0|0|00
DBG|1|0|04|a|ff|02|01|00|xx|xx|1|0|0|0|00
DBG|1|0|06|c|03|02|01|00|xx|xx|1|0|0|0|00
DBG|1|0|08|b|03|03|01|00|xx|xx|1|0|0|0|00
DBG|1|0|0a|2|01|03|01|00|xx|xx|1|0|0|0|00
DBG|1|0|0b|c|01|03|01|00|xx|xx|1|0|0|0|00
DBG|1|0|0d|a|01|03|01|00|xx|xx|1|0|0|0|00
DBG|1|0|0f|c|02|03|01|00|xx|xx|1|0|0|0|00
DBG|1|0|11|b|02|02|01|00|xx|xx|1|0|0|0|00
DBG|1|0|13|1|01|02|01|00|xx|xx|1|0|0|0|00
DBG|1|0|14|e|ff|02|01|00|xx|xx|1|0|0|0|00
DBG|1|0|04|a|ff|02|01|00|xx|xx|1|0|0|0|00
DBG|1|0|06|c|03|02|01|00|xx|xx|1|0|0|0|00
DBG|1|0|08|b|03|03|01|00|xx|xx|1|0|0|0|00
DBG|1|0|0a|2|01|03|01|00|xx|xx|1|0|0|0|00
DBG|1|0|0b|c|01|03|01|00|xx|xx|1|0|0|0|00
DBG|1|0|0d|a|01|03|01|00|xx|xx|1|0|0|0|00
DBG|1|0|0f|c|02|03|01|00|xx|xx|1|0|0|0|00
DBG|1|0|11|b|02|02|01|00|xx|xx|1|0|0|0|00
DBG|1|0|13|1|01|02|01|00|xx|xx|1|0|0|0|00
DBG|1|0|14|e|ff|02|01|00|xx|xx|1|0|0|0|00
DBG|1|0|04|a|ff|02|01|00|xx|xx|1|0|0|0|00
DBG|1|0|06|c|03|02|01|00|xx|xx|1|0|0|0|00
DBG|1|0|08|b|03|03|01|00|xx|xx|1|0|0|0|00
DBG|1|0|0a|2|01|03|01|00|xx|xx|1|0|0|0|00
DBG|1|0|0b|c|01|03|01|00|xx|xx|1|0|0|0|00
DBG|1|0|0d|a|01|03|01|00|xx|xx|1|0|0|0|00
DBG|1|0|0f|c|02|03|01|00|xx|xx|1|0|0|0|00
DBG|1|0|11|b|02|02|01|00|xx|xx|1|0|0|0|00
DBG|1|0|13|1|01|02|01|00|xx|xx|1|0|0|0|00
DBG|1|0|14|e|ff|02|01|00|xx|xx|1|0|0|0|00
DBG|1|0|04|a|ff|02|01|00|xx|xx|1|0|0|0|00
DBG|1|0|06|c|03|02|01|00|xx|xx|1|0|0|0|00
DBG|1|0|08|b|03|03|01|00|xx|xx|1|0|0|0|00
DBG|1|0|0a|2|01|03|01|00|xx|xx|1|0|0|0|00
DBG|1|0|0b|c|01|03|01|00|xx|xx|1|0|0|0|00
DBG|1|0|0d|a|01|03|01|00|xx|xx|1|0|0|0|00
DBG|1|0|0f|c|02|03|01|00|xx|xx|1|0|0|0|00
DBG|1|0|11|b|02|02|01|00|xx|xx|1|0|0|0|00
DBG|1|0|13|1|01|02|01|00|xx|xx|1|0|0|0|00
DBG|1|0|14|e|ff|02|01|00|xx|xx|1|0|0|0|00
DBG|1|0|04|a|ff|02|01|00|xx|xx|1|0|0|0|00
DBG|1|0|06|c|03|02|01|00|xx|xx|1|0|0|0|00
DBG|1|0|08|b|03|03|01|00|xx|xx|1|0|0|0|00
DBG|1|0|0a|2|01|03|01|00|xx|xx|1|0|0|0|00
DBG|1|0|0b|c|01|03|01|00|xx|xx|1|0|0|0|00
DBG|1|0|0d|a|01|03|01|00|xx|xx|1|0|0|0|00
DBG|1|0|0f|c|02|03|01|00|xx|xx|1|0|0|0|00
DBG|1|0|11|b|02|02|01|00|xx|xx|1|0|0|0|00
DBG|1|0|13|1|01|02|01|00|xx|xx|1|0|0|0|00
DBG|1|0|14|e|ff|02|01|00|xx|xx|1|0|0|0|00
DBG|1|0|04|a|ff|02|01|00|xx|xx|1|0|0|0|00
DBG|1|0|06|c|03|02|01|00|xx|xx|1|0|0|0|00
DBG|1|0|08|b|03|03|01|00|xx|xx|1|0|0|0|00
DBG|1|0|0a|2|01|03|01|00|xx|xx|1|0|0|0|00
DBG|1|0|0b|c|01|03|01|00|xx|xx|1|0|0|0|00
DBG|1|0|0d|a|01|03|01|00|xx|xx|1|0|0|0|00
DBG|1|0|0f|c|02|03|01|00|xx|xx|1|0|0|0|00
DBG|1|0|11|b|02|02|01|00|xx|xx|1|0|0|0|00
DBG|1|0|13|1|01|02|01|00|xx|xx|1|0|0|0|00
DBG|1|0|14|e|ff|02|01|00|xx|xx|1|0|0|0|00
DBG|1|0|04|a|ff|02|01|00|xx|xx|1|0|0|0|00
DBG|1|0|06|c|03|02|01|00|xx|xx|1|0|0|0|00
DBG|1|0|08|b|03|03|01|00|xx|xx|1|0|0|0|00
DBG|1|0|0a|2|01|03|01|00|xx|xx|1|0|0|0|00
DBG|1|0|0b|c|01|03|01|00|xx|xx|1|0|0|0|00
DBG|1|0|0d|a|01|03|01|00|xx|xx|1|0|0|0|00
DBG|1|0|0f|c|02|03|01|00|xx|xx|1|0|0|0|00
DBG|1|0|11|b|02|02|01|00|xx|xx|1|0|0|0|00
DBG|1|0|13|1|01|02|01|00|xx|xx|1|0|0|0|00
DBG|1|0|14|e|ff|02|01|00|xx|xx|1|0|0|0|00
DBG|1|0|04|a|ff|02|01|00|xx|xx|1|0|0|0|00
DBG|1|0|06|c|03|02|01|00|xx|xx|1|0|0|0|00
DBG|1|0|08|b|03|03|01|00|xx|xx|1|0|0|0|00
DBG|1|0|0a|2|01|03|01|00|xx|xx|1|0|0|0|00
DBG|1|0|0b|c|01|03|01|00|xx|xx|1|0|0|0|00
DBG|1|0|0d|a|01|03|01|00|xx|xx|1|0|0|0|00
DBG|1|0|0f|c|02|03|01|00|xx|xx|1|0|0|0|00
DBG|1|0|11|b|02|02|01|00|xx|xx|1|0|0|0|00
DBG|1|0|13|1|01|02|01|00|xx|xx|1|0|0|0|00
DBG|1|0|14|e|ff|02|01|00|xx|xx|1|0|0|0|00
DBG|1|0|04|a|ff|02|01|00|xx|xx|1|0|0|0|00
DBG|1|0|06|c|03|02|01|00|xx|xx|1|0|0|0|00
DBG|1|0|08|b|03|03|01|00|xx|xx|1|0|0|0|00
DBG|1|0|0a|2|01|03|01|00|xx|xx|1|0|0|0|00
DBG|1|0|0b|c|01|03|01|00|xx|xx|1|0|0|0|00
DBG|1|0|0d|a|01|03|01|00|xx|xx|1|0|0|0|00
DBG|1|0|0f|c|02|03|01|00|xx|xx|1|0|0|0|00
DBG|1|0|11|b|02|02|01|00|xx|xx|1|0|0|0|00
DBG|1|0|13|1|01|02|01|00|xx|xx|1|0|0|0|00
DBG|1|0|14|e|ff|02|01|00|xx|xx|1|0|0|0|00
DBG|1|0|04|a|ff|02|01|00|xx|xx|1|0|0|0|00
DBG|1|0|06|c|03|02|01|00|xx|xx|1|0|0|0|00
DBG|1|0|08|b|03|03|01|00|xx|xx|1|0|0|0|00
DBG|1|0|0a|2|01|03|01|00|xx|xx|1|0|0|0|00
DBG|1|0|0b|c|01|03|01|00|xx|xx|1|0|0|0|00
DBG|1|0|0d|a|01|03|01|00|xx|xx|1|0|0|0|00
DBG|1|0|0f|c|02|03|01|00|xx|xx|1|0|0|0|00
DBG|1|0|11|b|02|02|01|00|xx|xx|1|0|0|0|00
DBG|1|0|13|1|01|02|01|00|xx|xx|1|0|0|0|00
DBG|1|0|14|e|ff|02|01|00|xx|xx|1|0|0|0|00
DBG|1|0|04|a|ff|02|01|00|xx|xx|1|0|0|0|00
DBG|1|0|06|c|03|02|01|00|xx|xx|1|0|0|0|00
DBG|1|0|08|b|03|03|01|00|xx|xx|1|0|0|0|00
DBG|1|0|0a|2|01|03|01|00|xx|xx|1|0|0|0|00
DBG|1|0|0b|c|01|03|01|00|xx|xx|1|0|0|0|00
DBG|1|0|0d|a|01|03|01|00|xx|xx|1|0|0|0|00
DBG|1|0|0f|c|02|03|01|00|xx|xx|1|0|0|0|00
DBG|1|0|11|b|02|02|01|00|xx|xx|1|0|0|0|00
DBG|1|0|13|1|01|02|01|00|xx|xx|1|0|0|0|00
DBG|1|0|14|e|ff|02|01|00|xx|xx|1|0|0|0|00
DBG|1|0|04|a|ff|02|01|00|xx|xx|1|0|0|0|00
DBG|1|0|06|c|03|02|01|00|xx|xx|1|0|0|0|00
DBG|1|0|08|b|03|03|01|00|xx|xx|1|0|0|0|00
DBG|1|0|0a|2|01|03|01|00|xx|xx|1|0|0|0|00
DBG|1|0|0b|c|01|03|01|00|xx|xx|1|0|0|0|00
DBG|1|0|0d|a|01|03|01|00|xx|xx|1|0|0|0|00
DBG|1|0|0f|c|02|03|01|00|xx|xx|1|0|0|0|00
DBG|1|0|11|b|02|02|01|00|xx|xx|1|0|0|0|00
DBG|1|0|13|1|01|02|01|00|xx|xx|1|0|0|0|00
DBG|1|0|14|e|ff|02|01|00|xx|xx|1|0|0|0|00
DBG|1|0|04|a|ff|02|01|00|xx|xx|1|0|0|0|00
DBG|1|0|06|c|03|02|01|00|xx|xx|1|0|0|0|00
DBG|1|0|08|b|03|03|01|00|xx|xx|1|0|0|0|00
DBG|1|0|0a|2|01|03|01|00|xx|xx|1|0|0|0|00
DBG|1|0|0b|c|01|03|01|00|xx|xx|1|0|0|0|00
DBG|1|0|0d|a|01|03|01|00|xx|xx|1|0|0|0|00
DBG|1|0|0f|c|02|03|01|00|xx|xx|1|0|0|0|00
DBG|1|0|11|b|02|02|01|00|xx|xx|1|0|0|0|00
DBG|1|0|13|1|01|02|01|00|xx|xx|1|0|0|0|00
DBG|1|0|14|e|ff|02|01|00|xx|xx|1|0|0|0|00
DBG|1|0|04|a|ff|02|01|00|xx|xx|1|0|0|0|00
DBG|1|0|06|c|03|02|01|00|xx|xx|1|0|0|0|00
DBG|1|0|08|b|03|03|01|00|xx|xx|1|0|0|0|00
DBG|1|0|0a|2|01|03|01|00|xx|xx|1|0|0|0|00
DBG|1|0|0b|c|01|03|01|00|xx|xx|1|0|0|0|00
DBG|1|0|0d|a|01|03|01|00|xx|xx|1|0|0|0|00
DBG|1|0|0f|c|02|03|01|00|xx|xx|1|0|0|0|00
DBG|1|0|11|b|02|02|01|00|xx|xx|1|0|0|0|00
DBG|1|0|13|1|01|02|01|00|xx|xx|1|0|0|0|00
DBG|1|0|14|e|ff|02|01|00|xx|xx|1|0|0|0|00
DBG|1|0|04|a|ff|02|01|00|xx|xx|1|0|0|0|00
DBG|1|0|06|c|03|02|01|00|xx|xx|1|0|0|0|00
DBG|1|0|08|b|03|03|01|00|xx|xx|1|0|0|0|00
DBG|1|0|0a|2|01|03|01|00|xx|xx|1|0|0|0|00
DBG|1|0|0b|c|01|03|01|00|xx|xx|1|0|0|0|00
DBG|1|0|0d|a|01|03|01|00|xx|xx|1|0|0|0|00
DBG|1|0|0f|c|02|03|01|00|xx|xx|1|0|0|0|00
DBG|1|0|11|b|02|02|01|00|xx|xx|1|0|0|0|00
DBG|1|0|13|1|01|02|01|00|xx|xx|1|0|0|0|00
DBG|1|0|14|e|ff|02|01|00|xx|xx|1|0|0|0|00
DBG|1|0|04|a|ff|02|01|00|xx|xx|1|0|0|0|00
DBG|1|0|06|c|03|02|01|00|xx|xx|1|0|0|0|00
DBG|1|0|08|b|03|03|01|00|xx|xx|1|0|0|0|00
DBG|1|0|0a|2|01|03|01|00|xx|xx|1|0|0|0|00
DBG|1|0|0b|c|01|03|01|00|xx|xx|1|0|0|0|00
DBG|1|0|0d|a|01|03|01|00|xx|xx|1|0|0|0|00
DBG|1|0|0f|c|02|03|01|00|xx|xx|1|0|0|0|00
DBG|1|0|11|b|02|02|01|00|xx|xx|1|0|0|0|00
DBG|1|0|13|1|01|02|01|00|xx|xx|1|0|0|0|00
DBG|1|0|14|e|ff|02|01|00|xx|xx|1|0|0|0|00
DBG|1|0|04|a|ff|02|01|00|xx|xx|1|0|0|0|00
DBG|1|0|06|c|03|02|01|00|xx|xx|1|0|0|0|00
DBG|1|0|08|b|03|03|01|00|xx|xx|1|0|0|0|00
DBG|1|0|0a|2|01|03|01|00|xx|xx|1|0|0|0|00
DBG|1|0|0b|c|01|03|01|00|xx|xx|1|0|0|0|00
DBG|1|0|0d|a|01|03|01|00|xx|xx|1|0|0|0|00
DBG|1|0|0f|c|02|03|01|00|xx|xx|1|0|0|0|00
DBG|1|0|11|b|02|02|01|00|xx|xx|1|0|0|0|00
DBG|1|0|13|1|01|02|01|00|xx|xx|1|0|0|0|00
DBG|1|0|14|e|ff|02|01|00|xx|xx|1|0|0|0|00
DBG|1|0|04|a|ff|02|01|00|xx|xx|1|0|0|0|00
DBG|1|0|06|c|03|02|01|00|xx|xx|1|0|0|0|00
DBG|1|0|08|b|03|03|01|00|xx|xx|1|0|0|0|00
DBG|1|0|0a|2|01|03|01|00|xx|xx|1|0|0|0|00
DBG|1|0|0b|c|01|03|01|00|xx|xx|1|0|0|0|00
DBG|1|0|0d|a|01|03|01|00|xx|xx|1|0|0|0|00
DBG|1|0|0f|c|02|03|01|00|xx|xx|1|0|0|0|00
DBG|1|0|11|b|02|02|01|00|xx|xx|1|0|0|0|00
DBG|1|0|13|1|01|02|01|00|xx|xx|1|0|0|0|00
DBG|1|0|14|e|ff|02|01|00|xx|xx|1|0|0|0|00
DBG|1|0|04|a|ff|02|01|00|xx|xx|1|0|0|0|00
DBG|1|0|06|c|03|02|01|00|xx|xx|1|0|0|0|00
DBG|1|0|08|b|03|03|01|00|xx|xx|1|0|0|0|00
DBG|1|0|0a|2|01|03|01|00|xx|xx|1|0|0|0|00
DBG|1|0|0b|c|01|03|01|00|xx|xx|1|0|0|0|00
DBG|1|0|0d|a|01|03|01|00|xx|xx|1|0|0|0|00
DBG|1|0|0f|c|02|03|01|00|xx|xx|1|0|0|0|00
DBG|1|0|11|b|02|02|01|00|xx|xx|1|0|0|0|00
DBG|1|0|13|1|01|02|01|00|xx|xx|1|0|0|0|00
DBG|1|0|14|e|ff|02|01|00|xx|xx|1|0|0|0|00
DBG|1|0|04|a|ff|02|01|00|xx|xx|1|0|0|0|00
DBG|1|0|06|c|03|02|01|00|xx|xx|1|0|0|0|00
DBG|1|0|08|b|03|03|01|00|xx|xx|1|0|0|0|00
DBG|1|0|0a|2|01|03|01|00|xx|xx|1|0|0|0|00
DBG|1|0|0b|c|01|03|01|00|xx|xx|1|0|0|0|00
DBG|1|0|0d|a|01|03|01|00|xx|xx|1|0|0|0|00
DBG|1|0|0f|c|02|03|01|00|xx|xx|1|0|0|0|00
DBG|1|0|11|b|02|02|01|00|xx|xx|1|0|0|0|00
DBG|1|0|13|1|01|02|01|00|xx|xx|1|0|0|0|00
DBG|1|0|14|e|ff|02|01|00|xx|xx|1|0|0|0|00
DBG|1|0|04|a|ff|02|01|00|xx|xx|1|0|0|0|00
DBG|1|0|06|c|03|02|01|00|xx|xx|1|0|0|0|00
DBG|1|0|08|b|03|03|01|00|xx|xx|1|0|0|0|00
DBG|1|0|0a|2|01|03|01|00|xx|xx|1|0|0|0|00
DBG|1|0|0b|c|01|03|01|00|xx|xx|1|0|0|0|00
DBG|1|0|0d|a|01|03|01|00|xx|xx|1|0|0|0|00
DBG|1|0|0f|c|02|03|01|00|xx|xx|1|0|0|0|00
DBG|1|0|11|b|02|02|01|00|xx|xx|1|0|0|0|00
DBG|1|0|13|1|01|02|01|00|xx|xx|1|0|0|0|00
DBG|1|0|14|e|ff|02|01|00|xx|xx|1|0|0|0|00
DBG|1|0|04|a|ff|02|01|00|xx|xx|1|0|0|0|00
DBG|1|0|06|c|03|02|01|00|xx|xx|1|0|0|0|00
DBG|1|0|08|b|03|03|01|00|xx|xx|1|0|0|0|00
DBG|1|0|0a|2|01|03|01|00|xx|xx|1|0|0|0|00
DBG|1|0|0b|c|01|03|01|00|xx|xx|1|0|0|0|00
DBG|1|0|0d|a|01|03|01|00|xx|xx|1|0|0|0|00
DBG|1|0|0f|c|02|03|01|00|xx|xx|1|0|0|0|00
DBG|1|0|11|b|02|02|01|00|xx|xx|1|0|0|0|00
DBG|1|0|13|1|01|02|01|00|xx|xx|1|0|0|0|00
DBG|1|0|14|e|ff|02|01|00|xx|xx|1|0|0|0|00
DBG|1|0|04|a|ff|02|01|00|xx|xx|1|0|0|0|00
DBG|1|0|06|c|03|02|01|00|xx|xx|1|0|0|0|00
DBG|1|0|08|b|03|03|01|00|xx|xx|1|0|0|0|00
DBG|1|0|0a|2|01|03|01|00|xx|xx|1|0|0|0|00
DBG|1|0|0b|c|01|03|01|00|xx|xx|1|0|0|0|00
DBG|1|0|0d|a|01|03|01|00|xx|xx|1|0|0|0|00
DBG|1|0|0f|c|02|03|01|00|xx|xx|1|0|0|0|00
DBG|1|0|11|b|02|02|01|00|xx|xx|1|0|0|0|00
DBG|1|0|13|1|01|02|01|00|xx|xx|1|0|0|0|00
DBG|1|0|14|e|ff|02|01|00|xx|xx|1|0|0|0|00
DBG|1|0|04|a|ff|02|01|00|xx|xx|1|0|0|0|00
DBG|1|0|06|c|03|02|01|00|xx|xx|1|0|0|0|00
DBG|1|0|08|b|03|03|01|00|xx|xx|1|0|0|0|00
DBG|1|0|0a|2|01|03|01|00|xx|xx|1|0|0|0|00
DBG|1|0|0b|c|01|03|01|00|xx|xx|1|0|0|0|00
DBG|1|0|0d|a|01|03|01|00|xx|xx|1|0|0|0|00
DBG|1|0|0f|c|02|03|01|00|xx|xx|1|0|0|0|00
DBG|1|0|11|b|02|02|01|00|xx|xx|1|0|0|0|00
DBG|1|0|13|1|01|02|01|00|xx|xx|1|0|0|0|00
DBG|1|0|14|e|ff|02|01|00|xx|xx|1|0|0|0|00
DBG|1|0|04|a|ff|02|01|00|xx|xx|1|0|0|0|00
DBG|1|0|06|c|03|02|01|00|xx|xx|1|0|0|0|00
DBG|1|0|08|b|03|03|01|00|xx|xx|1|0|0|0|00
DBG|1|0|0a|2|01|03|01|00|xx|xx|1|0|0|0|00
DBG|1|0|0b|c|01|03|01|00|xx|xx|1|0|0|0|00
DBG|1|0|0d|a|01|03|01|00|xx|xx|1|0|0|0|00
DBG|1|0|0f|c|02|03|01|00|xx|xx|1|0|0|0|00
DBG|1|0|11|b|02|02|01|00|xx|xx|1|0|0|0|00
DBG|1|0|13|1|01|02|01|00|xx|xx|1|0|0|0|00
DBG|1|0|14|e|ff|02|01|00|xx|xx|1|0|0|0|00
DBG|1|0|04|a|ff|02|01|00|xx|xx|1|0|0|0|00
DBG|1|0|06|c|03|02|01|00|xx|xx|1|0|0|0|00
DBG|1|0|08|b|03|03|01|00|xx|xx|1|0|0|0|00
DBG|1|0|0a|2|01|03|01|00|xx|xx|1|0|0|0|00
DBG|1|0|0b|c|01|03|01|00|xx|xx|1|0|0|0|00
DBG|1|0|0d|a|01|03|01|00|xx|xx|1|0|0|0|00
DBG|1|0|0f|c|02|03|01|00|xx|xx|1|0|0|0|00
DBG|1|0|11|b|02|02|01|00|xx|xx|1|0|0|0|00
DBG|1|0|13|1|01|02|01|00|xx|xx|1|0|0|0|00
DBG|1|0|14|e|ff|02|01|00|xx|xx|1|0|0|0|00
DBG|1|0|04|a|ff|02|01|00|xx|xx|1|0|0|0|00
DBG|1|0|06|c|03|02|01|00|xx|xx|1|0|0|0|00
DBG|1|0|08|b|03|03|01|00|xx|xx|1|0|0|0|00
DBG|1|0|0a|2|01|03|01|00|xx|xx|1|0|0|0|00
DBG|1|0|0b|c|01|03|01|00|xx|xx|1|0|0|0|00
DBG|1|0|0d|a|01|03|01|00|xx|xx|1|0|0|0|00
DBG|1|0|0f|c|02|03|01|00|xx|xx|1|0|0|0|00
DBG|1|0|11|b|02|02|01|00|xx|xx|1|0|0|0|00
DBG|1|0|13|1|01|02|01|00|xx|xx|1|0|0|0|00
DBG|1|0|14|e|ff|02|01|00|xx|xx|1|0|0|0|00
DBG|1|0|04|a|ff|02|01|00|xx|xx|1|0|0|0|00
DBG|1|0|06|c|03|02|01|00|xx|xx|1|0|0|0|00
DBG|1|0|08|b|03|03|01|00|xx|xx|1|0|0|0|00
DBG|1|0|0a|2|01|03|01|00|xx|xx|1|0|0|0|00
DBG|1|0|0b|c|01|03|01|00|xx|xx|1|0|0|0|00
DBG|1|0|0d|a|01|03|01|00|xx|xx|1|0|0|0|00
DBG|1|0|0f|c|02|03|01|00|xx|xx|1|0|0|0|00
DBG|1|0|11|b|02|02|01|00|xx|xx|1|0|0|0|00
DBG|1|0|13|1|01|02|01|00|xx|xx|1|0|0|0|00
DBG|1|0|14|e|ff|02|01|00|xx|xx|1|0|0|0|00
DBG|1|0|04|a|ff|02|01|00|xx|xx|1|0|0|0|00
DBG|1|0|06|c|03|02|01|00|xx|xx|1|0|0|0|00
DBG|1|0|08|b|03|03|01|00|xx|xx|1|0|0|0|00
DBG|1|0|0a|2|01|03|01|00|xx|xx|1|0|0|0|00
DBG|1|0|0b|c|01|03|01|00|xx|xx|1|0|0|0|00
DBG|1|0|0d|a|01|03|01|00|xx|xx|1|0|0|0|00
DBG|1|0|0f|c|02|03|01|00|xx|xx|1|0|0|0|00
DBG|1|0|11|b|02|02|01|00|xx|xx|1|0|0|0|00
DBG|1|0|13|1|01|02|01|00|xx|xx|1|0|0|0|00
DBG|1|0|14|e|ff|02|01|00|xx|xx|1|0|0|0|00
DBG|1|0|04|a|ff|02|01|00|xx|xx|1|0|0|0|00
DBG|1|0|06|c|03|02|01|00|xx|xx|1|0|0|0|00
DBG|1|0|08|b|03|03|01|00|xx|xx|1|0|0|0|00
DBG|1|0|0a|2|01|03|01|00|xx|xx|1|0|0|0|00
DBG|1|0|0b|c|01|03|01|00|xx|xx|1|0|0|0|00
DBG|1|0|0d|a|01|03|01|00|xx|xx|1|0|0|0|00
DBG|1|0|0f|c|02|03|01|00|xx|xx|1|0|0|0|00
DBG|1|0|11|b|02|02|01|00|xx|xx|1|0|0|0|00
DBG|1|0|13|1|01|02|01|00|xx|xx|1|0|0|0|00
DBG|1|0|14|e|ff|02|01|00|xx|xx|1|0|0|0|00
DBG|1|0|04|a|ff|02|01|00|xx|xx|1|0|0|0|00
DBG|1|0|06|c|03|02|01|00|xx|xx|1|0|0|0|00
DBG|1|0|08|b|03|03|01|00|xx|xx|1|0|0|0|00
DBG|1|0|0a|2|01|03|01|00|xx|xx|1|0|0|0|00
DBG|1|0|0b|c|01|03|01|00|xx|xx|1|0|0|0|00
DBG|1|0|0d|a|01|03|01|00|xx|xx|1|0|0|0|00
DBG|1|0|0f|c|02|03|01|00|xx|xx|1|0|0|0|00
DBG|1|0|11|b|02|02|01|00|xx|xx|1|0|0|0|00
DBG|1|0|13|1|01|02|01|00|xx|xx|1|0|0|0|00
DBG|1|0|14|e|ff|02|01|00|xx|xx|1|0|0|0|00
DBG|1|0|04|a|ff|02|01|00|xx|xx|1|0|0|0|00
DBG|1|0|06|c|03|02|01|00|xx|xx|1|0|0|0|00
DBG|1|0|08|b|03|03|01|00|xx|xx|1|0|0|0|00
DBG|1|0|0a|2|01|03|01|00|xx|xx|1|0|0|0|00
DBG|1|0|0b|c|01|03|01|00|xx|xx|1|0|0|0|00
DBG|1|0|0d|a|01|03|01|00|xx|xx|1|0|0|0|00
DBG|1|0|0f|c|02|03|01|00|xx|xx|1|0|0|0|00
DBG|1|0|11|b|02|02|01|00|xx|xx|1|0|0|0|00
DBG|1|0|13|1|01|02|01|00|xx|xx|1|0|0|0|00
DBG|1|0|14|e|ff|02|01|00|xx|xx|1|0|0|0|00
DBG|1|0|04|a|ff|02|01|00|xx|xx|1|0|0|0|00
DBG|1|0|06|c|03|02|01|00|xx|xx|1|0|0|0|00
DBG|1|0|08|b|03|03|01|00|xx|xx|1|0|0|0|00
DBG|1|0|0a|2|01|03|01|00|xx|xx|1|0|0|0|00
DBG|1|0|0b|c|01|03|01|00|xx|xx|1|0|0|0|00
DBG|1|0|0d|a|01|03|01|00|xx|xx|1|0|0|0|00
DBG|1|0|0f|c|02|03|01|00|xx|xx|1|0|0|0|00
DBG|1|0|11|b|02|02|01|00|xx|xx|1|0|0|0|00
DBG|1|0|13|1|01|02|01|00|xx|xx|1|0|0|0|00
DBG|1|0|14|e|ff|02|01|00|xx|xx|1|0|0|0|00
DBG|1|0|04|a|ff|02|01|00|xx|xx|1|0|0|0|00
DBG|1|0|06|c|03|02|01|00|xx|xx|1|0|0|0|00
DBG|1|0|08|b|03|03|01|00|xx|xx|1|0|0|0|00
DBG|1|0|0a|2|01|03|01|00|xx|xx|1|0|0|0|00
DBG|1|0|0b|c|01|03|01|00|xx|xx|1|0|0|0|00
DBG|1|0|0d|a|01|03|01|00|xx|xx|1|0|0|0|00
DBG|1|0|0f|c|02|03|01|00|xx|xx|1|0|0|0|00
DBG|1|0|11|b|02|02|01|00|xx|xx|1|0|0|0|00
DBG|1|0|13|1|01|02|01|00|xx|xx|1|0|0|0|00
DBG|1|0|14|e|ff|02|01|00|xx|xx|1|0|0|0|00
DBG|1|0|04|a|ff|02|01|00|xx|xx|1|0|0|0|00
DBG|1|0|06|c|03|02|01|00|xx|xx|1|0|0|0|00
DBG|1|0|08|b|03|03|01|00|xx|xx|1|0|0|0|00
DBG|1|0|0a|2|01|03|01|00|xx|xx|1|0|0|0|00
DBG|1|0|0b|c|01|03|01|00|xx|xx|1|0|0|0|00
DBG|1|0|0d|a|01|03|01|00|xx|xx|1|0|0|0|00
DBG|1|0|0f|c|02|03|01|00|xx|xx|1|0|0|0|00
DBG|1|0|11|b|02|02|01|00|xx|xx|1|0|0|0|00
DBG|1|0|13|1|01|02|01|00|xx|xx|1|0|0|0|00
DBG|1|0|14|e|ff|02|01|00|xx|xx|1|0|0|0|00
DBG|1|0|04|a|ff|02|01|00|xx|xx|1|0|0|0|00
DBG|1|0|06|c|03|02|01|00|xx|xx|1|0|0|0|00
DBG|1|0|08|b|03|03|01|00|xx|xx|1|0|0|0|00
DBG|1|0|0a|2|01|03|01|00|xx|xx|1|0|0|0|00
DBG|1|0|0b|c|01|03|01|00|xx|xx|1|0|0|0|00
DBG|1|0|0d|a|01|03|01|00|xx|xx|1|0|0|0|00
DBG|1|0|0f|c|02|03|01|00|xx|xx|1|0|0|0|00
DBG|1|0|11|b|02|02|01|00|xx|xx|1|0|0|0|00
DBG|1|0|13|1|01|02|01|00|xx|xx|1|0|0|0|00
DBG|1|0|14|e|ff|02|01|00|xx|xx|1|0|0|0|00
DBG|1|0|04|a|ff|02|01|00|xx|xx|1|0|0|0|00
DBG|1|0|06|c|03|02|01|00|xx|xx|1|0|0|0|00
DBG|1|0|08|b|03|03|01|00|xx|xx|1|0|0|0|00
DBG|1|0|0a|2|01|03|01|00|xx|xx|1|0|0|0|00
DBG|1|0|0b|c|01|03|01|00|xx|xx|1|0|0|0|00
DBG|1|0|0d|a|01|03|01|00|xx|xx|1|0|0|0|00
DBG|1|0|0f|c|02|03|01|00|xx|xx|1|0|0|0|00
DBG|1|0|11|b|02|02|01|00|xx|xx|1|0|0|0|00
DBG|1|0|13|1|01|02|01|00|xx|xx|1|0|0|0|00
DBG|1|0|14|e|ff|02|01|00|xx|xx|1|0|0|0|00
DBG|1|0|04|a|ff|02|01|00|xx|xx|1|0|0|0|00
DBG|1|0|06|c|03|02|01|00|xx|xx|1|0|0|0|00
DBG|1|0|08|b|03|03|01|00|xx|xx|1|0|0|0|00
DBG|1|0|0a|2|01|03|01|00|xx|xx|1|0|0|0|00
DBG|1|0|0b|c|01|03|01|00|xx|xx|1|0|0|0|00
DBG|1|0|0d|a|01|03|01|00|xx|xx|1|0|0|0|00
DBG|1|0|0f|c|02|03|01|00|xx|xx|1|0|0|0|00
DBG|1|0|11|b|02|02|01|00|xx|xx|1|0|0|0|00
DBG|1|0|13|1|01|02|01|00|xx|xx|1|0|0|0|00
DBG|1|0|14|e|ff|02|01|00|xx|xx|1|0|0|0|00
DBG|1|0|04|a|ff|02|01|00|xx|xx|1|0|0|0|00
DBG|1|0|06|c|03|02|01|00|xx|xx|1|0|0|0|00
DBG|1|0|08|b|03|03|01|00|xx|xx|1|0|0|0|00
DBG|1|0|0a|2|01|03|01|00|xx|xx|1|0|0|0|00
DBG|1|0|0b|c|01|03|01|00|xx|xx|1|0|0|0|00
DBG|1|0|0d|a|01|03|01|00|xx|xx|1|0|0|0|00
DBG|1|0|0f|c|02|03|01|00|xx|xx|1|0|0|0|00
DBG|1|0|11|b|02|02|01|00|xx|xx|1|0|0|0|00
DBG|1|0|13|1|01|02|01|00|xx|xx|1|0|0|0|00
DBG|1|0|14|e|ff|02|01|00|xx|xx|1|0|0|0|00
DBG|1|0|04|a|ff|02|01|00|xx|xx|1|0|0|0|00
DBG|1|0|06|c|03|02|01|00|xx|xx|1|0|0|0|00
DBG|1|0|08|b|03|03|01|00|xx|xx|1|0|0|0|00
DBG|1|0|0a|2|01|03|01|00|xx|xx|1|0|0|0|00
DBG|1|0|0b|c|01|03|01|00|xx|xx|1|0|0|0|00
DBG|1|0|0d|a|01|03|01|00|xx|xx|1|0|0|0|00
DBG|1|0|0f|c|02|03|01|00|xx|xx|1|0|0|0|00
DBG|1|0|11|b|02|02|01|00|xx|xx|1|0|0|0|00
DBG|1|0|13|1|01|02|01|00|xx|xx|1|0|0|0|00
DBG|1|0|14|e|ff|02|01|00|xx|xx|1|0|0|0|00
DBG|1|0|04|a|ff|02|01|00|xx|xx|1|0|0|0|00
DBG|1|0|06|c|03|02|01|00|xx|xx|1|0|0|0|00
DBG|1|0|08|b|03|03|01|00|xx|xx|1|0|0|0|00
DBG|1|0|0a|2|01|03|01|00|xx|xx|1|0|0|0|00
DBG|1|0|0b|c|01|03|01|00|xx|xx|1|0|0|0|00
DBG|1|0|0d|a|01|03|01|00|xx|xx|1|0|0|0|00
DBG|1|0|0f|c|02|03|01|00|xx|xx|1|0|0|0|00
DBG|1|0|11|b|02|02|01|00|xx|xx|1|0|0|0|00
DBG|1|0|13|1|01|02|01|00|xx|xx|1|0|0|0|00
DBG|1|0|14|e|ff|02|01|00|xx|xx|1|0|0|0|00
DBG|1|0|04|a|ff|02|01|00|xx|xx|1|0|0|0|00
DBG|1|0|06|c|03|02|01|00|xx|xx|1|0|0|0|00
DBG|1|0|08|b|03|03|01|00|xx|xx|1|0|0|0|00
DBG|1|0|0a|2|01|03|01|00|xx|xx|1|0|0|0|00
DBG|1|0|0b|c|01|03|01|00|xx|xx|1|0|0|0|00
DBG|1|0|0d|a|01|03|01|00|xx|xx|1|0|0|0|00
DBG|1|0|0f|c|02|03|01|00|xx|xx|1|0|0|0|00
DBG|1|0|11|b|02|02|01|00|xx|xx|1|0|0|0|00
DBG|1|0|13|1|01|02|01|00|xx|xx|1|0|0|0|00
DBG|1|0|14|e|ff|02|01|00|xx|xx|1|0|0|0|00
DBG|1|0|04|a|ff|02|01|00|xx|xx|1|0|0|0|00
DBG|1|0|06|c|03|02|01|00|xx|xx|1|0|0|0|00
DBG|1|0|08|b|03|03|01|00|xx|xx|1|0|0|0|00
DBG|1|0|0a|2|01|03|01|00|xx|xx|1|0|0|0|00
DBG|1|0|0b|c|01|03|01|00|xx|xx|1|0|0|0|00
DBG|1|0|0d|a|01|03|01|00|xx|xx|1|0|0|0|00
DBG|1|0|0f|c|02|03|01|00|xx|xx|1|0|0|0|00
DBG|1|0|11|b|02|02|01|00|xx|xx|1|0|0|0|00
DBG|1|0|13|1|01|02|01|00|xx|xx|1|0|0|0|00
DBG|1|0|14|e|ff|02|01|00|xx|xx|1|0|0|0|00
DBG|1|0|04|a|ff|02|01|00|xx|xx|1|0|0|0|00
DBG|1|0|06|c|03|02|01|00|xx|xx|1|0|0|0|00
DBG|1|0|08|b|03|03|01|00|xx|xx|1|0|0|0|00
DBG|1|0|0a|2|01|03|01|00|xx|xx|1|0|0|0|00
DBG|1|0|0b|c|01|03|01|00|xx|xx|1|0|0|0|00
DBG|1|0|0d|a|01|03|01|00|xx|xx|1|0|0|0|00
DBG|1|0|0f|c|02|03|01|00|xx|xx|1|0|0|0|00
DBG|1|0|11|b|02|02|01|00|xx|xx|1|0|0|0|00
DBG|1|0|13|1|01|02|01|00|xx|xx|1|0|0|0|00
DBG|1|0|14|e|ff|02|01|00|xx|xx|1|0|0|0|00
DBG|1|0|04|a|ff|02|01|00|xx|xx|1|0|0|0|00
DBG|1|0|06|c|03|02|01|00|xx|xx|1|0|0|0|00
DBG|1|0|08|b|03|03|01|00|xx|xx|1|0|0|0|00
DBG|1|0|0a|2|01|03|01|00|xx|xx|1|0|0|0|00
DBG|1|0|0b|c|01|03|01|00|xx|xx|1|0|0|0|00
DBG|1|0|0d|a|01|03|01|00|xx|xx|1|0|0|0|00
DBG|1|0|0f|c|02|03|01|00|xx|xx|1|0|0|0|00
DBG|1|0|11|b|02|02|01|00|xx|xx|1|0|0|0|00
DBG|1|0|13|1|01|02|01|00|xx|xx|1|0|0|0|00
DBG|1|0|14|e|ff|02|01|00|xx|xx|1|0|0|0|00
DBG|1|0|04|a|ff|02|01|00|xx|xx|1|0|0|0|00
DBG|1|0|06|c|03|02|01|00|xx|xx|1|0|0|0|00
DBG|1|0|08|b|03|03|01|00|xx|xx|1|0|0|0|00
DBG|1|0|0a|2|01|03|01|00|xx|xx|1|0|0|0|00
DBG|1|0|0b|c|01|03|01|00|xx|xx|1|0|0|0|00
DBG|1|0|0d|a|01|03|01|00|xx|xx|1|0|0|0|00
DBG|1|0|0f|c|02|03|01|00|xx|xx|1|0|0|0|00
DBG|1|0|11|b|02|02|01|00|xx|xx|1|0|0|0|00
DBG|1|0|13|1|01|02|01|00|xx|xx|1|0|0|0|00
DBG|1|0|14|e|ff|02|01|00|xx|xx|1|0|0|0|00
DBG|1|0|04|a|ff|02|01|00|xx|xx|1|0|0|0|00
DBG|1|0|06|c|03|02|01|00|xx|xx|1|0|0|0|00
DBG|1|0|08|b|03|03|01|00|xx|xx|1|0|0|0|00
DBG|1|0|0a|2|01|03|01|00|xx|xx|1|0|0|0|00
DBG|1|0|0b|c|01|03|01|00|xx|xx|1|0|0|0|00
DBG|1|0|0d|a|01|03|01|00|xx|xx|1|0|0|0|00
DBG|1|0|0f|c|02|03|01|00|xx|xx|1|0|0|0|00
DBG|1|0|11|b|02|02|01|00|xx|xx|1|0|0|0|00
DBG|1|0|13|1|01|02|01|00|xx|xx|1|0|0|0|00
DBG|1|0|14|e|ff|02|01|00|xx|xx|1|0|0|0|00
DBG|1|0|04|a|ff|02|01|00|xx|xx|1|0|0|0|00
DBG|1|0|06|c|03|02|01|00|xx|xx|1|0|0|0|00
DBG|1|0|08|b|03|03|01|00|xx|xx|1|0|0|0|00
DBG|1|0|0a|2|01|03|01|00|xx|xx|1|0|0|0|00
DBG|1|0|0b|c|01|03|01|00|xx|xx|1|0|0|0|00
DBG|1|0|0d|a|01|03|01|00|xx|xx|1|0|0|0|00
DBG|1|0|0f|c|02|03|01|00|xx|xx|1|0|0|0|00
DBG|1|0|11|b|02|02|01|00|xx|xx|1|0|0|0|00
DBG|1|0|13|1|01|02|01|00|xx|xx|1|0|0|0|00
DBG|1|0|14|e|ff|02|01|00|xx|xx|1|0|0|0|00
DBG|1|0|04|a|ff|02|01|00|xx|xx|1|0|0|0|00
DBG|1|0|06|c|03|02|01|00|xx|xx|1|0|0|0|00
DBG|1|0|08|b|03|03|01|00|xx|xx|1|0|0|0|00
DBG|1|0|0a|2|01|03|01|00|xx|xx|1|0|0|0|00
DBG|1|0|0b|c|01|03|01|00|xx|xx|1|0|0|0|00
DBG|1|0|0d|a|01|03|01|00|xx|xx|1|0|0|0|00
DBG|1|0|0f|c|02|03|01|00|xx|xx|1|0|0|0|00
DBG|1|0|11|b|02|02|01|00|xx|xx|1|0|0|0|00
DBG|1|0|13|1|01|02|01|00|xx|xx|1|0|0|0|00
DBG|1|0|14|e|ff|02|01|00|xx|xx|1|0|0|0|00
DBG|1|0|04|a|ff|02|01|00|xx|xx|1|0|0|0|00
DBG|1|0|06|c|03|02|01|00|xx|xx|1|0|0|0|00
DBG|1|0|08|b|03|03|01|00|xx|xx|1|0|0|0|00
DBG|1|0|0a|2|01|03|01|00|xx|xx|1|0|0|0|00
DBG|1|0|0b|c|01|03|01|00|xx|xx|1|0|0|0|00
DBG|1|0|0d|a|01|03|01|00|xx|xx|1|0|0|0|00
DBG|1|0|0f|c|02|03|01|00|xx|xx|1|0|0|0|00
DBG|1|0|11|b|02|02|01|00|xx|xx|1|0|0|0|00
DBG|1|0|13|1|01|02|01|00|xx|xx|1|0|0|0|00
DBG|1|0|14|e|ff|02|01|00|xx|xx|1|0|0|0|00
DBG|1|0|04|a|ff|02|01|00|xx|xx|1|0|0|0|00
DBG|1|0|06|c|03|02|01|00|xx|xx|1|0|0|0|00
DBG|1|0|08|b|03|03|01|00|xx|xx|1|0|0|0|00
DBG|1|0|0a|2|01|03|01|00|xx|xx|1|0|0|0|00
DBG|1|0|0b|c|01|03|01|00|xx|xx|1|0|0|0|00
DBG|1|0|0d|a|01|03|01|00|xx|xx|1|0|0|0|00
DBG|1|0|0f|c|02|03|01|00|xx|xx|1|0|0|0|00
DBG|1|0|11|b|02|02|01|00|xx|xx|1|0|0|0|00
DBG|1|0|13|1|01|02|01|00|xx|xx|1|0|0|0|00
DBG|1|0|14|e|ff|02|01|00|xx|xx|1|0|0|0|00
DBG|1|0|04|a|ff|02|01|00|xx|xx|1|0|0|0|00
DBG|1|0|06|c|03|02|01|00|xx|xx|1|0|0|0|00
DBG|1|0|08|b|03|03|01|00|xx|xx|1|0|0|0|00
DBG|1|0|0a|2|01|03|01|00|xx|xx|1|0|0|0|00
DBG|1|0|0b|c|01|03|01|00|xx|xx|1|0|0|0|00
DBG|1|0|0d|a|01|03|01|00|xx|xx|1|0|0|0|00
DBG|1|0|0f|c|02|03|01|00|xx|xx|1|0|0|0|00
DBG|1|0|11|b|02|02|01|00|xx|xx|1|0|0|0|00
DBG|1|0|13|1|01|02|01|00|xx|xx|1|0|0|0|00
DBG|1|0|14|e|ff|02|01|00|xx|xx|1|0|0|0|00
DBG|1|0|04|a|ff|02|01|00|xx|xx|1|0|0|0|00
DBG|1|0|06|c|03|02|01|00|xx|xx|1|0|0|0|00
DBG|1|0|08|b|03|03|01|00|xx|xx|1|0|0|0|00
DBG|1|0|0a|2|01|03|01|00|xx|xx|1|0|0|0|00
DBG|1|0|0b|c|01|03|01|00|xx|xx|1|0|0|0|00
DBG|1|0|0d|a|01|03|01|00|xx|xx|1|0|0|0|00
DBG|1|0|0f|c|02|03|01|00|xx|xx|1|0|0|0|00
DBG|1|0|11|b|02|02|01|00|xx|xx|1|0|0|0|00
DBG|1|0|13|1|01|02|01|00|xx|xx|1|0|0|0|00
DBG|1|0|14|e|ff|02|01|00|xx|xx|1|0|0|0|00
DBG|1|0|04|a|ff|02|01|00|xx|xx|1|0|0|0|00
DBG|1|0|06|c|03|02|01|00|xx|xx|1|0|0|0|00
DBG|1|0|08|b|03|03|01|00|xx|xx|1|0|0|0|00
DBG|1|0|0a|2|01|03|01|00|xx|xx|1|0|0|0|00
DBG|1|0|0b|c|01|03|01|00|xx|xx|1|0|0|0|00
DBG|1|0|0d|a|01|03|01|00|xx|xx|1|0|0|0|00
DBG|1|0|0f|c|02|03|01|00|xx|xx|1|0|0|0|00
DBG|1|0|11|b|02|02|01|00|xx|xx|1|0|0|0|00
DBG|1|0|13|1|01|02|01|00|xx|xx|1|0|0|0|00
DBG|1|0|14|e|ff|02|01|00|xx|xx|1|0|0|0|00
DBG|1|0|04|a|ff|02|01|00|xx|xx|1|0|0|0|00
DBG|1|0|06|c|03|02|01|00|xx|xx|1|0|0|0|00
DBG|1|0|08|b|03|03|01|00|xx|xx|1|0|0|0|00
DBG|1|0|0a|2|01|03|01|00|xx|xx|1|0|0|0|00
DBG|1|0|0b|c|01|03|01|00|xx|xx|1|0|0|0|00
DBG|1|0|0d|a|01|03|01|00|xx|xx|1|0|0|0|00
DBG|1|0|0f|c|02|03|01|00|xx|xx|1|0|0|0|00
DBG|1|0|11|b|02|02|01|00|xx|xx|1|0|0|0|00
DBG|1|0|13|1|01|02|01|00|xx|xx|1|0|0|0|00
DBG|1|0|14|e|ff|02|01|00|xx|xx|1|0|0|0|00
DBG|1|0|04|a|ff|02|01|00|xx|xx|1|0|0|0|00
DBG|1|0|06|c|03|02|01|00|xx|xx|1|0|0|0|00
DBG|1|0|08|b|03|03|01|00|xx|xx|1|0|0|0|00
DBG|1|0|0a|2|01|03|01|00|xx|xx|1|0|0|0|00
DBG|1|0|0b|c|01|03|01|00|xx|xx|1|0|0|0|00
DBG|1|0|0d|a|01|03|01|00|xx|xx|1|0|0|0|00
DBG|1|0|0f|c|02|03|01|00|xx|xx|1|0|0|0|00
DBG|1|0|11|b|02|02|01|00|xx|xx|1|0|0|0|00
DBG|1|0|13|1|01|02|01|00|xx|xx|1|0|0|0|00
DBG|1|0|14|e|ff|02|01|00|xx|xx|1|0|0|0|00
DBG|1|0|04|a|ff|02|01|00|xx|xx|1|0|0|0|00
DBG|1|0|06|c|03|02|01|00|xx|xx|1|0|0|0|00
DBG|1|0|08|b|03|03|01|00|xx|xx|1|0|0|0|00
DBG|1|0|0a|2|01|03|01|00|xx|xx|1|0|0|0|00
DBG|1|0|0b|c|01|03|01|00|xx|xx|1|0|0|0|00
DBG|1|0|0d|a|01|03|01|00|xx|xx|1|0|0|0|00
DBG|1|0|0f|c|02|03|01|00|xx|xx|1|0|0|0|00
DBG|1|0|11|b|02|02|01|00|xx|xx|1|0|0|0|00
DBG|1|0|13|1|01|02|01|00|xx|xx|1|0|0|0|00
DBG|1|0|14|e|ff|02|01|00|xx|xx|1|0|0|0|00
DBG|1|0|04|a|ff|02|01|00|xx|xx|1|0|0|0|00
DBG|1|0|06|c|03|02|01|00|xx|xx|1|0|0|0|00
DBG|1|0|08|b|03|03|01|00|xx|xx|1|0|0|0|00
DBG|1|0|0a|2|01|03|01|00|xx|xx|1|0|0|0|00
DBG|1|0|0b|c|01|03|01|00|xx|xx|1|0|0|0|00
DBG|1|0|0d|a|01|03|01|00|xx|xx|1|0|0|0|00
DBG|1|0|0f|c|02|03|01|00|xx|xx|1|0|0|0|00
DBG|1|0|11|b|02|02|01|00|xx|xx|1|0|0|0|00
DBG|1|0|13|1|01|02|01|00|xx|xx|1|0|0|0|00
DBG|1|0|14|e|ff|02|01|00|xx|xx|1|0|0|0|00
DBG|1|0|04|a|ff|02|01|00|xx|xx|1|0|0|0|00
DBG|1|0|06|c|03|02|01|00|xx|xx|1|0|0|0|00
DBG|1|0|08|b|03|03|01|00|xx|xx|1|0|0|0|00
DBG|1|0|0a|2|01|03|01|00|xx|xx|1|0|0|0|00
DBG|1|0|0b|c|01|03|01|00|xx|xx|1|0|0|0|00
DBG|1|0|0d|a|01|03|01|00|xx|xx|1|0|0|0|00
DBG|1|0|0f|c|02|03|01|00|xx|xx|1|0|0|0|00
DBG|1|0|11|b|02|02|01|00|xx|xx|1|0|0|0|00
DBG|1|0|13|1|01|02|01|00|xx|xx|1|0|0|0|00
DBG|1|0|14|e|ff|02|01|00|xx|xx|1|0|0|0|00
DBG|1|0|04|a|ff|02|01|00|xx|xx|1|0|0|0|00
DBG|1|0|06|c|03|02|01|00|xx|xx|1|0|0|0|00
DBG|1|0|08|b|03|03|01|00|xx|xx|1|0|0|0|00
DBG|1|0|0a|2|01|03|01|00|xx|xx|1|0|0|0|00
DBG|1|0|0b|c|01|03|01|00|xx|xx|1|0|0|0|00
DBG|1|0|0d|a|01|03|01|00|xx|xx|1|0|0|0|00
DBG|1|0|0f|c|02|03|01|00|xx|xx|1|0|0|0|00
DBG|1|0|11|b|02|02|01|00|xx|xx|1|0|0|0|00
DBG|1|0|13|1|01|02|01|00|xx|xx|1|0|0|0|00
DBG|1|0|14|e|ff|02|01|00|xx|xx|1|0|0|0|00
DBG|1|0|04|a|ff|02|01|00|xx|xx|1|0|0|0|00
DBG|1|0|06|c|03|02|01|00|xx|xx|1|0|0|0|00
DBG|1|0|08|b|03|03|01|00|xx|xx|1|0|0|0|00
DBG|1|0|0a|2|01|03|01|00|xx|xx|1|0|0|0|00
DBG|1|0|0b|c|01|03|01|00|xx|xx|1|0|0|0|00
DBG|1|0|0d|a|01|03|01|00|xx|xx|1|0|0|0|00
DBG|1|0|0f|c|02|03|01|00|xx|xx|1|0|0|0|00
DBG|1|0|11|b|02|02|01|00|xx|xx|1|0|0|0|00
DBG|1|0|13|1|01|02|01|00|xx|xx|1|0|0|0|00
DBG|1|0|14|e|ff|02|01|00|xx|xx|1|0|0|0|00
DBG|1|0|04|a|ff|02|01|00|xx|xx|1|0|0|0|00
DBG|1|0|06|c|03|02|01|00|xx|xx|1|0|0|0|00
DBG|1|0|08|b|03|03|01|00|xx|xx|1|0|0|0|00
DBG|1|0|0a|2|01|03|01|00|xx|xx|1|0|0|0|00
DBG|1|0|0b|c|01|03|01|00|xx|xx|1|0|0|0|00
DBG|1|0|0d|a|01|03|01|00|xx|xx|1|0|0|0|00
DBG|1|0|0f|c|02|03|01|00|xx|xx|1|0|0|0|00
DBG|1|0|11|b|02|02|01|00|xx|xx|1|0|0|0|00
DBG|1|0|13|1|01|02|01|00|xx|xx|1|0|0|0|00
DBG|1|0|14|e|ff|02|01|00|xx|xx|1|0|0|0|00
DBG|1|0|04|a|ff|02|01|00|xx|xx|1|0|0|0|00
DBG|1|0|06|c|03|02|01|00|xx|xx|1|0|0|0|00
DBG|1|0|08|b|03|03|01|00|xx|xx|1|0|0|0|00
DBG|1|0|0a|2|01|03|01|00|xx|xx|1|0|0|0|00
DBG|1|0|0b|c|01|03|01|00|xx|xx|1|0|0|0|00
DBG|1|0|0d|a|01|03|01|00|xx|xx|1|0|0|0|00
DBG|1|0|0f|c|02|03|01|00|xx|xx|1|0|0|0|00
DBG|1|0|11|b|02|02|01|00|xx|xx|1|0|0|0|00
DBG|1|0|13|1|01|02|01|00|xx|xx|1|0|0|0|00
DBG|1|0|14|e|ff|02|01|00|xx|xx|1|0|0|0|00
DBG|1|0|04|a|ff|02|01|00|xx|xx|1|0|0|0|00
DBG|1|0|06|c|03|02|01|00|xx|xx|1|0|0|0|00
DBG|1|0|08|b|03|03|01|00|xx|xx|1|0|0|0|00
DBG|1|0|0a|2|01|03|01|00|xx|xx|1|0|0|0|00
DBG|1|0|0b|c|01|03|01|00|xx|xx|1|0|0|0|00
DBG|1|0|0d|a|01|03|01|00|xx|xx|1|0|0|0|00
DBG|1|0|0f|c|02|03|01|00|xx|xx|1|0|0|0|00
DBG|1|0|11|b|02|02|01|00|xx|xx|1|0|0|0|00
DBG|1|0|13|1|01|02|01|00|xx|xx|1|0|0|0|00
DBG|1|0|14|e|ff|02|01|00|xx|xx|1|0|0|0|00
DBG|1|0|04|a|ff|02|01|00|xx|xx|1|0|0|0|00
DBG|1|0|06|c|03|02|01|00|xx|xx|1|0|0|0|00
DBG|1|0|08|b|03|03|01|00|xx|xx|1|0|0|0|00
DBG|1|0|0a|2|01|03|01|00|xx|xx|1|0|0|0|00
DBG|1|0|0b|c|01|03|01|00|xx|xx|1|0|0|0|00
DBG|1|0|0d|a|01|03|01|00|xx|xx|1|0|0|0|00
DBG|1|0|0f|c|02|03|01|00|xx|xx|1|0|0|0|00
DBG|1|0|11|b|02|02|01|00|xx|xx|1|0|0|0|00
DBG|1|0|13|1|01|02|01|00|xx|xx|1|0|0|0|00
DBG|1|0|14|e|ff|02|01|00|xx|xx|1|0|0|0|00
DBG|1|0|04|a|ff|02|01|00|xx|xx|1|0|0|0|00
DBG|1|0|06|c|03|02|01|00|xx|xx|1|0|0|0|00
DBG|1|0|08|b|03|03|01|00|xx|xx|1|0|0|0|00
DBG|1|0|0a|2|01|03|01|00|xx|xx|1|0|0|0|00
DBG|1|0|0b|c|01|03|01|00|xx|xx|1|0|0|0|00
DBG|1|0|0d|a|01|03|01|00|xx|xx|1|0|0|0|00
DBG|1|0|0f|c|02|03|01|00|xx|xx|1|0|0|0|00
DBG|1|0|11|b|02|02|01|00|xx|xx|1|0|0|0|00
DBG|1|0|13|1|01|02|01|00|xx|xx|1|0|0|0|00
DBG|1|0|14|e|ff|02|01|00|xx|xx|1|0|0|0|00
DBG|1|0|04|a|ff|02|01|00|xx|xx|1|0|0|0|00
DBG|1|0|06|c|03|02|01|00|xx|xx|1|0|0|0|00
DBG|1|0|08|b|03|03|01|00|xx|xx|1|0|0|0|00
DBG|1|0|0a|2|01|03|01|00|xx|xx|1|0|0|0|00
DBG|1|0|0b|c|01|03|01|00|xx|xx|1|0|0|0|00
DBG|1|0|0d|a|01|03|01|00|xx|xx|1|0|0|0|00
DBG|1|0|0f|c|02|03|01|00|xx|xx|1|0|0|0|00
DBG|1|0|11|b|02|02|01|00|xx|xx|1|0|0|0|00
DBG|1|0|13|1|01|02|01|00|xx|xx|1|0|0|0|00
DBG|1|0|14|e|ff|02|01|00|xx|xx|1|0|0|0|00
DBG|1|0|04|a|ff|02|01|00|xx|xx|1|0|0|0|00
DBG|1|0|06|c|03|02|01|00|xx|xx|1|0|0|0|00
DBG|1|0|08|b|03|03|01|00|xx|xx|1|0|0|0|00
DBG|1|0|0a|2|01|03|01|00|xx|xx|1|0|0|0|00
DBG|1|0|0b|c|01|03|01|00|xx|xx|1|0|0|0|00
DBG|1|0|0d|a|01|03|01|00|xx|xx|1|0|0|0|00
DBG|1|0|0f|c|02|03|01|00|xx|xx|1|0|0|0|00
DBG|1|0|11|b|02|02|01|00|xx|xx|1|0|0|0|00
DBG|1|0|13|1|01|02|01|00|xx|xx|1|0|0|0|00
DBG|1|0|14|e|ff|02|01|00|xx|xx|1|0|0|0|00
DBG|1|0|04|a|ff|02|01|00|xx|xx|1|0|0|0|00
DBG|1|0|06|c|03|02|01|00|xx|xx|1|0|0|0|00
DBG|1|0|08|b|03|03|01|00|xx|xx|1|0|0|0|00
DBG|1|0|0a|2|01|03|01|00|xx|xx|1|0|0|0|00
DBG|1|0|0b|c|01|03|01|00|xx|xx|1|0|0|0|00
DBG|1|0|0d|a|01|03|01|00|xx|xx|1|0|0|0|00
DBG|1|0|0f|c|02|03|01|00|xx|xx|1|0|0|0|00
DBG|1|0|11|b|02|02|01|00|xx|xx|1|0|0|0|00
DBG|1|0|13|1|01|02|01|00|xx|xx|1|0|0|0|00
DBG|1|0|14|e|ff|02|01|00|xx|xx|1|0|0|0|00
DBG|1|0|04|a|ff|02|01|00|xx|xx|1|0|0|0|00
DBG|1|0|06|c|03|02|01|00|xx|xx|1|0|0|0|00
DBG|1|0|08|b|03|03|01|00|xx|xx|1|0|0|0|00
DBG|1|0|0a|2|01|03|01|00|xx|xx|1|0|0|0|00
DBG|1|0|0b|c|01|03|01|00|xx|xx|1|0|0|0|00
DBG|1|0|0d|a|01|03|01|00|xx|xx|1|0|0|0|00
DBG|1|0|0f|c|02|03|01|00|xx|xx|1|0|0|0|00
DBG|1|0|11|b|02|02|01|00|xx|xx|1|0|0|0|00
DBG|1|0|13|1|01|02|01|00|xx|xx|1|0|0|0|00
DBG|1|0|14|e|ff|02|01|00|xx|xx|1|0|0|0|00
DBG|1|0|04|a|ff|02|01|00|xx|xx|1|0|0|0|00
DBG|1|0|06|c|03|02|01|00|xx|xx|1|0|0|0|00
DBG|1|0|08|b|03|03|01|00|xx|xx|1|0|0|0|00
DBG|1|0|0a|2|01|03|01|00|xx|xx|1|0|0|0|00
DBG|1|0|0b|c|01|03|01|00|xx|xx|1|0|0|0|00
DBG|1|0|0d|a|01|03|01|00|xx|xx|1|0|0|0|00
DBG|1|0|0f|c|02|03|01|00|xx|xx|1|0|0|0|00
DBG|1|0|11|b|02|02|01|00|xx|xx|1|0|0|0|00
DBG|1|0|13|1|01|02|01|00|xx|xx|1|0|0|0|00
DBG|1|0|14|e|ff|02|01|00|xx|xx|1|0|0|0|00
DBG|1|0|04|a|ff|02|01|00|xx|xx|1|0|0|0|00
DBG|1|0|06|c|03|02|01|00|xx|xx|1|0|0|0|00
DBG|1|0|08|b|03|03|01|00|xx|xx|1|0|0|0|00
DBG|1|0|0a|2|01|03|01|00|xx|xx|1|0|0|0|00
DBG|1|0|0b|c|01|03|01|00|xx|xx|1|0|0|0|00
DBG|1|0|0d|a|01|03|01|00|xx|xx|1|0|0|0|00
DBG|1|0|0f|c|02|03|01|00|xx|xx|1|0|0|0|00
DBG|1|0|11|b|02|02|01|00|xx|xx|1|0|0|0|00
DBG|1|0|13|1|01|02|01|00|xx|xx|1|0|0|0|00
DBG|1|0|14|e|ff|02|01|00|xx|xx|1|0|0|0|00
DBG|1|0|04|a|ff|02|01|00|xx|xx|1|0|0|0|00
DBG|1|0|06|c|03|02|01|00|xx|xx|1|0|0|0|00
DBG|1|0|08|b|03|03|01|00|xx|xx|1|0|0|0|00
DBG|1|0|0a|2|01|03|01|00|xx|xx|1|0|0|0|00
DBG|1|0|0b|c|01|03|01|00|xx|xx|1|0|0|0|00
DBG|1|0|0d|a|01|03|01|00|xx|xx|1|0|0|0|00
DBG|1|0|0f|c|02|03|01|00|xx|xx|1|0|0|0|00
DBG|1|0|11|b|02|02|01|00|xx|xx|1|0|0|0|00
DBG|1|0|13|1|01|02|01|00|xx|xx|1|0|0|0|00
DBG|1|0|14|e|ff|02|01|00|xx|xx|1|0|0|0|00
DBG|1|0|04|a|ff|02|01|00|xx|xx|1|0|0|0|00
DBG|1|0|06|c|03|02|01|00|xx|xx|1|0|0|0|00
DBG|1|0|08|b|03|03|01|00|xx|xx|1|0|0|0|00
DBG|1|0|0a|2|01|03|01|00|xx|xx|1|0|0|0|00
DBG|1|0|0b|c|01|03|01|00|xx|xx|1|0|0|0|00
DBG|1|0|0d|a|01|03|01|00|xx|xx|1|0|0|0|00
DBG|1|0|0f|c|02|03|01|00|xx|xx|1|0|0|0|00
DBG|1|0|11|b|02|02|01|00|xx|xx|1|0|0|0|00
DBG|1|0|13|1|01|02|01|00|xx|xx|1|0|0|0|00
DBG|1|0|14|e|ff|02|01|00|xx|xx|1|0|0|0|00
DBG|1|0|04|a|ff|02|01|00|xx|xx|1|0|0|0|00
DBG|1|0|06|c|03|02|01|00|xx|xx|1|0|0|0|00
DBG|1|0|08|b|03|03|01|00|xx|xx|1|0|0|0|00
DBG|1|0|0a|2|01|03|01|00|xx|xx|1|0|0|0|00
DBG|1|0|0b|c|01|03|01|00|xx|xx|1|0|0|0|00
DBG|1|0|0d|a|01|03|01|00|xx|xx|1|0|0|0|00
DBG|1|0|0f|c|02|03|01|00|xx|xx|1|0|0|0|00
DBG|1|0|11|b|02|02|01|00|xx|xx|1|0|0|0|00
DBG|1|0|13|1|01|02|01|00|xx|xx|1|0|0|0|00
DBG|1|0|14|e|ff|02|01|00|xx|xx|1|0|0|0|00
DBG|1|0|04|a|ff|02|01|00|xx|xx|1|0|0|0|00
DBG|1|0|06|c|03|02|01|00|xx|xx|1|0|0|0|00
DBG|1|0|08|b|03|03|01|00|xx|xx|1|0|0|0|00
DBG|1|0|0a|2|01|03|01|00|xx|xx|1|0|0|0|00
DBG|1|0|0b|c|01|03|01|00|xx|xx|1|0|0|0|00
DBG|1|0|0d|a|01|03|01|00|xx|xx|1|0|0|0|00
DBG|1|0|0f|c|02|03|01|00|xx|xx|1|0|0|0|00
DBG|1|0|11|b|02|02|01|00|xx|xx|1|0|0|0|00
DBG|1|0|13|1|01|02|01|00|xx|xx|1|0|0|0|00
DBG|1|0|14|e|ff|02|01|00|xx|xx|1|0|0|0|00
DBG|1|0|04|a|ff|02|01|00|xx|xx|1|0|0|0|00
DBG|1|0|06|c|03|02|01|00|xx|xx|1|0|0|0|00
DBG|1|0|08|b|03|03|01|00|xx|xx|1|0|0|0|00
DBG|1|0|0a|2|01|03|01|00|xx|xx|1|0|0|0|00
DBG|1|0|0b|c|01|03|01|00|xx|xx|1|0|0|0|00
DBG|1|0|0d|a|01|03|01|00|xx|xx|1|0|0|0|00
DBG|1|0|0f|c|02|03|01|00|xx|xx|1|0|0|0|00
DBG|1|0|11|b|02|02|01|00|xx|xx|1|0|0|0|00
DBG|1|0|13|1|01|02|01|00|xx|xx|1|0|0|0|00
DBG|1|0|14|e|ff|02|01|00|xx|xx|1|0|0|0|00
DBG|1|0|04|a|ff|02|01|00|xx|xx|1|0|0|0|00
DBG|1|0|06|c|03|02|01|00|xx|xx|1|0|0|0|00
DBG|1|0|08|b|03|03|01|00|xx|xx|1|0|0|0|00
DBG|1|0|0a|2|01|03|01|00|xx|xx|1|0|0|0|00
DBG|1|0|0b|c|01|03|01|00|xx|xx|1|0|0|0|00
DBG|1|0|0d|a|01|03|01|00|xx|xx|1|0|0|0|00
DBG|1|0|0f|c|02|03|01|00|xx|xx|1|0|0|0|00
DBG|1|0|11|b|02|02|01|00|xx|xx|1|0|0|0|00
DBG|1|0|13|1|01|02|01|00|xx|xx|1|0|0|0|00
DBG|1|0|14|e|ff|02|01|00|xx|xx|1|0|0|0|00
DBG|1|0|04|a|ff|02|01|00|xx|xx|1|0|0|0|00
DBG|1|0|06|c|03|02|01|00|xx|xx|1|0|0|0|00
DBG|1|0|08|b|03|03|01|00|xx|xx|1|0|0|0|00
DBG|1|0|0a|2|01|03|01|00|xx|xx|1|0|0|0|00
DBG|1|0|0b|c|01|03|01|00|xx|xx|1|0|0|0|00
DBG|1|0|0d|a|01|03|01|00|xx|xx|1|0|0|0|00
DBG|1|0|0f|c|02|03|01|00|xx|xx|1|0|0|0|00
DBG|1|0|11|b|02|02|01|00|xx|xx|1|0|0|0|00
DBG|1|0|13|1|01|02|01|00|xx|xx|1|0|0|0|00
DBG|1|0|14|e|ff|02|01|00|xx|xx|1|0|0|0|00
DBG|1|0|04|a|ff|02|01|00|xx|xx|1|0|0|0|00
DBG|1|0|06|c|03|02|01|00|xx|xx|1|0|0|0|00
DBG|1|0|08|b|03|03|01|00|xx|xx|1|0|0|0|00
DBG|1|0|0a|2|01|03|01|00|xx|xx|1|0|0|0|00
DBG|1|0|0b|c|01|03|01|00|xx|xx|1|0|0|0|00
DBG|1|0|0d|a|01|03|01|00|xx|xx|1|0|0|0|00
DBG|1|0|0f|c|02|03|01|00|xx|xx|1|0|0|0|00
DBG|1|0|11|b|02|02|01|00|xx|xx|1|0|0|0|00
DBG|1|0|13|1|01|02|01|00|xx|xx|1|0|0|0|00
DBG|1|0|14|e|ff|02|01|00|xx|xx|1|0|0|0|00
DBG|1|0|04|a|ff|02|01|00|xx|xx|1|0|0|0|00
DBG|1|0|06|c|03|02|01|00|xx|xx|1|0|0|0|00
DBG|1|0|08|b|03|03|01|00|xx|xx|1|0|0|0|00
DBG|1|0|0a|2|01|03|01|00|xx|xx|1|0|0|0|00
DBG|1|0|0b|c|01|03|01|00|xx|xx|1|0|0|0|00
DBG|1|0|0d|a|01|03|01|00|xx|xx|1|0|0|0|00
DBG|1|0|0f|c|02|03|01|00|xx|xx|1|0|0|0|00
DBG|1|0|11|b|02|02|01|00|xx|xx|1|0|0|0|00
DBG|1|0|13|1|01|02|01|00|xx|xx|1|0|0|0|00
DBG|1|0|14|e|ff|02|01|00|xx|xx|1|0|0|0|00
DBG|1|0|04|a|ff|02|01|00|xx|xx|1|0|0|0|00
DBG|1|0|06|c|03|02|01|00|xx|xx|1|0|0|0|00
DBG|1|0|08|b|03|03|01|00|xx|xx|1|0|0|0|00
DBG|1|0|0a|2|01|03|01|00|xx|xx|1|0|0|0|00
DBG|1|0|0b|c|01|03|01|00|xx|xx|1|0|0|0|00
DBG|1|0|0d|a|01|03|01|00|xx|xx|1|0|0|0|00
DBG|1|0|0f|c|02|03|01|00|xx|xx|1|0|0|0|00
DBG|1|0|11|b|02|02|01|00|xx|xx|1|0|0|0|00
DBG|1|0|13|1|01|02|01|00|xx|xx|1|0|0|0|00
DBG|1|0|14|e|ff|02|01|00|xx|xx|1|0|0|0|00
DBG|1|0|04|a|ff|02|01|00|xx|xx|1|0|0|0|00
DBG|1|0|06|c|03|02|01|00|xx|xx|1|0|0|0|00
DBG|1|0|08|b|03|03|01|00|xx|xx|1|0|0|0|00
DBG|1|0|0a|2|01|03|01|00|xx|xx|1|0|0|0|00
DBG|1|0|0b|c|01|03|01|00|xx|xx|1|0|0|0|00
DBG|1|0|0d|a|01|03|01|00|xx|xx|1|0|0|0|00
DBG|1|0|0f|c|02|03|01|00|xx|xx|1|0|0|0|00
DBG|1|0|11|b|02|02|01|00|xx|xx|1|0|0|0|00
DBG|1|0|13|1|01|02|01|00|xx|xx|1|0|0|0|00
DBG|1|0|14|e|ff|02|01|00|xx|xx|1|0|0|0|00
DBG|1|0|04|a|ff|02|01|00|xx|xx|1|0|0|0|00
DBG|1|0|06|c|03|02|01|00|xx|xx|1|0|0|0|00
DBG|1|0|08|b|03|03|01|00|xx|xx|1|0|0|0|00
DBG|1|0|0a|2|01|03|01|00|xx|xx|1|0|0|0|00
DBG|1|0|0b|c|01|03|01|00|xx|xx|1|0|0|0|00
DBG|1|0|0d|a|01|03|01|00|xx|xx|1|0|0|0|00
DBG|1|0|0f|c|02|03|01|00|xx|xx|1|0|0|0|00
DBG|1|0|11|b|02|02|01|00|xx|xx|1|0|0|0|00
DBG|1|0|13|1|01|02|01|00|xx|xx|1|0|0|0|00
DBG|1|0|14|e|ff|02|01|00|xx|xx|1|0|0|0|00
DBG|1|0|04|a|ff|02|01|00|xx|xx|1|0|0|0|00
DBG|1|0|06|c|03|02|01|00|xx|xx|1|0|0|0|00
DBG|1|0|08|b|03|03|01|00|xx|xx|1|0|0|0|00
DBG|1|0|0a|2|01|03|01|00|xx|xx|1|0|0|0|00
DBG|1|0|0b|c|01|03|01|00|xx|xx|1|0|0|0|00
DBG|1|0|0d|a|01|03|01|00|xx|xx|1|0|0|0|00
DBG|1|0|0f|c|02|03|01|00|xx|xx|1|0|0|0|00
DBG|1|0|11|b|02|02|01|00|xx|xx|1|0|0|0|00
DBG|1|0|13|1|01|02|01|00|xx|xx|1|0|0|0|00
DBG|1|0|14|e|ff|02|01|00|xx|xx|1|0|0|0|00
DBG|1|0|04|a|ff|02|01|00|xx|xx|1|0|0|0|00
DBG|1|0|06|c|03|02|01|00|xx|xx|1|0|0|0|00
DBG|1|0|08|b|03|03|01|00|xx|xx|1|0|0|0|00
DBG|1|0|0a|2|01|03|01|00|xx|xx|1|0|0|0|00
DBG|1|0|0b|c|01|03|01|00|xx|xx|1|0|0|0|00
DBG|1|0|0d|a|01|03|01|00|xx|xx|1|0|0|0|00
DBG|1|0|0f|c|02|03|01|00|xx|xx|1|0|0|0|00
DBG|1|0|11|b|02|02|01|00|xx|xx|1|0|0|0|00
DBG|1|0|13|1|01|02|01|00|xx|xx|1|0|0|0|00
DBG|1|0|14|e|ff|02|01|00|xx|xx|1|0|0|0|00
DBG|1|0|04|a|ff|02|01|00|xx|xx|1|0|0|0|00
DBG|1|0|06|c|03|02|01|00|xx|xx|1|0|0|0|00
DBG|1|0|08|b|03|03|01|00|xx|xx|1|0|0|0|00
DBG|1|0|0a|2|01|03|01|00|xx|xx|1|0|0|0|00
DBG|1|0|0b|c|01|03|01|00|xx|xx|1|0|0|0|00
DBG|1|0|0d|a|01|03|01|00|xx|xx|1|0|0|0|00
DBG|1|0|0f|c|02|03|01|00|xx|xx|1|0|0|0|00
DBG|1|0|11|b|02|02|01|00|xx|xx|1|0|0|0|00
DBG|1|0|13|1|01|02|01|00|xx|xx|1|0|0|0|00
DBG|1|0|14|e|ff|02|01|00|xx|xx|1|0|0|0|00
DBG|1|0|04|a|ff|02|01|00|xx|xx|1|0|0|0|00
DBG|1|0|06|c|03|02|01|00|xx|xx|1|0|0|0|00
DBG|1|0|08|b|03|03|01|00|xx|xx|1|0|0|0|00
DBG|1|0|0a|2|01|03|01|00|xx|xx|1|0|0|0|00
DBG|1|0|0b|c|01|03|01|00|xx|xx|1|0|0|0|00
DBG|1|0|0d|a|01|03|01|00|xx|xx|1|0|0|0|00
DBG|1|0|0f|c|02|03|01|00|xx|xx|1|0|0|0|00
DBG|1|0|11|b|02|02|01|00|xx|xx|1|0|0|0|00
DBG|1|0|13|1|01|02|01|00|xx|xx|1|0|0|0|00
DBG|1|0|14|e|ff|02|01|00|xx|xx|1|0|0|0|00
DBG|1|0|04|a|ff|02|01|00|xx|xx|1|0|0|0|00
DBG|1|0|06|c|03|02|01|00|xx|xx|1|0|0|0|00
DBG|1|0|08|b|03|03|01|00|xx|xx|1|0|0|0|00
DBG|1|0|0a|2|01|03|01|00|xx|xx|1|0|0|0|00
DBG|1|0|0b|c|01|03|01|00|xx|xx|1|0|0|0|00
DBG|1|0|0d|a|01|03|01|00|xx|xx|1|0|0|0|00
DBG|1|0|0f|c|02|03|01|00|xx|xx|1|0|0|0|00
DBG|1|0|11|b|02|02|01|00|xx|xx|1|0|0|0|00
DBG|1|0|13|1|01|02|01|00|xx|xx|1|0|0|0|00
DBG|1|0|14|e|ff|02|01|00|xx|xx|1|0|0|0|00
DBG|1|0|04|a|ff|02|01|00|xx|xx|1|0|0|0|00
DBG|1|0|06|c|03|02|01|00|xx|xx|1|0|0|0|00
DBG|1|0|08|b|03|03|01|00|xx|xx|1|0|0|0|00
DBG|1|0|0a|2|01|03|01|00|xx|xx|1|0|0|0|00
DBG|1|0|0b|c|01|03|01|00|xx|xx|1|0|0|0|00
DBG|1|0|0d|a|01|03|01|00|xx|xx|1|0|0|0|00
DBG|1|0|0f|c|02|03|01|00|xx|xx|1|0|0|0|00
DBG|1|0|11|b|02|02|01|00|xx|xx|1|0|0|0|00
DBG|1|0|13|1|01|02|01|00|xx|xx|1|0|0|0|00
DBG|1|0|14|e|ff|02|01|00|xx|xx|1|0|0|0|00
DBG|1|0|04|a|ff|02|01|00|xx|xx|1|0|0|0|00
DBG|1|0|06|c|03|02|01|00|xx|xx|1|0|0|0|00
DBG|1|0|08|b|03|03|01|00|xx|xx|1|0|0|0|00
DBG|1|0|0a|2|01|03|01|00|xx|xx|1|0|0|0|00
DBG|1|0|0b|c|01|03|01|00|xx|xx|1|0|0|0|00
DBG|1|0|0d|a|01|03|01|00|xx|xx|1|0|0|0|00
DBG|1|0|0f|c|02|03|01|00|xx|xx|1|0|0|0|00
DBG|1|0|11|b|02|02|01|00|xx|xx|1|0|0|0|00
DBG|1|0|13|1|01|02|01|00|xx|xx|1|0|0|0|00
DBG|1|0|14|e|ff|02|01|00|xx|xx|1|0|0|0|00
DBG|1|0|04|a|ff|02|01|00|xx|xx|1|0|0|0|00
DBG|1|0|06|c|03|02|01|00|xx|xx|1|0|0|0|00
DBG|1|0|08|b|03|03|01|00|xx|xx|1|0|0|0|00
DBG|1|0|0a|2|01|03|01|00|xx|xx|1|0|0|0|00
DBG|1|0|0b|c|01|03|01|00|xx|xx|1|0|0|0|00
DBG|1|0|0d|a|01|03|01|00|xx|xx|1|0|0|0|00
DBG|1|0|0f|c|02|03|01|00|xx|xx|1|0|0|0|00
DBG|1|0|11|b|02|02|01|00|xx|xx|1|0|0|0|00
DBG|1|0|13|1|01|02|01|00|xx|xx|1|0|0|0|00
DBG|1|0|14|e|ff|02|01|00|xx|xx|1|0|0|0|00
DBG|1|0|04|a|ff|02|01|00|xx|xx|1|0|0|0|00
DBG|1|0|06|c|03|02|01|00|xx|xx|1|0|0|0|00
DBG|1|0|08|b|03|03|01|00|xx|xx|1|0|0|0|00
DBG|1|0|0a|2|01|03|01|00|xx|xx|1|0|0|0|00
DBG|1|0|0b|c|01|03|01|00|xx|xx|1|0|0|0|00
DBG|1|0|0d|a|01|03|01|00|xx|xx|1|0|0|0|00
DBG|1|0|0f|c|02|03|01|00|xx|xx|1|0|0|0|00
DBG|1|0|11|b|02|02|01|00|xx|xx|1|0|0|0|00
DBG|1|0|13|1|01|02|01|00|xx|xx|1|0|0|0|00
DBG|1|0|14|e|ff|02|01|00|xx|xx|1|0|0|0|00
DBG|1|0|04|a|ff|02|01|00|xx|xx|1|0|0|0|00
DBG|1|0|06|c|03|02|01|00|xx|xx|1|0|0|0|00
DBG|1|0|08|b|03|03|01|00|xx|xx|1|0|0|0|00
DBG|1|0|0a|2|01|03|01|00|xx|xx|1|0|0|0|00
DBG|1|0|0b|c|01|03|01|00|xx|xx|1|0|0|0|00
DBG|1|0|0d|a|01|03|01|00|xx|xx|1|0|0|0|00
DBG|1|0|0f|c|02|03|01|00|xx|xx|1|0|0|0|00
DBG|1|0|11|b|02|02|01|00|xx|xx|1|0|0|0|00
DBG|1|0|13|1|01|02|01|00|xx|xx|1|0|0|0|00
DBG|1|0|14|e|ff|02|01|00|xx|xx|1|0|0|0|00
DBG|1|0|04|a|ff|02|01|00|xx|xx|1|0|0|0|00
DBG|1|0|06|c|03|02|01|00|xx|xx|1|0|0|0|00
DBG|1|0|08|b|03|03|01|00|xx|xx|1|0|0|0|00
DBG|1|0|0a|2|01|03|01|00|xx|xx|1|0|0|0|00
DBG|1|0|0b|c|01|03|01|00|xx|xx|1|0|0|0|00
DBG|1|0|0d|a|01|03|01|00|xx|xx|1|0|0|0|00
DBG|1|0|0f|c|02|03|01|00|xx|xx|1|0|0|0|00
DBG|1|0|11|b|02|02|01|00|xx|xx|1|0|0|0|00
DBG|1|0|13|1|01|02|01|00|xx|xx|1|0|0|0|00
DBG|1|0|14|e|ff|02|01|00|xx|xx|1|0|0|0|00
DBG|1|0|04|a|ff|02|01|00|xx|xx|1|0|0|0|00
DBG|1|0|06|c|03|02|01|00|xx|xx|1|0|0|0|00
DBG|1|0|08|b|03|03|01|00|xx|xx|1|0|0|0|00
DBG|1|0|0a|2|01|03|01|00|xx|xx|1|0|0|0|00
DBG|1|0|0b|c|01|03|01|00|xx|xx|1|0|0|0|00
DBG|1|0|0d|a|01|03|01|00|xx|xx|1|0|0|0|00
DBG|1|0|0f|c|02|03|01|00|xx|xx|1|0|0|0|00
DBG|1|0|11|b|02|02|01|00|xx|xx|1|0|0|0|00
DBG|1|0|13|1|01|02|01|00|xx|xx|1|0|0|0|00
DBG|1|0|14|e|ff|02|01|00|xx|xx|1|0|0|0|00
DBG|1|0|04|a|ff|02|01|00|xx|xx|1|0|0|0|00
DBG|1|0|06|c|03|02|01|00|xx|xx|1|0|0|0|00
DBG|1|0|08|b|03|03|01|00|xx|xx|1|0|0|0|00
DBG|1|0|0a|2|01|03|01|00|xx|xx|1|0|0|0|00
DBG|1|0|0b|c|01|03|01|00|xx|xx|1|0|0|0|00
DBG|1|0|0d|a|01|03|01|00|xx|xx|1|0|0|0|00
DBG|1|0|0f|c|02|03|01|00|xx|xx|1|0|0|0|00
DBG|1|0|11|b|02|02|01|00|xx|xx|1|0|0|0|00
DBG|1|0|13|1|01|02|01|00|xx|xx|1|0|0|0|00
DBG|1|0|14|e|ff|02|01|00|xx|xx|1|0|0|0|00
DBG|1|0|04|a|ff|02|01|00|xx|xx|1|0|0|0|00
DBG|1|0|06|c|03|02|01|00|xx|xx|1|0|0|0|00
DBG|1|0|08|b|03|03|01|00|xx|xx|1|0|0|0|00
DBG|1|0|0a|2|01|03|01|00|xx|xx|1|0|0|0|00
DBG|1|0|0b|c|01|03|01|00|xx|xx|1|0|0|0|00
DBG|1|0|0d|a|01|03|01|00|xx|xx|1|0|0|0|00
DBG|1|0|0f|c|02|03|01|00|xx|xx|1|0|0|0|00
DBG|1|0|11|b|02|02|01|00|xx|xx|1|0|0|0|00
DBG|1|0|13|1|01|02|01|00|xx|xx|1|0|0|0|00
DBG|1|0|14|e|ff|02|01|00|xx|xx|1|0|0|0|00
DBG|1|0|04|a|ff|02|01|00|xx|xx|1|0|0|0|00
DBG|1|0|06|c|03|02|01|00|xx|xx|1|0|0|0|00
DBG|1|0|08|b|03|03|01|00|xx|xx|1|0|0|0|00
DBG|1|0|0a|2|01|03|01|00|xx|xx|1|0|0|0|00
DBG|1|0|0b|c|01|03|01|00|xx|xx|1|0|0|0|00
DBG|1|0|0d|a|01|03|01|00|xx|xx|1|0|0|0|00
DBG|1|0|0f|c|02|03|01|00|xx|xx|1|0|0|0|00
DBG|1|0|11|b|02|02|01|00|xx|xx|1|0|0|0|00
DBG|1|0|13|1|01|02|01|00|xx|xx|1|0|0|0|00
DBG|1|0|14|e|ff|02|01|00|xx|xx|1|0|0|0|00
DBG|1|0|04|a|ff|02|01|00|xx|xx|1|0|0|0|00
DBG|1|0|06|c|03|02|01|00|xx|xx|1|0|0|0|00
DBG|1|0|08|b|03|03|01|00|xx|xx|1|0|0|0|00
DBG|1|0|0a|2|01|03|01|00|xx|xx|1|0|0|0|00
DBG|1|0|0b|c|01|03|01|00|xx|xx|1|0|0|0|00
DBG|1|0|0d|a|01|03|01|00|xx|xx|1|0|0|0|00
DBG|1|0|0f|c|02|03|01|00|xx|xx|1|0|0|0|00
DBG|1|0|11|b|02|02|01|00|xx|xx|1|0|0|0|00
DBG|1|0|13|1|01|02|01|00|xx|xx|1|0|0|0|00
DBG|1|0|14|e|ff|02|01|00|xx|xx|1|0|0|0|00
DBG|1|0|04|a|ff|02|01|00|xx|xx|1|0|0|0|00
DBG|1|0|06|c|03|02|01|00|xx|xx|1|0|0|0|00
DBG|1|0|08|b|03|03|01|00|xx|xx|1|0|0|0|00
DBG|1|0|0a|2|01|03|01|00|xx|xx|1|0|0|0|00
DBG|1|0|0b|c|01|03|01|00|xx|xx|1|0|0|0|00
DBG|1|0|0d|a|01|03|01|00|xx|xx|1|0|0|0|00
DBG|1|0|0f|c|02|03|01|00|xx|xx|1|0|0|0|00
DBG|1|0|11|b|02|02|01|00|xx|xx|1|0|0|0|00
DBG|1|0|13|1|01|02|01|00|xx|xx|1|0|0|0|00
DBG|1|0|14|e|ff|02|01|00|xx|xx|1|0|0|0|00
DBG|1|0|04|a|ff|02|01|00|xx|xx|1|0|0|0|00
DBG|1|0|06|c|03|02|01|00|xx|xx|1|0|0|0|00
DBG|1|0|08|b|03|03|01|00|xx|xx|1|0|0|0|00
DBG|1|0|0a|2|01|03|01|00|xx|xx|1|0|0|0|00
DBG|1|0|0b|c|01|03|01|00|xx|xx|1|0|0|0|00
DBG|1|0|0d|a|01|03|01|00|xx|xx|1|0|0|0|00
DBG|1|0|0f|c|02|03|01|00|xx|xx|1|0|0|0|00
DBG|1|0|11|b|02|02|01|00|xx|xx|1|0|0|0|00
DBG|1|0|13|1|01|02|01|00|xx|xx|1|0|0|0|00
DBG|1|0|14|e|ff|02|01|00|xx|xx|1|0|0|0|00
DBG|1|0|04|a|ff|02|01|00|xx|xx|1|0|0|0|00
DBG|1|0|06|c|03|02|01|00|xx|xx|1|0|0|0|00
DBG|1|0|08|b|03|03|01|00|xx|xx|1|0|0|0|00
DBG|1|0|0a|2|01|03|01|00|xx|xx|1|0|0|0|00
DBG|1|0|0b|c|01|03|01|00|xx|xx|1|0|0|0|00
DBG|1|0|0d|a|01|03|01|00|xx|xx|1|0|0|0|00
DBG|1|0|0f|c|02|03|01|00|xx|xx|1|0|0|0|00
DBG|1|0|11|b|02|02|01|00|xx|xx|1|0|0|0|00
DBG|1|0|13|1|01|02|01|00|xx|xx|1|0|0|0|00
DBG|1|0|14|e|ff|02|01|00|xx|xx|1|0|0|0|00
DBG|1|0|04|a|ff|02|01|00|xx|xx|1|0|0|0|00
DBG|1|0|06|c|03|02|01|00|xx|xx|1|0|0|0|00
DBG|1|0|08|b|03|03|01|00|xx|xx|1|0|0|0|00
DBG|1|0|0a|2|01|03|01|00|xx|xx|1|0|0|0|00
DBG|1|0|0b|c|01|03|01|00|xx|xx|1|0|0|0|00
DBG|1|0|0d|a|01|03|01|00|xx|xx|1|0|0|0|00
DBG|1|0|0f|c|02|03|01|00|xx|xx|1|0|0|0|00
DBG|1|0|11|b|02|02|01|00|xx|xx|1|0|0|0|00
DBG|1|0|13|1|01|02|01|00|xx|xx|1|0|0|0|00
DBG|1|0|14|e|ff|02|01|00|xx|xx|1|0|0|0|00
DBG|1|0|04|a|ff|02|01|00|xx|xx|1|0|0|0|00
DBG|1|0|06|c|03|02|01|00|xx|xx|1|0|0|0|00
DBG|1|0|08|b|03|03|01|00|xx|xx|1|0|0|0|00
DBG|1|0|0a|2|01|03|01|00|xx|xx|1|0|0|0|00
DBG|1|0|0b|c|01|03|01|00|xx|xx|1|0|0|0|00
DBG|1|0|0d|a|01|03|01|00|xx|xx|1|0|0|0|00
DBG|1|0|0f|c|02|03|01|00|xx|xx|1|0|0|0|00
DBG|1|0|11|b|02|02|01|00|xx|xx|1|0|0|0|00
DBG|1|0|13|1|01|02|01|00|xx|xx|1|0|0|0|00
DBG|1|0|14|e|ff|02|01|00|xx|xx|1|0|0|0|00
DBG|1|0|04|a|ff|02|01|00|xx|xx|1|0|0|0|00
DBG|1|0|06|c|03|02|01|00|xx|xx|1|0|0|0|00
DBG|1|0|08|b|03|03|01|00|xx|xx|1|0|0|0|00
DBG|1|0|0a|2|01|03|01|00|xx|xx|1|0|0|0|00
DBG|1|0|0b|c|01|03|01|00|xx|xx|1|0|0|0|00
DBG|1|0|0d|a|01|03|01|00|xx|xx|1|0|0|0|00
DBG|1|0|0f|c|02|03|01|00|xx|xx|1|0|0|0|00
DBG|1|0|11|b|02|02|01|00|xx|xx|1|0|0|0|00
DBG|1|0|13|1|01|02|01|00|xx|xx|1|0|0|0|00
DBG|1|0|14|e|ff|02|01|00|xx|xx|1|0|0|0|00
DBG|1|0|04|a|ff|02|01|00|xx|xx|1|0|0|0|00
DBG|1|0|06|c|03|02|01|00|xx|xx|1|0|0|0|00
DBG|1|0|08|b|03|03|01|00|xx|xx|1|0|0|0|00
DBG|1|0|0a|2|01|03|01|00|xx|xx|1|0|0|0|00
DBG|1|0|0b|c|01|03|01|00|xx|xx|1|0|0|0|00
DBG|1|0|0d|a|01|03|01|00|xx|xx|1|0|0|0|00
DBG|1|0|0f|c|02|03|01|00|xx|xx|1|0|0|0|00
DBG|1|0|11|b|02|02|01|00|xx|xx|1|0|0|0|00
DBG|1|0|13|1|01|02|01|00|xx|xx|1|0|0|0|00
DBG|1|0|14|e|ff|02|01|00|xx|xx|1|0|0|0|00
DBG|1|0|04|a|ff|02|01|00|xx|xx|1|0|0|0|00
DBG|1|0|06|c|03|02|01|00|xx|xx|1|0|0|0|00
DBG|1|0|08|b|03|03|01|00|xx|xx|1|0|0|0|00
DBG|1|0|0a|2|01|03|01|00|xx|xx|1|0|0|0|00
DBG|1|0|0b|c|01|03|01|00|xx|xx|1|0|0|0|00
DBG|1|0|0d|a|01|03|01|00|xx|xx|1|0|0|0|00
DBG|1|0|0f|c|02|03|01|00|xx|xx|1|0|0|0|00
DBG|1|0|11|b|02|02|01|00|xx|xx|1|0|0|0|00
DBG|1|0|13|1|01|02|01|00|xx|xx|1|0|0|0|00
DBG|1|0|14|e|ff|02|01|00|xx|xx|1|0|0|0|00
DBG|1|0|04|a|ff|02|01|00|xx|xx|1|0|0|0|00
DBG|1|0|06|c|03|02|01|00|xx|xx|1|0|0|0|00
DBG|1|0|08|b|03|03|01|00|xx|xx|1|0|0|0|00
DBG|1|0|0a|2|01|03|01|00|xx|xx|1|0|0|0|00
DBG|1|0|0b|c|01|03|01|00|xx|xx|1|0|0|0|00
DBG|1|0|0d|a|01|03|01|00|xx|xx|1|0|0|0|00
DBG|1|0|0f|c|02|03|01|00|xx|xx|1|0|0|0|00
DBG|1|0|11|b|02|02|01|00|xx|xx|1|0|0|0|00
DBG|1|0|13|1|01|02|01|00|xx|xx|1|0|0|0|00
DBG|1|0|14|e|ff|02|01|00|xx|xx|1|0|0|0|00
DBG|1|0|04|a|ff|02|01|00|xx|xx|1|0|0|0|00
DBG|1|0|06|c|03|02|01|00|xx|xx|1|0|0|0|00
DBG|1|0|08|b|03|03|01|00|xx|xx|1|0|0|0|00
DBG|1|0|0a|2|01|03|01|00|xx|xx|1|0|0|0|00
DBG|1|0|0b|c|01|03|01|00|xx|xx|1|0|0|0|00
DBG|1|0|0d|a|01|03|01|00|xx|xx|1|0|0|0|00
DBG|1|0|0f|c|02|03|01|00|xx|xx|1|0|0|0|00
DBG|1|0|11|b|02|02|01|00|xx|xx|1|0|0|0|00
DBG|1|0|13|1|01|02|01|00|xx|xx|1|0|0|0|00
DBG|1|0|14|e|ff|02|01|00|xx|xx|1|0|0|0|00
DBG|1|0|04|a|ff|02|01|00|xx|xx|1|0|0|0|00
DBG|1|0|06|c|03|02|01|00|xx|xx|1|0|0|0|00
DBG|1|0|08|b|03|03|01|00|xx|xx|1|0|0|0|00
DBG|1|0|0a|2|01|03|01|00|xx|xx|1|0|0|0|00
DBG|1|0|0b|c|01|03|01|00|xx|xx|1|0|0|0|00
DBG|1|0|0d|a|01|03|01|00|xx|xx|1|0|0|0|00
DBG|1|0|0f|c|02|03|01|00|xx|xx|1|0|0|0|00
DBG|1|0|11|b|02|02|01|00|xx|xx|1|0|0|0|00
DBG|1|0|13|1|01|02|01|00|xx|xx|1|0|0|0|00
DBG|1|0|14|e|ff|02|01|00|xx|xx|1|0|0|0|00
DBG|1|0|04|a|ff|02|01|00|xx|xx|1|0|0|0|00
DBG|1|0|06|c|03|02|01|00|xx|xx|1|0|0|0|00
DBG|1|0|08|b|03|03|01|00|xx|xx|1|0|0|0|00
DBG|1|0|0a|2|01|03|01|00|xx|xx|1|0|0|0|00
DBG|1|0|0b|c|01|03|01|00|xx|xx|1|0|0|0|00
DBG|1|0|0d|a|01|03|01|00|xx|xx|1|0|0|0|00
DBG|1|0|0f|c|02|03|01|00|xx|xx|1|0|0|0|00
DBG|1|0|11|b|02|02|01|00|xx|xx|1|0|0|0|00
DBG|1|0|13|1|01|02|01|00|xx|xx|1|0|0|0|00
DBG|1|0|14|e|ff|02|01|00|xx|xx|1|0|0|0|00
DBG|1|0|04|a|ff|02|01|00|xx|xx|1|0|0|0|00
DBG|1|0|06|c|03|02|01|00|xx|xx|1|0|0|0|00
DBG|1|0|08|b|03|03|01|00|xx|xx|1|0|0|0|00
DBG|1|0|0a|2|01|03|01|00|xx|xx|1|0|0|0|00
DBG|1|0|0b|c|01|03|01|00|xx|xx|1|0|0|0|00
DBG|1|0|0d|a|01|03|01|00|xx|xx|1|0|0|0|00
DBG|1|0|0f|c|02|03|01|00|xx|xx|1|0|0|0|00
DBG|1|0|11|b|02|02|01|00|xx|xx|1|0|0|0|00
DBG|1|0|13|1|01|02|01|00|xx|xx|1|0|0|0|00
DBG|1|0|14|e|ff|02|01|00|xx|xx|1|0|0|0|00
DBG|1|0|04|a|ff|02|01|00|xx|xx|1|0|0|0|00
DBG|1|0|06|c|03|02|01|00|xx|xx|1|0|0|0|00
DBG|1|0|08|b|03|03|01|00|xx|xx|1|0|0|0|00
DBG|1|0|0a|2|01|03|01|00|xx|xx|1|0|0|0|00
DBG|1|0|0b|c|01|03|01|00|xx|xx|1|0|0|0|00
DBG|1|0|0d|a|01|03|01|00|xx|xx|1|0|0|0|00
DBG|1|0|0f|c|02|03|01|00|xx|xx|1|0|0|0|00
DBG|1|0|11|b|02|02|01|00|xx|xx|1|0|0|0|00
DBG|1|0|13|1|01|02|01|00|xx|xx|1|0|0|0|00
DBG|1|0|14|e|ff|02|01|00|xx|xx|1|0|0|0|00
DBG|1|0|04|a|ff|02|01|00|xx|xx|1|0|0|0|00
DBG|1|0|06|c|03|02|01|00|xx|xx|1|0|0|0|00
DBG|1|0|08|b|03|03|01|00|xx|xx|1|0|0|0|00
DBG|1|0|0a|2|01|03|01|00|xx|xx|1|0|0|0|00
DBG|1|0|0b|c|01|03|01|00|xx|xx|1|0|0|0|00
DBG|1|0|0d|a|01|03|01|00|xx|xx|1|0|0|0|00
DBG|1|0|0f|c|02|03|01|00|xx|xx|1|0|0|0|00
DBG|1|0|11|b|02|02|01|00|xx|xx|1|0|0|0|00
DBG|1|0|13|1|01|02|01|00|xx|xx|1|0|0|0|00
DBG|1|0|14|e|ff|02|01|00|xx|xx|1|0|0|0|00
DBG|1|0|04|a|ff|02|01|00|xx|xx|1|0|0|0|00
DBG|1|0|06|c|03|02|01|00|xx|xx|1|0|0|0|00
DBG|1|0|08|b|03|03|01|00|xx|xx|1|0|0|0|00
DBG|1|0|0a|2|01|03|01|00|xx|xx|1|0|0|0|00
DBG|1|0|0b|c|01|03|01|00|xx|xx|1|0|0|0|00
DBG|1|0|0d|a|01|03|01|00|xx|xx|1|0|0|0|00
DBG|1|0|0f|c|02|03|01|00|xx|xx|1|0|0|0|00
DBG|1|0|11|b|02|02|01|00|xx|xx|1|0|0|0|00
DBG|1|0|13|1|01|02|01|00|xx|xx|1|0|0|0|00
DBG|1|0|14|e|ff|02|01|00|xx|xx|1|0|0|0|00
DBG|1|0|04|a|ff|02|01|00|xx|xx|1|0|0|0|00
DBG|1|0|06|c|03|02|01|00|xx|xx|1|0|0|0|00
DBG|1|0|08|b|03|03|01|00|xx|xx|1|0|0|0|00
DBG|1|0|0a|2|01|03|01|00|xx|xx|1|0|0|0|00
DBG|1|0|0b|c|01|03|01|00|xx|xx|1|0|0|0|00
DBG|1|0|0d|a|01|03|01|00|xx|xx|1|0|0|0|00
DBG|1|0|0f|c|02|03|01|00|xx|xx|1|0|0|0|00
DBG|1|0|11|b|02|02|01|00|xx|xx|1|0|0|0|00
DBG|1|0|13|1|01|02|01|00|xx|xx|1|0|0|0|00
DBG|1|0|14|e|ff|02|01|00|xx|xx|1|0|0|0|00
DBG|1|0|04|a|ff|02|01|00|xx|xx|1|0|0|0|00
DBG|1|0|06|c|03|02|01|00|xx|xx|1|0|0|0|00
DBG|1|0|08|b|03|03|01|00|xx|xx|1|0|0|0|00
DBG|1|0|0a|2|01|03|01|00|xx|xx|1|0|0|0|00
DBG|1|0|0b|c|01|03|01|00|xx|xx|1|0|0|0|00
DBG|1|0|0d|a|01|03|01|00|xx|xx|1|0|0|0|00
DBG|1|0|0f|c|02|03|01|00|xx|xx|1|0|0|0|00
DBG|1|0|11|b|02|02|01|00|xx|xx|1|0|0|0|00
DBG|1|0|13|1|01|02|01|00|xx|xx|1|0|0|0|00
DBG|1|0|14|e|ff|02|01|00|xx|xx|1|0|0|0|00
DBG|1|0|04|a|ff|02|01|00|xx|xx|1|0|0|0|00
DBG|1|0|06|c|03|02|01|00|xx|xx|1|0|0|0|00
DBG|1|0|08|b|03|03|01|00|xx|xx|1|0|0|0|00
DBG|1|0|0a|2|01|03|01|00|xx|xx|1|0|0|0|00
DBG|1|0|0b|c|01|03|01|00|xx|xx|1|0|0|0|00
DBG|1|0|0d|a|01|03|01|00|xx|xx|1|0|0|0|00
DBG|1|0|0f|c|02|03|01|00|xx|xx|1|0|0|0|00
DBG|1|0|11|b|02|02|01|00|xx|xx|1|0|0|0|00
DBG|1|0|13|1|01|02|01|00|xx|xx|1|0|0|0|00
DBG|1|0|14|e|ff|02|01|00|xx|xx|1|0|0|0|00
DBG|1|0|04|a|ff|02|01|00|xx|xx|1|0|0|0|00
DBG|1|0|06|c|03|02|01|00|xx|xx|1|0|0|0|00
DBG|1|0|08|b|03|03|01|00|xx|xx|1|0|0|0|00
DBG|1|0|0a|2|01|03|01|00|xx|xx|1|0|0|0|00
DBG|1|0|0b|c|01|03|01|00|xx|xx|1|0|0|0|00
DBG|1|0|0d|a|01|03|01|00|xx|xx|1|0|0|0|00
DBG|1|0|0f|c|02|03|01|00|xx|xx|1|0|0|0|00
DBG|1|0|11|b|02|02|01|00|xx|xx|1|0|0|0|00
DBG|1|0|13|1|01|02|01|00|xx|xx|1|0|0|0|00
DBG|1|0|14|e|ff|02|01|00|xx|xx|1|0|0|0|00
DBG|1|0|04|a|ff|02|01|00|xx|xx|1|0|0|0|00
DBG|1|0|06|c|03|02|01|00|xx|xx|1|0|0|0|00
DBG|1|0|08|b|03|03|01|00|xx|xx|1|0|0|0|00
DBG|1|0|0a|2|01|03|01|00|xx|xx|1|0|0|0|00
DBG|1|0|0b|c|01|03|01|00|xx|xx|1|0|0|0|00
DBG|1|0|0d|a|01|03|01|00|xx|xx|1|0|0|0|00
DBG|1|0|0f|c|02|03|01|00|xx|xx|1|0|0|0|00
DBG|1|0|11|b|02|02|01|00|xx|xx|1|0|0|0|00
DBG|1|0|13|1|01|02|01|00|xx|xx|1|0|0|0|00
DBG|1|0|14|e|ff|02|01|00|xx|xx|1|0|0|0|00
DBG|1|0|04|a|ff|02|01|00|xx|xx|1|0|0|0|00
DBG|1|0|06|c|03|02|01|00|xx|xx|1|0|0|0|00
DBG|1|0|08|b|03|03|01|00|xx|xx|1|0|0|0|00
DBG|1|0|0a|2|01|03|01|00|xx|xx|1|0|0|0|00
DBG|1|0|0b|c|01|03|01|00|xx|xx|1|0|0|0|00
DBG|1|0|0d|a|01|03|01|00|xx|xx|1|0|0|0|00
DBG|1|0|0f|c|02|03|01|00|xx|xx|1|0|0|0|00
DBG|1|0|11|b|02|02|01|00|xx|xx|1|0|0|0|00
DBG|1|0|13|1|01|02|01|00|xx|xx|1|0|0|0|00
DBG|1|0|14|e|ff|02|01|00|xx|xx|1|0|0|0|00
DBG|1|0|04|a|ff|02|01|00|xx|xx|1|0|0|0|00
DBG|1|0|06|c|03|02|01|00|xx|xx|1|0|0|0|00
DBG|1|0|08|b|03|03|01|00|xx|xx|1|0|0|0|00
DBG|1|0|0a|2|01|03|01|00|xx|xx|1|0|0|0|00
DBG|1|0|0b|c|01|03|01|00|xx|xx|1|0|0|0|00
DBG|1|0|0d|a|01|03|01|00|xx|xx|1|0|0|0|00
DBG|1|0|0f|c|02|03|01|00|xx|xx|1|0|0|0|00
DBG|1|0|11|b|02|02|01|00|xx|xx|1|0|0|0|00
DBG|1|0|13|1|01|02|01|00|xx|xx|1|0|0|0|00
DBG|1|0|14|e|ff|02|01|00|xx|xx|1|0|0|0|00
DBG|1|0|04|a|ff|02|01|00|xx|xx|1|0|0|0|00
DBG|1|0|06|c|03|02|01|00|xx|xx|1|0|0|0|00
DBG|1|0|08|b|03|03|01|00|xx|xx|1|0|0|0|00
DBG|1|0|0a|2|01|03|01|00|xx|xx|1|0|0|0|00
DBG|1|0|0b|c|01|03|01|00|xx|xx|1|0|0|0|00
DBG|1|0|0d|a|01|03|01|00|xx|xx|1|0|0|0|00
DBG|1|0|0f|c|02|03|01|00|xx|xx|1|0|0|0|00
DBG|1|0|11|b|02|02|01|00|xx|xx|1|0|0|0|00
DBG|1|0|13|1|01|02|01|00|xx|xx|1|0|0|0|00
DBG|1|0|14|e|ff|02|01|00|xx|xx|1|0|0|0|00
DBG|1|0|04|a|ff|02|01|00|xx|xx|1|0|0|0|00
DBG|1|0|06|c|03|02|01|00|xx|xx|1|0|0|0|00
DBG|1|0|08|b|03|03|01|00|xx|xx|1|0|0|0|00
DBG|1|0|0a|2|01|03|01|00|xx|xx|1|0|0|0|00
DBG|1|0|0b|c|01|03|01|00|xx|xx|1|0|0|0|00
DBG|1|0|0d|a|01|03|01|00|xx|xx|1|0|0|0|00
DBG|1|0|0f|c|02|03|01|00|xx|xx|1|0|0|0|00
DBG|1|0|11|b|02|02|01|00|xx|xx|1|0|0|0|00
DBG|1|0|13|1|01|02|01|00|xx|xx|1|0|0|0|00
DBG|1|0|14|e|ff|02|01|00|xx|xx|1|0|0|0|00
DBG|1|0|04|a|ff|02|01|00|xx|xx|1|0|0|0|00
DBG|1|0|06|c|03|02|01|00|xx|xx|1|0|0|0|00
DBG|1|0|08|b|03|03|01|00|xx|xx|1|0|0|0|00
DBG|1|0|0a|2|01|03|01|00|xx|xx|1|0|0|0|00
DBG|1|0|0b|c|01|03|01|00|xx|xx|1|0|0|0|00
DBG|1|0|0d|a|01|03|01|00|xx|xx|1|0|0|0|00
DBG|1|0|0f|c|02|03|01|00|xx|xx|1|0|0|0|00
DBG|1|0|11|b|02|02|01|00|xx|xx|1|0|0|0|00
DBG|1|0|13|1|01|02|01|00|xx|xx|1|0|0|0|00
DBG|1|0|14|e|ff|02|01|00|xx|xx|1|0|0|0|00
DBG|1|0|04|a|ff|02|01|00|xx|xx|1|0|0|0|00
DBG|1|0|06|c|03|02|01|00|xx|xx|1|0|0|0|00
DBG|1|0|08|b|03|03|01|00|xx|xx|1|0|0|0|00
DBG|1|0|0a|2|01|03|01|00|xx|xx|1|0|0|0|00
DBG|1|0|0b|c|01|03|01|00|xx|xx|1|0|0|0|00
DBG|1|0|0d|a|01|03|01|00|xx|xx|1|0|0|0|00
DBG|1|0|0f|c|02|03|01|00|xx|xx|1|0|0|0|00
DBG|1|0|11|b|02|02|01|00|xx|xx|1|0|0|0|00
DBG|1|0|13|1|01|02|01|00|xx|xx|1|0|0|0|00
DBG|1|0|14|e|ff|02|01|00|xx|xx|1|0|0|0|00
DBG|1|0|04|a|ff|02|01|00|xx|xx|1|0|0|0|00
DBG|1|0|06|c|03|02|01|00|xx|xx|1|0|0|0|00
DBG|1|0|08|b|03|03|01|00|xx|xx|1|0|0|0|00
DBG|1|0|0a|2|01|03|01|00|xx|xx|1|0|0|0|00
DBG|1|0|0b|c|01|03|01|00|xx|xx|1|0|0|0|00
DBG|1|0|0d|a|01|03|01|00|xx|xx|1|0|0|0|00
DBG|1|0|0f|c|02|03|01|00|xx|xx|1|0|0|0|00
DBG|1|0|11|b|02|02|01|00|xx|xx|1|0|0|0|00
DBG|1|0|13|1|01|02|01|00|xx|xx|1|0|0|0|00
DBG|1|0|14|e|ff|02|01|00|xx|xx|1|0|0|0|00
DBG|1|0|04|a|ff|02|01|00|xx|xx|1|0|0|0|00
DBG|1|0|06|c|03|02|01|00|xx|xx|1|0|0|0|00
DBG|1|0|08|b|03|03|01|00|xx|xx|1|0|0|0|00
DBG|1|0|0a|2|01|03|01|00|xx|xx|1|0|0|0|00
DBG|1|0|0b|c|01|03|01|00|xx|xx|1|0|0|0|00
DBG|1|0|0d|a|01|03|01|00|xx|xx|1|0|0|0|00
DBG|1|0|0f|c|02|03|01|00|xx|xx|1|0|0|0|00
DBG|1|0|11|b|02|02|01|00|xx|xx|1|0|0|0|00
DBG|1|0|13|1|01|02|01|00|xx|xx|1|0|0|0|00
DBG|1|0|14|e|ff|02|01|00|xx|xx|1|0|0|0|00
DBG|1|0|04|a|ff|02|01|00|xx|xx|1|0|0|0|00
DBG|1|0|06|c|03|02|01|00|xx|xx|1|0|0|0|00
DBG|1|0|08|b|03|03|01|00|xx|xx|1|0|0|0|00
DBG|1|0|0a|2|01|03|01|00|xx|xx|1|0|0|0|00
DBG|1|0|0b|c|01|03|01|00|xx|xx|1|0|0|0|00
DBG|1|0|0d|a|01|03|01|00|xx|xx|1|0|0|0|00
DBG|1|0|0f|c|02|03|01|00|xx|xx|1|0|0|0|00
DBG|1|0|11|b|02|02|01|00|xx|xx|1|0|0|0|00
DBG|1|0|13|1|01|02|01|00|xx|xx|1|0|0|0|00
DBG|1|0|14|e|ff|02|01|00|xx|xx|1|0|0|0|00
DBG|1|0|04|a|ff|02|01|00|xx|xx|1|0|0|0|00
DBG|1|0|06|c|03|02|01|00|xx|xx|1|0|0|0|00
DBG|1|0|08|b|03|03|01|00|xx|xx|1|0|0|0|00
DBG|1|0|0a|2|01|03|01|00|xx|xx|1|0|0|0|00
DBG|1|0|0b|c|01|03|01|00|xx|xx|1|0|0|0|00
DBG|1|0|0d|a|01|03|01|00|xx|xx|1|0|0|0|00
DBG|1|0|0f|c|02|03|01|00|xx|xx|1|0|0|0|00
DBG|1|0|11|b|02|02|01|00|xx|xx|1|0|0|0|00
DBG|1|0|13|1|01|02|01|00|xx|xx|1|0|0|0|00
DBG|1|0|14|e|ff|02|01|00|xx|xx|1|0|0|0|00
DBG|1|0|04|a|ff|02|01|00|xx|xx|1|0|0|0|00
DBG|1|0|06|c|03|02|01|00|xx|xx|1|0|0|0|00
DBG|1|0|08|b|03|03|01|00|xx|xx|1|0|0|0|00
DBG|1|0|0a|2|01|03|01|00|xx|xx|1|0|0|0|00
DBG|1|0|0b|c|01|03|01|00|xx|xx|1|0|0|0|00
DBG|1|0|0d|a|01|03|01|00|xx|xx|1|0|0|0|00
DBG|1|0|0f|c|02|03|01|00|xx|xx|1|0|0|0|00
DBG|1|0|11|b|02|02|01|00|xx|xx|1|0|0|0|00
DBG|1|0|13|1|01|02|01|00|xx|xx|1|0|0|0|00
DBG|1|0|14|e|ff|02|01|00|xx|xx|1|0|0|0|00
DBG|1|0|04|a|ff|02|01|00|xx|xx|1|0|0|0|00
DBG|1|0|06|c|03|02|01|00|xx|xx|1|0|0|0|00
DBG|1|0|08|b|03|03|01|00|xx|xx|1|0|0|0|00
DBG|1|0|0a|2|01|03|01|00|xx|xx|1|0|0|0|00
DBG|1|0|0b|c|01|03|01|00|xx|xx|1|0|0|0|00
DBG|1|0|0d|a|01|03|01|00|xx|xx|1|0|0|0|00
DBG|1|0|0f|c|02|03|01|00|xx|xx|1|0|0|0|00
DBG|1|0|11|b|02|02|01|00|xx|xx|1|0|0|0|00
DBG|1|0|13|1|01|02|01|00|xx|xx|1|0|0|0|00
DBG|1|0|14|e|ff|02|01|00|xx|xx|1|0|0|0|00
DBG|1|0|04|a|ff|02|01|00|xx|xx|1|0|0|0|00
DBG|1|0|06|c|03|02|01|00|xx|xx|1|0|0|0|00
DBG|1|0|08|b|03|03|01|00|xx|xx|1|0|0|0|00
DBG|1|0|0a|2|01|03|01|00|xx|xx|1|0|0|0|00
DBG|1|0|0b|c|01|03|01|00|xx|xx|1|0|0|0|00
DBG|1|0|0d|a|01|03|01|00|xx|xx|1|0|0|0|00
DBG|1|0|0f|c|02|03|01|00|xx|xx|1|0|0|0|00
DBG|1|0|11|b|02|02|01|00|xx|xx|1|0|0|0|00
DBG|1|0|13|1|01|02|01|00|xx|xx|1|0|0|0|00
DBG|1|0|14|e|ff|02|01|00|xx|xx|1|0|0|0|00
DBG|1|0|04|a|ff|02|01|00|xx|xx|1|0|0|0|00
DBG|1|0|06|c|03|02|01|00|xx|xx|1|0|0|0|00
DBG|1|0|08|b|03|03|01|00|xx|xx|1|0|0|0|00
DBG|1|0|0a|2|01|03|01|00|xx|xx|1|0|0|0|00
DBG|1|0|0b|c|01|03|01|00|xx|xx|1|0|0|0|00
DBG|1|0|0d|a|01|03|01|00|xx|xx|1|0|0|0|00
DBG|1|0|0f|c|02|03|01|00|xx|xx|1|0|0|0|00
DBG|1|0|11|b|02|02|01|00|xx|xx|1|0|0|0|00
DBG|1|0|13|1|01|02|01|00|xx|xx|1|0|0|0|00
DBG|1|0|14|e|ff|02|01|00|xx|xx|1|0|0|0|00
DBG|1|0|04|a|ff|02|01|00|xx|xx|1|0|0|0|00
DBG|1|0|06|c|03|02|01|00|xx|xx|1|0|0|0|00
DBG|1|0|08|b|03|03|01|00|xx|xx|1|0|0|0|00
DBG|1|0|0a|2|01|03|01|00|xx|xx|1|0|0|0|00
DBG|1|0|0b|c|01|03|01|00|xx|xx|1|0|0|0|00
DBG|1|0|0d|a|01|03|01|00|xx|xx|1|0|0|0|00
DBG|1|0|0f|c|02|03|01|00|xx|xx|1|0|0|0|00
DBG|1|0|11|b|02|02|01|00|xx|xx|1|0|0|0|00
DBG|1|0|13|1|01|02|01|00|xx|xx|1|0|0|0|00
DBG|1|0|14|e|ff|02|01|00|xx|xx|1|0|0|0|00
DBG|1|0|04|a|ff|02|01|00|xx|xx|1|0|0|0|00
DBG|1|0|06|c|03|02|01|00|xx|xx|1|0|0|0|00
DBG|1|0|08|b|03|03|01|00|xx|xx|1|0|0|0|00
DBG|1|0|0a|2|01|03|01|00|xx|xx|1|0|0|0|00
DBG|1|0|0b|c|01|03|01|00|xx|xx|1|0|0|0|00
DBG|1|0|0d|a|01|03|01|00|xx|xx|1|0|0|0|00
DBG|1|0|0f|c|02|03|01|00|xx|xx|1|0|0|0|00
DBG|1|0|11|b|02|02|01|00|xx|xx|1|0|0|0|00
DBG|1|0|13|1|01|02|01|00|xx|xx|1|0|0|0|00
DBG|1|0|14|e|ff|02|01|00|xx|xx|1|0|0|0|00
DBG|1|0|04|a|ff|02|01|00|xx|xx|1|0|0|0|00
DBG|1|0|06|c|03|02|01|00|xx|xx|1|0|0|0|00
DBG|1|0|08|b|03|03|01|00|xx|xx|1|0|0|0|00
DBG|1|0|0a|2|01|03|01|00|xx|xx|1|0|0|0|00
DBG|1|0|0b|c|01|03|01|00|xx|xx|1|0|0|0|00
DBG|1|0|0d|a|01|03|01|00|xx|xx|1|0|0|0|00
DBG|1|0|0f|c|02|03|01|00|xx|xx|1|0|0|0|00
DBG|1|0|11|b|02|02|01|00|xx|xx|1|0|0|0|00
DBG|1|0|13|1|01|02|01|00|xx|xx|1|0|0|0|00
DBG|1|0|14|e|ff|02|01|00|xx|xx|1|0|0|0|00
DBG|1|0|04|a|ff|02|01|00|xx|xx|1|0|0|0|00
DBG|1|0|06|c|03|02|01|00|xx|xx|1|0|0|0|00
DBG|1|0|08|b|03|03|01|00|xx|xx|1|0|0|0|00
DBG|1|0|0a|2|01|03|01|00|xx|xx|1|0|0|0|00
DBG|1|0|0b|c|01|03|01|00|xx|xx|1|0|0|0|00
DBG|1|0|0d|a|01|03|01|00|xx|xx|1|0|0|0|00
DBG|1|0|0f|c|02|03|01|00|xx|xx|1|0|0|0|00
DBG|1|0|11|b|02|02|01|00|xx|xx|1|0|0|0|00
DBG|1|0|13|1|01|02|01|00|xx|xx|1|0|0|0|00
DBG|1|0|14|e|ff|02|01|00|xx|xx|1|0|0|0|00
DBG|1|0|04|a|ff|02|01|00|xx|xx|1|0|0|0|00
DBG|1|0|06|c|03|02|01|00|xx|xx|1|0|0|0|00
DBG|1|0|08|b|03|03|01|00|xx|xx|1|0|0|0|00
DBG|1|0|0a|2|01|03|01|00|xx|xx|1|0|0|0|00
DBG|1|0|0b|c|01|03|01|00|xx|xx|1|0|0|0|00
DBG|1|0|0d|a|01|03|01|00|xx|xx|1|0|0|0|00
DBG|1|0|0f|c|02|03|01|00|xx|xx|1|0|0|0|00
DBG|1|0|11|b|02|02|01|00|xx|xx|1|0|0|0|00
DBG|1|0|13|1|01|02|01|00|xx|xx|1|0|0|0|00
DBG|1|0|14|e|ff|02|01|00|xx|xx|1|0|0|0|00
DBG|1|0|04|a|ff|02|01|00|xx|xx|1|0|0|0|00
DBG|1|0|06|c|03|02|01|00|xx|xx|1|0|0|0|00
DBG|1|0|08|b|03|03|01|00|xx|xx|1|0|0|0|00
DBG|1|0|0a|2|01|03|01|00|xx|xx|1|0|0|0|00
DBG|1|0|0b|c|01|03|01|00|xx|xx|1|0|0|0|00
DBG|1|0|0d|a|01|03|01|00|xx|xx|1|0|0|0|00
DBG|1|0|0f|c|02|03|01|00|xx|xx|1|0|0|0|00
DBG|1|0|11|b|02|02|01|00|xx|xx|1|0|0|0|00
DBG|1|0|13|1|01|02|01|00|xx|xx|1|0|0|0|00
DBG|1|0|14|e|ff|02|01|00|xx|xx|1|0|0|0|00
DBG|1|0|04|a|ff|02|01|00|xx|xx|1|0|0|0|00
DBG|1|0|06|c|03|02|01|00|xx|xx|1|0|0|0|00
DBG|1|0|08|b|03|03|01|00|xx|xx|1|0|0|0|00
DBG|1|0|0a|2|01|03|01|00|xx|xx|1|0|0|0|00
DBG|1|0|0b|c|01|03|01|00|xx|xx|1|0|0|0|00
DBG|1|0|0d|a|01|03|01|00|xx|xx|1|0|0|0|00
DBG|1|0|0f|c|02|03|01|00|xx|xx|1|0|0|0|00
DBG|1|0|11|b|02|02|01|00|xx|xx|1|0|0|0|00
DBG|1|0|13|1|01|02|01|00|xx|xx|1|0|0|0|00
DBG|1|0|14|e|ff|02|01|00|xx|xx|1|0|0|0|00
DBG|1|0|04|a|ff|02|01|00|xx|xx|1|0|0|0|00
DBG|1|0|06|c|03|02|01|00|xx|xx|1|0|0|0|00
DBG|1|0|08|b|03|03|01|00|xx|xx|1|0|0|0|00
DBG|1|0|0a|2|01|03|01|00|xx|xx|1|0|0|0|00
DBG|1|0|0b|c|01|03|01|00|xx|xx|1|0|0|0|00
DBG|1|0|0d|a|01|03|01|00|xx|xx|1|0|0|0|00
DBG|1|0|0f|c|02|03|01|00|xx|xx|1|0|0|0|00
DBG|1|0|11|b|02|02|01|00|xx|xx|1|0|0|0|00
DBG|1|0|13|1|01|02|01|00|xx|xx|1|0|0|0|00
DBG|1|0|14|e|ff|02|01|00|xx|xx|1|0|0|0|00
DBG|1|0|04|a|ff|02|01|00|xx|xx|1|0|0|0|00
DBG|1|0|06|c|03|02|01|00|xx|xx|1|0|0|0|00
DBG|1|0|08|b|03|03|01|00|xx|xx|1|0|0|0|00
DBG|1|0|0a|2|01|03|01|00|xx|xx|1|0|0|0|00
DBG|1|0|0b|c|01|03|01|00|xx|xx|1|0|0|0|00
DBG|1|0|0d|a|01|03|01|00|xx|xx|1|0|0|0|00
DBG|1|0|0f|c|02|03|01|00|xx|xx|1|0|0|0|00
DBG|1|0|11|b|02|02|01|00|xx|xx|1|0|0|0|00
DBG|1|0|13|1|01|02|01|00|xx|xx|1|0|0|0|00
DBG|1|0|14|e|ff|02|01|00|xx|xx|1|0|0|0|00
DBG|1|0|04|a|ff|02|01|00|xx|xx|1|0|0|0|00
DBG|1|0|06|c|03|02|01|00|xx|xx|1|0|0|0|00
DBG|1|0|08|b|03|03|01|00|xx|xx|1|0|0|0|00
DBG|1|0|0a|2|01|03|01|00|xx|xx|1|0|0|0|00
DBG|1|0|0b|c|01|03|01|00|xx|xx|1|0|0|0|00
DBG|1|0|0d|a|01|03|01|00|xx|xx|1|0|0|0|00
DBG|1|0|0f|c|02|03|01|00|xx|xx|1|0|0|0|00
DBG|1|0|11|b|02|02|01|00|xx|xx|1|0|0|0|00
DBG|1|0|13|1|01|02|01|00|xx|xx|1|0|0|0|00
DBG|1|0|14|e|ff|02|01|00|xx|xx|1|0|0|0|00
DBG|1|0|04|a|ff|02|01|00|xx|xx|1|0|0|0|00
DBG|1|0|06|c|03|02|01|00|xx|xx|1|0|0|0|00
DBG|1|0|08|b|03|03|01|00|xx|xx|1|0|0|0|00
DBG|1|0|0a|2|01|03|01|00|xx|xx|1|0|0|0|00
DBG|1|0|0b|c|01|03|01|00|xx|xx|1|0|0|0|00
DBG|1|0|0d|a|01|03|01|00|xx|xx|1|0|0|0|00
DBG|1|0|0f|c|02|03|01|00|xx|xx|1|0|0|0|00
DBG|1|0|11|b|02|02|01|00|xx|xx|1|0|0|0|00
DBG|1|0|13|1|01|02|01|00|xx|xx|1|0|0|0|00
DBG|1|0|14|e|ff|02|01|00|xx|xx|1|0|0|0|00
DBG|1|0|04|a|ff|02|01|00|xx|xx|1|0|0|0|00
DBG|1|0|06|c|03|02|01|00|xx|xx|1|0|0|0|00
DBG|1|0|08|b|03|03|01|00|xx|xx|1|0|0|0|00
DBG|1|0|0a|2|01|03|01|00|xx|xx|1|0|0|0|00
DBG|1|0|0b|c|01|03|01|00|xx|xx|1|0|0|0|00
DBG|1|0|0d|a|01|03|01|00|xx|xx|1|0|0|0|00
DBG|1|0|0f|c|02|03|01|00|xx|xx|1|0|0|0|00
DBG|1|0|11|b|02|02|01|00|xx|xx|1|0|0|0|00
DBG|1|0|13|1|01|02|01|00|xx|xx|1|0|0|0|00
DBG|1|0|14|e|ff|02|01|00|xx|xx|1|0|0|0|00
DBG|1|0|04|a|ff|02|01|00|xx|xx|1|0|0|0|00
DBG|1|0|06|c|03|02|01|00|xx|xx|1|0|0|0|00
DBG|1|0|08|b|03|03|01|00|xx|xx|1|0|0|0|00
DBG|1|0|0a|2|01|03|01|00|xx|xx|1|0|0|0|00
DBG|1|0|0b|c|01|03|01|00|xx|xx|1|0|0|0|00
DBG|1|0|0d|a|01|03|01|00|xx|xx|1|0|0|0|00
DBG|1|0|0f|c|02|03|01|00|xx|xx|1|0|0|0|00
DBG|1|0|11|b|02|02|01|00|xx|xx|1|0|0|0|00
DBG|1|0|13|1|01|02|01|00|xx|xx|1|0|0|0|00
DBG|1|0|14|e|ff|02|01|00|xx|xx|1|0|0|0|00
DBG|1|0|04|a|ff|02|01|00|xx|xx|1|0|0|0|00
DBG|1|0|06|c|03|02|01|00|xx|xx|1|0|0|0|00
DBG|1|0|08|b|03|03|01|00|xx|xx|1|0|0|0|00
DBG|1|0|0a|2|01|03|01|00|xx|xx|1|0|0|0|00
DBG|1|0|0b|c|01|03|01|00|xx|xx|1|0|0|0|00
DBG|1|0|0d|a|01|03|01|00|xx|xx|1|0|0|0|00
DBG|1|0|0f|c|02|03|01|00|xx|xx|1|0|0|0|00
DBG|1|0|11|b|02|02|01|00|xx|xx|1|0|0|0|00
DBG|1|0|13|1|01|02|01|00|xx|xx|1|0|0|0|00
DBG|1|0|14|e|ff|02|01|00|xx|xx|1|0|0|0|00
DBG|1|0|04|a|ff|02|01|00|xx|xx|1|0|0|0|00
DBG|1|0|06|c|03|02|01|00|xx|xx|1|0|0|0|00
DBG|1|0|08|b|03|03|01|00|xx|xx|1|0|0|0|00
DBG|1|0|0a|2|01|03|01|00|xx|xx|1|0|0|0|00
DBG|1|0|0b|c|01|03|01|00|xx|xx|1|0|0|0|00
DBG|1|0|0d|a|01|03|01|00|xx|xx|1|0|0|0|00
DBG|1|0|0f|c|02|03|01|00|xx|xx|1|0|0|0|00
DBG|1|0|11|b|02|02|01|00|xx|xx|1|0|0|0|00
DBG|1|0|13|1|01|02|01|00|xx|xx|1|0|0|0|00
DBG|1|0|14|e|ff|02|01|00|xx|xx|1|0|0|0|00
DBG|1|0|04|a|ff|02|01|00|xx|xx|1|0|0|0|00
DBG|1|0|06|c|03|02|01|00|xx|xx|1|0|0|0|00
DBG|1|0|08|b|03|03|01|00|xx|xx|1|0|0|0|00
DBG|1|0|0a|2|01|03|01|00|xx|xx|1|0|0|0|00
DBG|1|0|0b|c|01|03|01|00|xx|xx|1|0|0|0|00
DBG|1|0|0d|a|01|03|01|00|xx|xx|1|0|0|0|00
DBG|1|0|0f|c|02|03|01|00|xx|xx|1|0|0|0|00
DBG|1|0|11|b|02|02|01|00|xx|xx|1|0|0|0|00
DBG|1|0|13|1|01|02|01|00|xx|xx|1|0|0|0|00
DBG|1|0|14|e|ff|02|01|00|xx|xx|1|0|0|0|00
DBG|1|0|04|a|ff|02|01|00|xx|xx|1|0|0|0|00
DBG|1|0|06|c|03|02|01|00|xx|xx|1|0|0|0|00
DBG|1|0|08|b|03|03|01|00|xx|xx|1|0|0|0|00
DBG|1|0|0a|2|01|03|01|00|xx|xx|1|0|0|0|00
DBG|1|0|0b|c|01|03|01|00|xx|xx|1|0|0|0|00
DBG|1|0|0d|a|01|03|01|00|xx|xx|1|0|0|0|00
DBG|1|0|0f|c|02|03|01|00|xx|xx|1|0|0|0|00
DBG|1|0|11|b|02|02|01|00|xx|xx|1|0|0|0|00
DBG|1|0|13|1|01|02|01|00|xx|xx|1|0|0|0|00
DBG|1|0|14|e|ff|02|01|00|xx|xx|1|0|0|0|00
DBG|1|0|04|a|ff|02|01|00|xx|xx|1|0|0|0|00
DBG|1|0|06|c|03|02|01|00|xx|xx|1|0|0|0|00
DBG|1|0|08|b|03|03|01|00|xx|xx|1|0|0|0|00
DBG|1|0|0a|2|01|03|01|00|xx|xx|1|0|0|0|00
DBG|1|0|0b|c|01|03|01|00|xx|xx|1|0|0|0|00
DBG|1|0|0d|a|01|03|01|00|xx|xx|1|0|0|0|00
DBG|1|0|0f|c|02|03|01|00|xx|xx|1|0|0|0|00
DBG|1|0|11|b|02|02|01|00|xx|xx|1|0|0|0|00
DBG|1|0|13|1|01|02|01|00|xx|xx|1|0|0|0|00
DBG|1|0|14|e|ff|02|01|00|xx|xx|1|0|0|0|00
DBG|1|0|04|a|ff|02|01|00|xx|xx|1|0|0|0|00
DBG|1|0|06|c|03|02|01|00|xx|xx|1|0|0|0|00
DBG|1|0|08|b|03|03|01|00|xx|xx|1|0|0|0|00
DBG|1|0|0a|2|01|03|01|00|xx|xx|1|0|0|0|00
DBG|1|0|0b|c|01|03|01|00|xx|xx|1|0|0|0|00
DBG|1|0|0d|a|01|03|01|00|xx|xx|1|0|0|0|00
DBG|1|0|0f|c|02|03|01|00|xx|xx|1|0|0|0|00
DBG|1|0|11|b|02|02|01|00|xx|xx|1|0|0|0|00
DBG|1|0|13|1|01|02|01|00|xx|xx|1|0|0|0|00
DBG|1|0|14|e|ff|02|01|00|xx|xx|1|0|0|0|00
DBG|1|0|04|a|ff|02|01|00|xx|xx|1|0|0|0|00
DBG|1|0|06|c|03|02|01|00|xx|xx|1|0|0|0|00
DBG|1|0|08|b|03|03|01|00|xx|xx|1|0|0|0|00
DBG|1|0|0a|2|01|03|01|00|xx|xx|1|0|0|0|00
DBG|1|0|0b|c|01|03|01|00|xx|xx|1|0|0|0|00
DBG|1|0|0d|a|01|03|01|00|xx|xx|1|0|0|0|00
DBG|1|0|0f|c|02|03|01|00|xx|xx|1|0|0|0|00
DBG|1|0|11|b|02|02|01|00|xx|xx|1|0|0|0|00
DBG|1|0|13|1|01|02|01|00|xx|xx|1|0|0|0|00
DBG|1|0|14|e|ff|02|01|00|xx|xx|1|0|0|0|00
DBG|1|0|04|a|ff|02|01|00|xx|xx|1|0|0|0|00
DBG|1|0|06|c|03|02|01|00|xx|xx|1|0|0|0|00
DBG|1|0|08|b|03|03|01|00|xx|xx|1|0|0|0|00
DBG|1|0|0a|2|01|03|01|00|xx|xx|1|0|0|0|00
DBG|1|0|0b|c|01|03|01|00|xx|xx|1|0|0|0|00
DBG|1|0|0d|a|01|03|01|00|xx|xx|1|0|0|0|00
DBG|1|0|0f|c|02|03|01|00|xx|xx|1|0|0|0|00
DBG|1|0|11|b|02|02|01|00|xx|xx|1|0|0|0|00
DBG|1|0|13|1|01|02|01|00|xx|xx|1|0|0|0|00
DBG|1|0|14|e|ff|02|01|00|xx|xx|1|0|0|0|00
DBG|1|0|04|a|ff|02|01|00|xx|xx|1|0|0|0|00
DBG|1|0|06|c|03|02|01|00|xx|xx|1|0|0|0|00
DBG|1|0|08|b|03|03|01|00|xx|xx|1|0|0|0|00
DBG|1|0|0a|2|01|03|01|00|xx|xx|1|0|0|0|00
DBG|1|0|0b|c|01|03|01|00|xx|xx|1|0|0|0|00
DBG|1|0|0d|a|01|03|01|00|xx|xx|1|0|0|0|00
DBG|1|0|0f|c|02|03|01|00|xx|xx|1|0|0|0|00
DBG|1|0|11|b|02|02|01|00|xx|xx|1|0|0|0|00
DBG|1|0|13|1|01|02|01|00|xx|xx|1|0|0|0|00
DBG|1|0|14|e|ff|02|01|00|xx|xx|1|0|0|0|00
DBG|1|0|04|a|ff|02|01|00|xx|xx|1|0|0|0|00
DBG|1|0|06|c|03|02|01|00|xx|xx|1|0|0|0|00
DBG|1|0|08|b|03|03|01|00|xx|xx|1|0|0|0|00
DBG|1|0|0a|2|01|03|01|00|xx|xx|1|0|0|0|00
DBG|1|0|0b|c|01|03|01|00|xx|xx|1|0|0|0|00
DBG|1|0|0d|a|01|03|01|00|xx|xx|1|0|0|0|00
DBG|1|0|0f|c|02|03|01|00|xx|xx|1|0|0|0|00
DBG|1|0|11|b|02|02|01|00|xx|xx|1|0|0|0|00
DBG|1|0|13|1|01|02|01|00|xx|xx|1|0|0|0|00
DBG|1|0|14|e|ff|02|01|00|xx|xx|1|0|0|0|00
DBG|1|0|04|a|ff|02|01|00|xx|xx|1|0|0|0|00
DBG|1|0|06|c|03|02|01|00|xx|xx|1|0|0|0|00
DBG|1|0|08|b|03|03|01|00|xx|xx|1|0|0|0|00
DBG|1|0|0a|2|01|03|01|00|xx|xx|1|0|0|0|00
DBG|1|0|0b|c|01|03|01|00|xx|xx|1|0|0|0|00
DBG|1|0|0d|a|01|03|01|00|xx|xx|1|0|0|0|00
DBG|1|0|0f|c|02|03|01|00|xx|xx|1|0|0|0|00
DBG|1|0|11|b|02|02|01|00|xx|xx|1|0|0|0|00
DBG|1|0|13|1|01|02|01|00|xx|xx|1|0|0|0|00
DBG|1|0|14|e|ff|02|01|00|xx|xx|1|0|0|0|00
DBG|1|0|04|a|ff|02|01|00|xx|xx|1|0|0|0|00
DBG|1|0|06|c|03|02|01|00|xx|xx|1|0|0|0|00
DBG|1|0|08|b|03|03|01|00|xx|xx|1|0|0|0|00
DBG|1|0|0a|2|01|03|01|00|xx|xx|1|0|0|0|00
DBG|1|0|0b|c|01|03|01|00|xx|xx|1|0|0|0|00
DBG|1|0|0d|a|01|03|01|00|xx|xx|1|0|0|0|00
DBG|1|0|0f|c|02|03|01|00|xx|xx|1|0|0|0|00
DBG|1|0|11|b|02|02|01|00|xx|xx|1|0|0|0|00
DBG|1|0|13|1|01|02|01|00|xx|xx|1|0|0|0|00
DBG|1|0|14|e|ff|02|01|00|xx|xx|1|0|0|0|00
DBG|1|0|04|a|ff|02|01|00|xx|xx|1|0|0|0|00
DBG|1|0|06|c|03|02|01|00|xx|xx|1|0|0|0|00
DBG|1|0|08|b|03|03|01|00|xx|xx|1|0|0|0|00
DBG|1|0|0a|2|01|03|01|00|xx|xx|1|0|0|0|00
DBG|1|0|0b|c|01|03|01|00|xx|xx|1|0|0|0|00
DBG|1|0|0d|a|01|03|01|00|xx|xx|1|0|0|0|00
DBG|1|0|0f|c|02|03|01|00|xx|xx|1|0|0|0|00
DBG|1|0|11|b|02|02|01|00|xx|xx|1|0|0|0|00
DBG|1|0|13|1|01|02|01|00|xx|xx|1|0|0|0|00
DBG|1|0|14|e|ff|02|01|00|xx|xx|1|0|0|0|00
DBG|1|0|04|a|ff|02|01|00|xx|xx|1|0|0|0|00
DBG|1|0|06|c|03|02|01|00|xx|xx|1|0|0|0|00
DBG|1|0|08|b|03|03|01|00|xx|xx|1|0|0|0|00
DBG|1|0|0a|2|01|03|01|00|xx|xx|1|0|0|0|00
DBG|1|0|0b|c|01|03|01|00|xx|xx|1|0|0|0|00
DBG|1|0|0d|a|01|03|01|00|xx|xx|1|0|0|0|00
DBG|1|0|0f|c|02|03|01|00|xx|xx|1|0|0|0|00
DBG|1|0|11|b|02|02|01|00|xx|xx|1|0|0|0|00
DBG|1|0|13|1|01|02|01|00|xx|xx|1|0|0|0|00
DBG|1|0|14|e|ff|02|01|00|xx|xx|1|0|0|0|00
DBG|1|0|04|a|ff|02|01|00|xx|xx|1|0|0|0|00
DBG|1|0|06|c|03|02|01|00|xx|xx|1|0|0|0|00
DBG|1|0|08|b|03|03|01|00|xx|xx|1|0|0|0|00
DBG|1|0|0a|2|01|03|01|00|xx|xx|1|0|0|0|00
DBG|1|0|0b|c|01|03|01|00|xx|xx|1|0|0|0|00
DBG|1|0|0d|a|01|03|01|00|xx|xx|1|0|0|0|00
DBG|1|0|0f|c|02|03|01|00|xx|xx|1|0|0|0|00
DBG|1|0|11|b|02|02|01|00|xx|xx|1|0|0|0|00
DBG|1|0|13|1|01|02|01|00|xx|xx|1|0|0|0|00
DBG|1|0|14|e|ff|02|01|00|xx|xx|1|0|0|0|00
DBG|1|0|04|a|ff|02|01|00|xx|xx|1|0|0|0|00
DBG|1|0|06|c|03|02|01|00|xx|xx|1|0|0|0|00
DBG|1|0|08|b|03|03|01|00|xx|xx|1|0|0|0|00
DBG|1|0|0a|2|01|03|01|00|xx|xx|1|0|0|0|00
DBG|1|0|0b|c|01|03|01|00|xx|xx|1|0|0|0|00
DBG|1|0|0d|a|01|03|01|00|xx|xx|1|0|0|0|00
DBG|1|0|0f|c|02|03|01|00|xx|xx|1|0|0|0|00
DBG|1|0|11|b|02|02|01|00|xx|xx|1|0|0|0|00
DBG|1|0|13|1|01|02|01|00|xx|xx|1|0|0|0|00
DBG|1|0|14|e|ff|02|01|00|xx|xx|1|0|0|0|00
DBG|1|0|04|a|ff|02|01|00|xx|xx|1|0|0|0|00
DBG|1|0|06|c|03|02|01|00|xx|xx|1|0|0|0|00
DBG|1|0|08|b|03|03|01|00|xx|xx|1|0|0|0|00
DBG|1|0|0a|2|01|03|01|00|xx|xx|1|0|0|0|00
DBG|1|0|0b|c|01|03|01|00|xx|xx|1|0|0|0|00
DBG|1|0|0d|a|01|03|01|00|xx|xx|1|0|0|0|00
DBG|1|0|0f|c|02|03|01|00|xx|xx|1|0|0|0|00
DBG|1|0|11|b|02|02|01|00|xx|xx|1|0|0|0|00
DBG|1|0|13|1|01|02|01|00|xx|xx|1|0|0|0|00
DBG|1|0|14|e|ff|02|01|00|xx|xx|1|0|0|0|00
DBG|1|0|04|a|ff|02|01|00|xx|xx|1|0|0|0|00
DBG|1|0|06|c|03|02|01|00|xx|xx|1|0|0|0|00
DBG|1|0|08|b|03|03|01|00|xx|xx|1|0|0|0|00
DBG|1|0|0a|2|01|03|01|00|xx|xx|1|0|0|0|00
DBG|1|0|0b|c|01|03|01|00|xx|xx|1|0|0|0|00
DBG|1|0|0d|a|01|03|01|00|xx|xx|1|0|0|0|00
DBG|1|0|0f|c|02|03|01|00|xx|xx|1|0|0|0|00
DBG|1|0|11|b|02|02|01|00|xx|xx|1|0|0|0|00
DBG|1|0|13|1|01|02|01|00|xx|xx|1|0|0|0|00
DBG|1|0|14|e|ff|02|01|00|xx|xx|1|0|0|0|00
DBG|1|0|04|a|ff|02|01|00|xx|xx|1|0|0|0|00
DBG|1|0|06|c|03|02|01|00|xx|xx|1|0|0|0|00
DBG|1|0|08|b|03|03|01|00|xx|xx|1|0|0|0|00
DBG|1|0|0a|2|01|03|01|00|xx|xx|1|0|0|0|00
DBG|1|0|0b|c|01|03|01|00|xx|xx|1|0|0|0|00
DBG|1|0|0d|a|01|03|01|00|xx|xx|1|0|0|0|00
DBG|1|0|0f|c|02|03|01|00|xx|xx|1|0|0|0|00
DBG|1|0|11|b|02|02|01|00|xx|xx|1|0|0|0|00
DBG|1|0|13|1|01|02|01|00|xx|xx|1|0|0|0|00
DBG|1|0|14|e|ff|02|01|00|xx|xx|1|0|0|0|00
DBG|1|0|04|a|ff|02|01|00|xx|xx|1|0|0|0|00
DBG|1|0|06|c|03|02|01|00|xx|xx|1|0|0|0|00
DBG|1|0|08|b|03|03|01|00|xx|xx|1|0|0|0|00
DBG|1|0|0a|2|01|03|01|00|xx|xx|1|0|0|0|00
DBG|1|0|0b|c|01|03|01|00|xx|xx|1|0|0|0|00
DBG|1|0|0d|a|01|03|01|00|xx|xx|1|0|0|0|00
DBG|1|0|0f|c|02|03|01|00|xx|xx|1|0|0|0|00
DBG|1|0|11|b|02|02|01|00|xx|xx|1|0|0|0|00
DBG|1|0|13|1|01|02|01|00|xx|xx|1|0|0|0|00
DBG|1|0|14|e|ff|02|01|00|xx|xx|1|0|0|0|00
DBG|1|0|04|a|ff|02|01|00|xx|xx|1|0|0|0|00
DBG|1|0|06|c|03|02|01|00|xx|xx|1|0|0|0|00
DBG|1|0|08|b|03|03|01|00|xx|xx|1|0|0|0|00
DBG|1|0|0a|2|01|03|01|00|xx|xx|1|0|0|0|00
DBG|1|0|0b|c|01|03|01|00|xx|xx|1|0|0|0|00
DBG|1|0|0d|a|01|03|01|00|xx|xx|1|0|0|0|00
DBG|1|0|0f|c|02|03|01|00|xx|xx|1|0|0|0|00
DBG|1|0|11|b|02|02|01|00|xx|xx|1|0|0|0|00
DBG|1|0|13|1|01|02|01|00|xx|xx|1|0|0|0|00
DBG|1|0|14|e|ff|02|01|00|xx|xx|1|0|0|0|00
DBG|1|0|04|a|ff|02|01|00|xx|xx|1|0|0|0|00
DBG|1|0|06|c|03|02|01|00|xx|xx|1|0|0|0|00
DBG|1|0|08|b|03|03|01|00|xx|xx|1|0|0|0|00
DBG|1|0|0a|2|01|03|01|00|xx|xx|1|0|0|0|00
DBG|1|0|0b|c|01|03|01|00|xx|xx|1|0|0|0|00
DBG|1|0|0d|a|01|03|01|00|xx|xx|1|0|0|0|00
DBG|1|0|0f|c|02|03|01|00|xx|xx|1|0|0|0|00
DBG|1|0|11|b|02|02|01|00|xx|xx|1|0|0|0|00
DBG|1|0|13|1|01|02|01|00|xx|xx|1|0|0|0|00
DBG|1|0|14|e|ff|02|01|00|xx|xx|1|0|0|0|00
DBG|1|0|04|a|ff|02|01|00|xx|xx|1|0|0|0|00
DBG|1|0|06|c|03|02|01|00|xx|xx|1|0|0|0|00
DBG|1|0|08|b|03|03|01|00|xx|xx|1|0|0|0|00
DBG|1|0|0a|2|01|03|01|00|xx|xx|1|0|0|0|00
DBG|1|0|0b|c|01|03|01|00|xx|xx|1|0|0|0|00
DBG|1|0|0d|a|01|03|01|00|xx|xx|1|0|0|0|00
DBG|1|0|0f|c|02|03|01|00|xx|xx|1|0|0|0|00
DBG|1|0|11|b|02|02|01|00|xx|xx|1|0|0|0|00
DBG|1|0|13|1|01|02|01|00|xx|xx|1|0|0|0|00
DBG|1|0|14|e|ff|02|01|00|xx|xx|1|0|0|0|00
DBG|1|0|04|a|ff|02|01|00|xx|xx|1|0|0|0|00
DBG|1|0|06|c|03|02|01|00|xx|xx|1|0|0|0|00
DBG|1|0|08|b|03|03|01|00|xx|xx|1|0|0|0|00
DBG|1|0|0a|2|01|03|01|00|xx|xx|1|0|0|0|00
DBG|1|0|0b|c|01|03|01|00|xx|xx|1|0|0|0|00
DBG|1|0|0d|a|01|03|01|00|xx|xx|1|0|0|0|00
DBG|1|0|0f|c|02|03|01|00|xx|xx|1|0|0|0|00
DBG|1|0|11|b|02|02|01|00|xx|xx|1|0|0|0|00
DBG|1|0|13|1|01|02|01|00|xx|xx|1|0|0|0|00
DBG|1|0|14|e|ff|02|01|00|xx|xx|1|0|0|0|00
DBG|1|0|04|a|ff|02|01|00|xx|xx|1|0|0|0|00
DBG|1|0|06|c|03|02|01|00|xx|xx|1|0|0|0|00
DBG|1|0|08|b|03|03|01|00|xx|xx|1|0|0|0|00
DBG|1|0|0a|2|01|03|01|00|xx|xx|1|0|0|0|00
DBG|1|0|0b|c|01|03|01|00|xx|xx|1|0|0|0|00
DBG|1|0|0d|a|01|03|01|00|xx|xx|1|0|0|0|00
DBG|1|0|0f|c|02|03|01|00|xx|xx|1|0|0|0|00
DBG|1|0|11|b|02|02|01|00|xx|xx|1|0|0|0|00
DBG|1|0|13|1|01|02|01|00|xx|xx|1|0|0|0|00
DBG|1|0|14|e|ff|02|01|00|xx|xx|1|0|0|0|00
DBG|1|0|04|a|ff|02|01|00|xx|xx|1|0|0|0|00
DBG|1|0|06|c|03|02|01|00|xx|xx|1|0|0|0|00
DBG|1|0|08|b|03|03|01|00|xx|xx|1|0|0|0|00
DBG|1|0|0a|2|01|03|01|00|xx|xx|1|0|0|0|00
DBG|1|0|0b|c|01|03|01|00|xx|xx|1|0|0|0|00
DBG|1|0|0d|a|01|03|01|00|xx|xx|1|0|0|0|00
DBG|1|0|0f|c|02|03|01|00|xx|xx|1|0|0|0|00
DBG|1|0|11|b|02|02|01|00|xx|xx|1|0|0|0|00
DBG|1|0|13|1|01|02|01|00|xx|xx|1|0|0|0|00
DBG|1|0|14|e|ff|02|01|00|xx|xx|1|0|0|0|00
DBG|1|0|04|a|ff|02|01|00|xx|xx|1|0|0|0|00
DBG|1|0|06|c|03|02|01|00|xx|xx|1|0|0|0|00
DBG|1|0|08|b|03|03|01|00|xx|xx|1|0|0|0|00
DBG|1|0|0a|2|01|03|01|00|xx|xx|1|0|0|0|00
DBG|1|0|0b|c|01|03|01|00|xx|xx|1|0|0|0|00
DBG|1|0|0d|a|01|03|01|00|xx|xx|1|0|0|0|00
DBG|1|0|0f|c|02|03|01|00|xx|xx|1|0|0|0|00
DBG|1|0|11|b|02|02|01|00|xx|xx|1|0|0|0|00
DBG|1|0|13|1|01|02|01|00|xx|xx|1|0|0|0|00
DBG|1|0|14|e|ff|02|01|00|xx|xx|1|0|0|0|00
DBG|1|0|04|a|ff|02|01|00|xx|xx|1|0|0|0|00
DBG|1|0|06|c|03|02|01|00|xx|xx|1|0|0|0|00
DBG|1|0|08|b|03|03|01|00|xx|xx|1|0|0|0|00
DBG|1|0|0a|2|01|03|01|00|xx|xx|1|0|0|0|00
DBG|1|0|0b|c|01|03|01|00|xx|xx|1|0|0|0|00
DBG|1|0|0d|a|01|03|01|00|xx|xx|1|0|0|0|00
DBG|1|0|0f|c|02|03|01|00|xx|xx|1|0|0|0|00
DBG|1|0|11|b|02|02|01|00|xx|xx|1|0|0|0|00
DBG|1|0|13|1|01|02|01|00|xx|xx|1|0|0|0|00
DBG|1|0|14|e|ff|02|01|00|xx|xx|1|0|0|0|00
DBG|1|0|04|a|ff|02|01|00|xx|xx|1|0|0|0|00
DBG|1|0|06|c|03|02|01|00|xx|xx|1|0|0|0|00
DBG|1|0|08|b|03|03|01|00|xx|xx|1|0|0|0|00
DBG|1|0|0a|2|01|03|01|00|xx|xx|1|0|0|0|00
DBG|1|0|0b|c|01|03|01|00|xx|xx|1|0|0|0|00
DBG|1|0|0d|a|01|03|01|00|xx|xx|1|0|0|0|00
DBG|1|0|0f|c|02|03|01|00|xx|xx|1|0|0|0|00
DBG|1|0|11|b|02|02|01|00|xx|xx|1|0|0|0|00
DBG|1|0|13|1|01|02|01|00|xx|xx|1|0|0|0|00
DBG|1|0|14|e|ff|02|01|00|xx|xx|1|0|0|0|00
DBG|1|0|04|a|ff|02|01|00|xx|xx|1|0|0|0|00
DBG|1|0|06|c|03|02|01|00|xx|xx|1|0|0|0|00
DBG|1|0|08|b|03|03|01|00|xx|xx|1|0|0|0|00
DBG|1|0|0a|2|01|03|01|00|xx|xx|1|0|0|0|00
DBG|1|0|0b|c|01|03|01|00|xx|xx|1|0|0|0|00
DBG|1|0|0d|a|01|03|01|00|xx|xx|1|0|0|0|00
DBG|1|0|0f|c|02|03|01|00|xx|xx|1|0|0|0|00
DBG|1|0|11|b|02|02|01|00|xx|xx|1|0|0|0|00
DBG|1|0|13|1|01|02|01|00|xx|xx|1|0|0|0|00
DBG|1|0|14|e|ff|02|01|00|xx|xx|1|0|0|0|00
DBG|1|0|04|a|ff|02|01|00|xx|xx|1|0|0|0|00
DBG|1|0|06|c|03|02|01|00|xx|xx|1|0|0|0|00
DBG|1|0|08|b|03|03|01|00|xx|xx|1|0|0|0|00
DBG|1|0|0a|2|01|03|01|00|xx|xx|1|0|0|0|00
DBG|1|0|0b|c|01|03|01|00|xx|xx|1|0|0|0|00
DBG|1|0|0d|a|01|03|01|00|xx|xx|1|0|0|0|00
DBG|1|0|0f|c|02|03|01|00|xx|xx|1|0|0|0|00
DBG|1|0|11|b|02|02|01|00|xx|xx|1|0|0|0|00
DBG|1|0|13|1|01|02|01|00|xx|xx|1|0|0|0|00
DBG|1|0|14|e|ff|02|01|00|xx|xx|1|0|0|0|00
DBG|1|0|04|a|ff|02|01|00|xx|xx|1|0|0|0|00
DBG|1|0|06|c|03|02|01|00|xx|xx|1|0|0|0|00
DBG|1|0|08|b|03|03|01|00|xx|xx|1|0|0|0|00
DBG|1|0|0a|2|01|03|01|00|xx|xx|1|0|0|0|00
DBG|1|0|0b|c|01|03|01|00|xx|xx|1|0|0|0|00
DBG|1|0|0d|a|01|03|01|00|xx|xx|1|0|0|0|00
DBG|1|0|0f|c|02|03|01|00|xx|xx|1|0|0|0|00
DBG|1|0|11|b|02|02|01|00|xx|xx|1|0|0|0|00
DBG|1|0|13|1|01|02|01|00|xx|xx|1|0|0|0|00
DBG|1|0|14|e|ff|02|01|00|xx|xx|1|0|0|0|00
DBG|1|0|04|a|ff|02|01|00|xx|xx|1|0|0|0|00
DBG|1|0|06|c|03|02|01|00|xx|xx|1|0|0|0|00
DBG|1|0|08|b|03|03|01|00|xx|xx|1|0|0|0|00
DBG|1|0|0a|2|01|03|01|00|xx|xx|1|0|0|0|00
DBG|1|0|0b|c|01|03|01|00|xx|xx|1|0|0|0|00
DBG|1|0|0d|a|01|03|01|00|xx|xx|1|0|0|0|00
DBG|1|0|0f|c|02|03|01|00|xx|xx|1|0|0|0|00
DBG|1|0|11|b|02|02|01|00|xx|xx|1|0|0|0|00
DBG|1|0|13|1|01|02|01|00|xx|xx|1|0|0|0|00
DBG|1|0|14|e|ff|02|01|00|xx|xx|1|0|0|0|00
DBG|1|0|04|a|ff|02|01|00|xx|xx|1|0|0|0|00
DBG|1|0|06|c|03|02|01|00|xx|xx|1|0|0|0|00
DBG|1|0|08|b|03|03|01|00|xx|xx|1|0|0|0|00
DBG|1|0|0a|2|01|03|01|00|xx|xx|1|0|0|0|00
DBG|1|0|0b|c|01|03|01|00|xx|xx|1|0|0|0|00
DBG|1|0|0d|a|01|03|01|00|xx|xx|1|0|0|0|00
DBG|1|0|0f|c|02|03|01|00|xx|xx|1|0|0|0|00
DBG|1|0|11|b|02|02|01|00|xx|xx|1|0|0|0|00
DBG|1|0|13|1|01|02|01|00|xx|xx|1|0|0|0|00
DBG|1|0|14|e|ff|02|01|00|xx|xx|1|0|0|0|00
DBG|1|0|04|a|ff|02|01|00|xx|xx|1|0|0|0|00
DBG|1|0|06|c|03|02|01|00|xx|xx|1|0|0|0|00
DBG|1|0|08|b|03|03|01|00|xx|xx|1|0|0|0|00
DBG|1|0|0a|2|01|03|01|00|xx|xx|1|0|0|0|00
DBG|1|0|0b|c|01|03|01|00|xx|xx|1|0|0|0|00
DBG|1|0|0d|a|01|03|01|00|xx|xx|1|0|0|0|00
DBG|1|0|0f|c|02|03|01|00|xx|xx|1|0|0|0|00
DBG|1|0|11|b|02|02|01|00|xx|xx|1|0|0|0|00
DBG|1|0|13|1|01|02|01|00|xx|xx|1|0|0|0|00
DBG|1|0|14|e|ff|02|01|00|xx|xx|1|0|0|0|00
DBG|1|0|04|a|ff|02|01|00|xx|xx|1|0|0|0|00
DBG|1|0|06|c|03|02|01|00|xx|xx|1|0|0|0|00
DBG|1|0|08|b|03|03|01|00|xx|xx|1|0|0|0|00
DBG|1|0|0a|2|01|03|01|00|xx|xx|1|0|0|0|00
DBG|1|0|0b|c|01|03|01|00|xx|xx|1|0|0|0|00
DBG|1|0|0d|a|01|03|01|00|xx|xx|1|0|0|0|00
DBG|1|0|0f|c|02|03|01|00|xx|xx|1|0|0|0|00
DBG|1|0|11|b|02|02|01|00|xx|xx|1|0|0|0|00
DBG|1|0|13|1|01|02|01|00|xx|xx|1|0|0|0|00
DBG|1|0|14|e|ff|02|01|00|xx|xx|1|0|0|0|00
DBG|1|0|04|a|ff|02|01|00|xx|xx|1|0|0|0|00
DBG|1|0|06|c|03|02|01|00|xx|xx|1|0|0|0|00
DBG|1|0|08|b|03|03|01|00|xx|xx|1|0|0|0|00
DBG|1|0|0a|2|01|03|01|00|xx|xx|1|0|0|0|00
DBG|1|0|0b|c|01|03|01|00|xx|xx|1|0|0|0|00
DBG|1|0|0d|a|01|03|01|00|xx|xx|1|0|0|0|00
DBG|1|0|0f|c|02|03|01|00|xx|xx|1|0|0|0|00
DBG|1|0|11|b|02|02|01|00|xx|xx|1|0|0|0|00
DBG|1|0|13|1|01|02|01|00|xx|xx|1|0|0|0|00
DBG|1|0|14|e|ff|02|01|00|xx|xx|1|0|0|0|00
DBG|1|0|04|a|ff|02|01|00|xx|xx|1|0|0|0|00
DBG|1|0|06|c|03|02|01|00|xx|xx|1|0|0|0|00
DBG|1|0|08|b|03|03|01|00|xx|xx|1|0|0|0|00
DBG|1|0|0a|2|01|03|01|00|xx|xx|1|0|0|0|00
DBG|1|0|0b|c|01|03|01|00|xx|xx|1|0|0|0|00
DBG|1|0|0d|a|01|03|01|00|xx|xx|1|0|0|0|00
DBG|1|0|0f|c|02|03|01|00|xx|xx|1|0|0|0|00
DBG|1|0|11|b|02|02|01|00|xx|xx|1|0|0|0|00
DBG|1|0|13|1|01|02|01|00|xx|xx|1|0|0|0|00
DBG|1|0|14|e|ff|02|01|00|xx|xx|1|0|0|0|00
DBG|1|0|04|a|ff|02|01|00|xx|xx|1|0|0|0|00
DBG|1|0|06|c|03|02|01|00|xx|xx|1|0|0|0|00
DBG|1|0|08|b|03|03|01|00|xx|xx|1|0|0|0|00
DBG|1|0|0a|2|01|03|01|00|xx|xx|1|0|0|0|00
DBG|1|0|0b|c|01|03|01|00|xx|xx|1|0|0|0|00
DBG|1|0|0d|a|01|03|01|00|xx|xx|1|0|0|0|00
DBG|1|0|0f|c|02|03|01|00|xx|xx|1|0|0|0|00
DBG|1|0|11|b|02|02|01|00|xx|xx|1|0|0|0|00
DBG|1|0|13|1|01|02|01|00|xx|xx|1|0|0|0|00
DBG|1|0|14|e|ff|02|01|00|xx|xx|1|0|0|0|00
DBG|1|0|04|a|ff|02|01|00|xx|xx|1|0|0|0|00
DBG|1|0|06|c|03|02|01|00|xx|xx|1|0|0|0|00
DBG|1|0|08|b|03|03|01|00|xx|xx|1|0|0|0|00
DBG|1|0|0a|2|01|03|01|00|xx|xx|1|0|0|0|00
DBG|1|0|0b|c|01|03|01|00|xx|xx|1|0|0|0|00
DBG|1|0|0d|a|01|03|01|00|xx|xx|1|0|0|0|00
DBG|1|0|0f|c|02|03|01|00|xx|xx|1|0|0|0|00
DBG|1|0|11|b|02|02|01|00|xx|xx|1|0|0|0|00
DBG|1|0|13|1|01|02|01|00|xx|xx|1|0|0|0|00
DBG|1|0|14|e|ff|02|01|00|xx|xx|1|0|0|0|00
DBG|1|0|04|a|ff|02|01|00|xx|xx|1|0|0|0|00
DBG|1|0|06|c|03|02|01|00|xx|xx|1|0|0|0|00
DBG|1|0|08|b|03|03|01|00|xx|xx|1|0|0|0|00
DBG|1|0|0a|2|01|03|01|00|xx|xx|1|0|0|0|00
DBG|1|0|0b|c|01|03|01|00|xx|xx|1|0|0|0|00
DBG|1|0|0d|a|01|03|01|00|xx|xx|1|0|0|0|00
DBG|1|0|0f|c|02|03|01|00|xx|xx|1|0|0|0|00
DBG|1|0|11|b|02|02|01|00|xx|xx|1|0|0|0|00
DBG|1|0|13|1|01|02|01|00|xx|xx|1|0|0|0|00
DBG|1|0|14|e|ff|02|01|00|xx|xx|1|0|0|0|00
DBG|1|0|04|a|ff|02|01|00|xx|xx|1|0|0|0|00
DBG|1|0|06|c|03|02|01|00|xx|xx|1|0|0|0|00
DBG|1|0|08|b|03|03|01|00|xx|xx|1|0|0|0|00
DBG|1|0|0a|2|01|03|01|00|xx|xx|1|0|0|0|00
DBG|1|0|0b|c|01|03|01|00|xx|xx|1|0|0|0|00
DBG|1|0|0d|a|01|03|01|00|xx|xx|1|0|0|0|00
DBG|1|0|0f|c|02|03|01|00|xx|xx|1|0|0|0|00
DBG|1|0|11|b|02|02|01|00|xx|xx|1|0|0|0|00
DBG|1|0|13|1|01|02|01|00|xx|xx|1|0|0|0|00
DBG|1|0|14|e|ff|02|01|00|xx|xx|1|0|0|0|00
DBG|1|0|04|a|ff|02|01|00|xx|xx|1|0|0|0|00
DBG|1|0|06|c|03|02|01|00|xx|xx|1|0|0|0|00
DBG|1|0|08|b|03|03|01|00|xx|xx|1|0|0|0|00
DBG|1|0|0a|2|01|03|01|00|xx|xx|1|0|0|0|00
DBG|1|0|0b|c|01|03|01|00|xx|xx|1|0|0|0|00
DBG|1|0|0d|a|01|03|01|00|xx|xx|1|0|0|0|00
DBG|1|0|0f|c|02|03|01|00|xx|xx|1|0|0|0|00
DBG|1|0|11|b|02|02|01|00|xx|xx|1|0|0|0|00
DBG|1|0|13|1|01|02|01|00|xx|xx|1|0|0|0|00
DBG|1|0|14|e|ff|02|01|00|xx|xx|1|0|0|0|00
DBG|1|0|04|a|ff|02|01|00|xx|xx|1|0|0|0|00
DBG|1|0|06|c|03|02|01|00|xx|xx|1|0|0|0|00
DBG|1|0|08|b|03|03|01|00|xx|xx|1|0|0|0|00
DBG|1|0|0a|2|01|03|01|00|xx|xx|1|0|0|0|00
DBG|1|0|0b|c|01|03|01|00|xx|xx|1|0|0|0|00
DBG|1|0|0d|a|01|03|01|00|xx|xx|1|0|0|0|00
DBG|1|0|0f|c|02|03|01|00|xx|xx|1|0|0|0|00
DBG|1|0|11|b|02|02|01|00|xx|xx|1|0|0|0|00
DBG|1|0|13|1|01|02|01|00|xx|xx|1|0|0|0|00
DBG|1|0|14|e|ff|02|01|00|xx|xx|1|0|0|0|00
DBG|1|0|04|a|ff|02|01|00|xx|xx|1|0|0|0|00
DBG|1|0|06|c|03|02|01|00|xx|xx|1|0|0|0|00
DBG|1|0|08|b|03|03|01|00|xx|xx|1|0|0|0|00
DBG|1|0|0a|2|01|03|01|00|xx|xx|1|0|0|0|00
DBG|1|0|0b|c|01|03|01|00|xx|xx|1|0|0|0|00
DBG|1|0|0d|a|01|03|01|00|xx|xx|1|0|0|0|00
DBG|1|0|0f|c|02|03|01|00|xx|xx|1|0|0|0|00
DBG|1|0|11|b|02|02|01|00|xx|xx|1|0|0|0|00
DBG|1|0|13|1|01|02|01|00|xx|xx|1|0|0|0|00
DBG|1|0|14|e|ff|02|01|00|xx|xx|1|0|0|0|00
DBG|1|0|04|a|ff|02|01|00|xx|xx|1|0|0|0|00
DBG|1|0|06|c|03|02|01|00|xx|xx|1|0|0|0|00
DBG|1|0|08|b|03|03|01|00|xx|xx|1|0|0|0|00
DBG|1|0|0a|2|01|03|01|00|xx|xx|1|0|0|0|00
DBG|1|0|0b|c|01|03|01|00|xx|xx|1|0|0|0|00
DBG|1|0|0d|a|01|03|01|00|xx|xx|1|0|0|0|00
DBG|1|0|0f|c|02|03|01|00|xx|xx|1|0|0|0|00
DBG|1|0|11|b|02|02|01|00|xx|xx|1|0|0|0|00
DBG|1|0|13|1|01|02|01|00|xx|xx|1|0|0|0|00
DBG|1|0|14|e|ff|02|01|00|xx|xx|1|0|0|0|00
DBG|1|0|04|a|ff|02|01|00|xx|xx|1|0|0|0|00
DBG|1|0|06|c|03|02|01|00|xx|xx|1|0|0|0|00
DBG|1|0|08|b|03|03|01|00|xx|xx|1|0|0|0|00
DBG|1|0|0a|2|01|03|01|00|xx|xx|1|0|0|0|00
DBG|1|0|0b|c|01|03|01|00|xx|xx|1|0|0|0|00
DBG|1|0|0d|a|01|03|01|00|xx|xx|1|0|0|0|00
DBG|1|0|0f|c|02|03|01|00|xx|xx|1|0|0|0|00
DBG|1|0|11|b|02|02|01|00|xx|xx|1|0|0|0|00
DBG|1|0|13|1|01|02|01|00|xx|xx|1|0|0|0|00
DBG|1|0|14|e|ff|02|01|00|xx|xx|1|0|0|0|00
DBG|1|0|04|a|ff|02|01|00|xx|xx|1|0|0|0|00
DBG|1|0|06|c|03|02|01|00|xx|xx|1|0|0|0|00
DBG|1|0|08|b|03|03|01|00|xx|xx|1|0|0|0|00
DBG|1|0|0a|2|01|03|01|00|xx|xx|1|0|0|0|00
DBG|1|0|0b|c|01|03|01|00|xx|xx|1|0|0|0|00
DBG|1|0|0d|a|01|03|01|00|xx|xx|1|0|0|0|00
DBG|1|0|0f|c|02|03|01|00|xx|xx|1|0|0|0|00
DBG|1|0|11|b|02|02|01|00|xx|xx|1|0|0|0|00
DBG|1|0|13|1|01|02|01|00|xx|xx|1|0|0|0|00
DBG|1|0|14|e|ff|02|01|00|xx|xx|1|0|0|0|00
DBG|1|0|04|a|ff|02|01|00|xx|xx|1|0|0|0|00
DBG|1|0|06|c|03|02|01|00|xx|xx|1|0|0|0|00
DBG|1|0|08|b|03|03|01|00|xx|xx|1|0|0|0|00
DBG|1|0|0a|2|01|03|01|00|xx|xx|1|0|0|0|00
DBG|1|0|0b|c|01|03|01|00|xx|xx|1|0|0|0|00
DBG|1|0|0d|a|01|03|01|00|xx|xx|1|0|0|0|00
DBG|1|0|0f|c|02|03|01|00|xx|xx|1|0|0|0|00
DBG|1|0|11|b|02|02|01|00|xx|xx|1|0|0|0|00
DBG|1|0|13|1|01|02|01|00|xx|xx|1|0|0|0|00
DBG|1|0|14|e|ff|02|01|00|xx|xx|1|0|0|0|00
DBG|1|0|04|a|ff|02|01|00|xx|xx|1|0|0|0|00
DBG|1|0|06|c|03|02|01|00|xx|xx|1|0|0|0|00
DBG|1|0|08|b|03|03|01|00|xx|xx|1|0|0|0|00
DBG|1|0|0a|2|01|03|01|00|xx|xx|1|0|0|0|00
DBG|1|0|0b|c|01|03|01|00|xx|xx|1|0|0|0|00
DBG|1|0|0d|a|01|03|01|00|xx|xx|1|0|0|0|00
DBG|1|0|0f|c|02|03|01|00|xx|xx|1|0|0|0|00
DBG|1|0|11|b|02|02|01|00|xx|xx|1|0|0|0|00
DBG|1|0|13|1|01|02|01|00|xx|xx|1|0|0|0|00
DBG|1|0|14|e|ff|02|01|00|xx|xx|1|0|0|0|00
DBG|1|0|04|a|ff|02|01|00|xx|xx|1|0|0|0|00
DBG|1|0|06|c|03|02|01|00|xx|xx|1|0|0|0|00
DBG|1|0|08|b|03|03|01|00|xx|xx|1|0|0|0|00
DBG|1|0|0a|2|01|03|01|00|xx|xx|1|0|0|0|00
DBG|1|0|0b|c|01|03|01|00|xx|xx|1|0|0|0|00
DBG|1|0|0d|a|01|03|01|00|xx|xx|1|0|0|0|00
DBG|1|0|0f|c|02|03|01|00|xx|xx|1|0|0|0|00
DBG|1|0|11|b|02|02|01|00|xx|xx|1|0|0|0|00
DBG|1|0|13|1|01|02|01|00|xx|xx|1|0|0|0|00
DBG|1|0|14|e|ff|02|01|00|xx|xx|1|0|0|0|00
DBG|1|0|04|a|ff|02|01|00|xx|xx|1|0|0|0|00
DBG|1|0|06|c|03|02|01|00|xx|xx|1|0|0|0|00
DBG|1|0|08|b|03|03|01|00|xx|xx|1|0|0|0|00
DBG|1|0|0a|2|01|03|01|00|xx|xx|1|0|0|0|00
DBG|1|0|0b|c|01|03|01|00|xx|xx|1|0|0|0|00
DBG|1|0|0d|a|01|03|01|00|xx|xx|1|0|0|0|00
DBG|1|0|0f|c|02|03|01|00|xx|xx|1|0|0|0|00
DBG|1|0|11|b|02|02|01|00|xx|xx|1|0|0|0|00
DBG|1|0|13|1|01|02|01|00|xx|xx|1|0|0|0|00
DBG|1|0|14|e|ff|02|01|00|xx|xx|1|0|0|0|00
DBG|1|0|04|a|ff|02|01|00|xx|xx|1|0|0|0|00
DBG|1|0|06|c|03|02|01|00|xx|xx|1|0|0|0|00
DBG|1|0|08|b|03|03|01|00|xx|xx|1|0|0|0|00
DBG|1|0|0a|2|01|03|01|00|xx|xx|1|0|0|0|00
DBG|1|0|0b|c|01|03|01|00|xx|xx|1|0|0|0|00
DBG|1|0|0d|a|01|03|01|00|xx|xx|1|0|0|0|00
DBG|1|0|0f|c|02|03|01|00|xx|xx|1|0|0|0|00
DBG|1|0|11|b|02|02|01|00|xx|xx|1|0|0|0|00
DBG|1|0|13|1|01|02|01|00|xx|xx|1|0|0|0|00
DBG|1|0|14|e|ff|02|01|00|xx|xx|1|0|0|0|00
DBG|1|0|04|a|ff|02|01|00|xx|xx|1|0|0|0|00
DBG|1|0|06|c|03|02|01|00|xx|xx|1|0|0|0|00
DBG|1|0|08|b|03|03|01|00|xx|xx|1|0|0|0|00
DBG|1|0|0a|2|01|03|01|00|xx|xx|1|0|0|0|00
DBG|1|0|0b|c|01|03|01|00|xx|xx|1|0|0|0|00
DBG|1|0|0d|a|01|03|01|00|xx|xx|1|0|0|0|00
DBG|1|0|0f|c|02|03|01|00|xx|xx|1|0|0|0|00
DBG|1|0|11|b|02|02|01|00|xx|xx|1|0|0|0|00
DBG|1|0|13|1|01|02|01|00|xx|xx|1|0|0|0|00
DBG|1|0|14|e|ff|02|01|00|xx|xx|1|0|0|0|00
DBG|1|0|04|a|ff|02|01|00|xx|xx|1|0|0|0|00
DBG|1|0|06|c|03|02|01|00|xx|xx|1|0|0|0|00
DBG|1|0|08|b|03|03|01|00|xx|xx|1|0|0|0|00
DBG|1|0|0a|2|01|03|01|00|xx|xx|1|0|0|0|00
DBG|1|0|0b|c|01|03|01|00|xx|xx|1|0|0|0|00
DBG|1|0|0d|a|01|03|01|00|xx|xx|1|0|0|0|00
DBG|1|0|0f|c|02|03|01|00|xx|xx|1|0|0|0|00
DBG|1|0|11|b|02|02|01|00|xx|xx|1|0|0|0|00
DBG|1|0|13|1|01|02|01|00|xx|xx|1|0|0|0|00
DBG|1|0|14|e|ff|02|01|00|xx|xx|1|0|0|0|00
DBG|1|0|04|a|ff|02|01|00|xx|xx|1|0|0|0|00
DBG|1|0|06|c|03|02|01|00|xx|xx|1|0|0|0|00
DBG|1|0|08|b|03|03|01|00|xx|xx|1|0|0|0|00
DBG|1|0|0a|2|01|03|01|00|xx|xx|1|0|0|0|00
DBG|1|0|0b|c|01|03|01|00|xx|xx|1|0|0|0|00
DBG|1|0|0d|a|01|03|01|00|xx|xx|1|0|0|0|00
DBG|1|0|0f|c|02|03|01|00|xx|xx|1|0|0|0|00
DBG|1|0|11|b|02|02|01|00|xx|xx|1|0|0|0|00
DBG|1|0|13|1|01|02|01|00|xx|xx|1|0|0|0|00
DBG|1|0|14|e|ff|02|01|00|xx|xx|1|0|0|0|00
DBG|1|0|04|a|ff|02|01|00|xx|xx|1|0|0|0|00
DBG|1|0|06|c|03|02|01|00|xx|xx|1|0|0|0|00
DBG|1|0|08|b|03|03|01|00|xx|xx|1|0|0|0|00
DBG|1|0|0a|2|01|03|01|00|xx|xx|1|0|0|0|00
DBG|1|0|0b|c|01|03|01|00|xx|xx|1|0|0|0|00
DBG|1|0|0d|a|01|03|01|00|xx|xx|1|0|0|0|00
DBG|1|0|0f|c|02|03|01|00|xx|xx|1|0|0|0|00
DBG|1|0|11|b|02|02|01|00|xx|xx|1|0|0|0|00
DBG|1|0|13|1|01|02|01|00|xx|xx|1|0|0|0|00
DBG|1|0|14|e|ff|02|01|00|xx|xx|1|0|0|0|00
DBG|1|0|04|a|ff|02|01|00|xx|xx|1|0|0|0|00
DBG|1|0|06|c|03|02|01|00|xx|xx|1|0|0|0|00
DBG|1|0|08|b|03|03|01|00|xx|xx|1|0|0|0|00
DBG|1|0|0a|2|01|03|01|00|xx|xx|1|0|0|0|00
DBG|1|0|0b|c|01|03|01|00|xx|xx|1|0|0|0|00
DBG|1|0|0d|a|01|03|01|00|xx|xx|1|0|0|0|00
DBG|1|0|0f|c|02|03|01|00|xx|xx|1|0|0|0|00
DBG|1|0|11|b|02|02|01|00|xx|xx|1|0|0|0|00
DBG|1|0|13|1|01|02|01|00|xx|xx|1|0|0|0|00
DBG|1|0|14|e|ff|02|01|00|xx|xx|1|0|0|0|00
DBG|1|0|04|a|ff|02|01|00|xx|xx|1|0|0|0|00
DBG|1|0|06|c|03|02|01|00|xx|xx|1|0|0|0|00
DBG|1|0|08|b|03|03|01|00|xx|xx|1|0|0|0|00
DBG|1|0|0a|2|01|03|01|00|xx|xx|1|0|0|0|00
DBG|1|0|0b|c|01|03|01|00|xx|xx|1|0|0|0|00
DBG|1|0|0d|a|01|03|01|00|xx|xx|1|0|0|0|00
DBG|1|0|0f|c|02|03|01|00|xx|xx|1|0|0|0|00
DBG|1|0|11|b|02|02|01|00|xx|xx|1|0|0|0|00
DBG|1|0|13|1|01|02|01|00|xx|xx|1|0|0|0|00
DBG|1|0|14|e|ff|02|01|00|xx|xx|1|0|0|0|00
DBG|1|0|04|a|ff|02|01|00|xx|xx|1|0|0|0|00
DBG|1|0|06|c|03|02|01|00|xx|xx|1|0|0|0|00
DBG|1|0|08|b|03|03|01|00|xx|xx|1|0|0|0|00
DBG|1|0|0a|2|01|03|01|00|xx|xx|1|0|0|0|00
DBG|1|0|0b|c|01|03|01|00|xx|xx|1|0|0|0|00
DBG|1|0|0d|a|01|03|01|00|xx|xx|1|0|0|0|00
DBG|1|0|0f|c|02|03|01|00|xx|xx|1|0|0|0|00
DBG|1|0|11|b|02|02|01|00|xx|xx|1|0|0|0|00
DBG|1|0|13|1|01|02|01|00|xx|xx|1|0|0|0|00
DBG|1|0|14|e|ff|02|01|00|xx|xx|1|0|0|0|00
DBG|1|0|04|a|ff|02|01|00|xx|xx|1|0|0|0|00
DBG|1|0|06|c|03|02|01|00|xx|xx|1|0|0|0|00
DBG|1|0|08|b|03|03|01|00|xx|xx|1|0|0|0|00
DBG|1|0|0a|2|01|03|01|00|xx|xx|1|0|0|0|00
DBG|1|0|0b|c|01|03|01|00|xx|xx|1|0|0|0|00
DBG|1|0|0d|a|01|03|01|00|xx|xx|1|0|0|0|00
DBG|1|0|0f|c|02|03|01|00|xx|xx|1|0|0|0|00
DBG|1|0|11|b|02|02|01|00|xx|xx|1|0|0|0|00
DBG|1|0|13|1|01|02|01|00|xx|xx|1|0|0|0|00
DBG|1|0|14|e|ff|02|01|00|xx|xx|1|0|0|0|00
DBG|1|0|04|a|ff|02|01|00|xx|xx|1|0|0|0|00
DBG|1|0|06|c|03|02|01|00|xx|xx|1|0|0|0|00
DBG|1|0|08|b|03|03|01|00|xx|xx|1|0|0|0|00
DBG|1|0|0a|2|01|03|01|00|xx|xx|1|0|0|0|00
DBG|1|0|0b|c|01|03|01|00|xx|xx|1|0|0|0|00
DBG|1|0|0d|a|01|03|01|00|xx|xx|1|0|0|0|00
DBG|1|0|0f|c|02|03|01|00|xx|xx|1|0|0|0|00
DBG|1|0|11|b|02|02|01|00|xx|xx|1|0|0|0|00
DBG|1|0|13|1|01|02|01|00|xx|xx|1|0|0|0|00
DBG|1|0|14|e|ff|02|01|00|xx|xx|1|0|0|0|00
DBG|1|0|04|a|ff|02|01|00|xx|xx|1|0|0|0|00
DBG|1|0|06|c|03|02|01|00|xx|xx|1|0|0|0|00
DBG|1|0|08|b|03|03|01|00|xx|xx|1|0|0|0|00
DBG|1|0|0a|2|01|03|01|00|xx|xx|1|0|0|0|00
DBG|1|0|0b|c|01|03|01|00|xx|xx|1|0|0|0|00
DBG|1|0|0d|a|01|03|01|00|xx|xx|1|0|0|0|00
DBG|1|0|0f|c|02|03|01|00|xx|xx|1|0|0|0|00
DBG|1|0|11|b|02|02|01|00|xx|xx|1|0|0|0|00
DBG|1|0|13|1|01|02|01|00|xx|xx|1|0|0|0|00
DBG|1|0|14|e|ff|02|01|00|xx|xx|1|0|0|0|00
DBG|1|0|04|a|ff|02|01|00|xx|xx|1|0|0|0|00
DBG|1|0|06|c|03|02|01|00|xx|xx|1|0|0|0|00
DBG|1|0|08|b|03|03|01|00|xx|xx|1|0|0|0|00
DBG|1|0|0a|2|01|03|01|00|xx|xx|1|0|0|0|00
DBG|1|0|0b|c|01|03|01|00|xx|xx|1|0|0|0|00
DBG|1|0|0d|a|01|03|01|00|xx|xx|1|0|0|0|00
DBG|1|0|0f|c|02|03|01|00|xx|xx|1|0|0|0|00
DBG|1|0|11|b|02|02|01|00|xx|xx|1|0|0|0|00
DBG|1|0|13|1|01|02|01|00|xx|xx|1|0|0|0|00
DBG|1|0|14|e|ff|02|01|00|xx|xx|1|0|0|0|00
DBG|1|0|04|a|ff|02|01|00|xx|xx|1|0|0|0|00
DBG|1|0|06|c|03|02|01|00|xx|xx|1|0|0|0|00
DBG|1|0|08|b|03|03|01|00|xx|xx|1|0|0|0|00
DBG|1|0|0a|2|01|03|01|00|xx|xx|1|0|0|0|00
DBG|1|0|0b|c|01|03|01|00|xx|xx|1|0|0|0|00
DBG|1|0|0d|a|01|03|01|00|xx|xx|1|0|0|0|00
DBG|1|0|0f|c|02|03|01|00|xx|xx|1|0|0|0|00
DBG|1|0|11|b|02|02|01|00|xx|xx|1|0|0|0|00
DBG|1|0|13|1|01|02|01|00|xx|xx|1|0|0|0|00
DBG|1|0|14|e|ff|02|01|00|xx|xx|1|0|0|0|00
DBG|1|0|04|a|ff|02|01|00|xx|xx|1|0|0|0|00
DBG|1|0|06|c|03|02|01|00|xx|xx|1|0|0|0|00
DBG|1|0|08|b|03|03|01|00|xx|xx|1|0|0|0|00
DBG|1|0|0a|2|01|03|01|00|xx|xx|1|0|0|0|00
DBG|1|0|0b|c|01|03|01|00|xx|xx|1|0|0|0|00
DBG|1|0|0d|a|01|03|01|00|xx|xx|1|0|0|0|00
DBG|1|0|0f|c|02|03|01|00|xx|xx|1|0|0|0|00
DBG|1|0|11|b|02|02|01|00|xx|xx|1|0|0|0|00
DBG|1|0|13|1|01|02|01|00|xx|xx|1|0|0|0|00
DBG|1|0|14|e|ff|02|01|00|xx|xx|1|0|0|0|00
DBG|1|0|04|a|ff|02|01|00|xx|xx|1|0|0|0|00
DBG|1|0|06|c|03|02|01|00|xx|xx|1|0|0|0|00
DBG|1|0|08|b|03|03|01|00|xx|xx|1|0|0|0|00
DBG|1|0|0a|2|01|03|01|00|xx|xx|1|0|0|0|00
DBG|1|0|0b|c|01|03|01|00|xx|xx|1|0|0|0|00
DBG|1|0|0d|a|01|03|01|00|xx|xx|1|0|0|0|00
DBG|1|0|0f|c|02|03|01|00|xx|xx|1|0|0|0|00
DBG|1|0|11|b|02|02|01|00|xx|xx|1|0|0|0|00
DBG|1|0|13|1|01|02|01|00|xx|xx|1|0|0|0|00
DBG|1|0|14|e|ff|02|01|00|xx|xx|1|0|0|0|00
DBG|1|0|04|a|ff|02|01|00|xx|xx|1|0|0|0|00
DBG|1|0|06|c|03|02|01|00|xx|xx|1|0|0|0|00
DBG|1|0|08|b|03|03|01|00|xx|xx|1|0|0|0|00
DBG|1|0|0a|2|01|03|01|00|xx|xx|1|0|0|0|00
DBG|1|0|0b|c|01|03|01|00|xx|xx|1|0|0|0|00
DBG|1|0|0d|a|01|03|01|00|xx|xx|1|0|0|0|00
DBG|1|0|0f|c|02|03|01|00|xx|xx|1|0|0|0|00
DBG|1|0|11|b|02|02|01|00|xx|xx|1|0|0|0|00
DBG|1|0|13|1|01|02|01|00|xx|xx|1|0|0|0|00
DBG|1|0|14|e|ff|02|01|00|xx|xx|1|0|0|0|00
DBG|1|0|04|a|ff|02|01|00|xx|xx|1|0|0|0|00
DBG|1|0|06|c|03|02|01|00|xx|xx|1|0|0|0|00
DBG|1|0|08|b|03|03|01|00|xx|xx|1|0|0|0|00
DBG|1|0|0a|2|01|03|01|00|xx|xx|1|0|0|0|00
DBG|1|0|0b|c|01|03|01|00|xx|xx|1|0|0|0|00
DBG|1|0|0d|a|01|03|01|00|xx|xx|1|0|0|0|00
DBG|1|0|0f|c|02|03|01|00|xx|xx|1|0|0|0|00
DBG|1|0|11|b|02|02|01|00|xx|xx|1|0|0|0|00
DBG|1|0|13|1|01|02|01|00|xx|xx|1|0|0|0|00
DBG|1|0|14|e|ff|02|01|00|xx|xx|1|0|0|0|00
DBG|1|0|04|a|ff|02|01|00|xx|xx|1|0|0|0|00
DBG|1|0|06|c|03|02|01|00|xx|xx|1|0|0|0|00
DBG|1|0|08|b|03|03|01|00|xx|xx|1|0|0|0|00
DBG|1|0|0a|2|01|03|01|00|xx|xx|1|0|0|0|00
DBG|1|0|0b|c|01|03|01|00|xx|xx|1|0|0|0|00
DBG|1|0|0d|a|01|03|01|00|xx|xx|1|0|0|0|00
DBG|1|0|0f|c|02|03|01|00|xx|xx|1|0|0|0|00
DBG|1|0|11|b|02|02|01|00|xx|xx|1|0|0|0|00
DBG|1|0|13|1|01|02|01|00|xx|xx|1|0|0|0|00
DBG|1|0|14|e|ff|02|01|00|xx|xx|1|0|0|0|00
DBG|1|0|04|a|ff|02|01|00|xx|xx|1|0|0|0|00
DBG|1|0|06|c|03|02|01|00|xx|xx|1|0|0|0|00
DBG|1|0|08|b|03|03|01|00|xx|xx|1|0|0|0|00
DBG|1|0|0a|2|01|03|01|00|xx|xx|1|0|0|0|00
DBG|1|0|0b|c|01|03|01|00|xx|xx|1|0|0|0|00
DBG|1|0|0d|a|01|03|01|00|xx|xx|1|0|0|0|00
DBG|1|0|0f|c|02|03|01|00|xx|xx|1|0|0|0|00
DBG|1|0|11|b|02|02|01|00|xx|xx|1|0|0|0|00
DBG|1|0|13|1|01|02|01|00|xx|xx|1|0|0|0|00
DBG|1|0|14|e|ff|02|01|00|xx|xx|1|0|0|0|00
DBG|1|0|04|a|ff|02|01|00|xx|xx|1|0|0|0|00
DBG|1|0|06|c|03|02|01|00|xx|xx|1|0|0|0|00
DBG|1|0|08|b|03|03|01|00|xx|xx|1|0|0|0|00
DBG|1|0|0a|2|01|03|01|00|xx|xx|1|0|0|0|00
DBG|1|0|0b|c|01|03|01|00|xx|xx|1|0|0|0|00
DBG|1|0|0d|a|01|03|01|00|xx|xx|1|0|0|0|00
DBG|1|0|0f|c|02|03|01|00|xx|xx|1|0|0|0|00
DBG|1|0|11|b|02|02|01|00|xx|xx|1|0|0|0|00
DBG|1|0|13|1|01|02|01|00|xx|xx|1|0|0|0|00
DBG|1|0|14|e|ff|02|01|00|xx|xx|1|0|0|0|00
DBG|1|0|04|a|ff|02|01|00|xx|xx|1|0|0|0|00
DBG|1|0|06|c|03|02|01|00|xx|xx|1|0|0|0|00
DBG|1|0|08|b|03|03|01|00|xx|xx|1|0|0|0|00
DBG|1|0|0a|2|01|03|01|00|xx|xx|1|0|0|0|00
DBG|1|0|0b|c|01|03|01|00|xx|xx|1|0|0|0|00
DBG|1|0|0d|a|01|03|01|00|xx|xx|1|0|0|0|00
DBG|1|0|0f|c|02|03|01|00|xx|xx|1|0|0|0|00
DBG|1|0|11|b|02|02|01|00|xx|xx|1|0|0|0|00
DBG|1|0|13|1|01|02|01|00|xx|xx|1|0|0|0|00
DBG|1|0|14|e|ff|02|01|00|xx|xx|1|0|0|0|00
DBG|1|0|04|a|ff|02|01|00|xx|xx|1|0|0|0|00
DBG|1|0|06|c|03|02|01|00|xx|xx|1|0|0|0|00
DBG|1|0|08|b|03|03|01|00|xx|xx|1|0|0|0|00
DBG|1|0|0a|2|01|03|01|00|xx|xx|1|0|0|0|00
DBG|1|0|0b|c|01|03|01|00|xx|xx|1|0|0|0|00
DBG|1|0|0d|a|01|03|01|00|xx|xx|1|0|0|0|00
DBG|1|0|0f|c|02|03|01|00|xx|xx|1|0|0|0|00
DBG|1|0|11|b|02|02|01|00|xx|xx|1|0|0|0|00
DBG|1|0|13|1|01|02|01|00|xx|xx|1|0|0|0|00
DBG|1|0|14|e|ff|02|01|00|xx|xx|1|0|0|0|00
DBG|1|0|04|a|ff|02|01|00|xx|xx|1|0|0|0|00
DBG|1|0|06|c|03|02|01|00|xx|xx|1|0|0|0|00
DBG|1|0|08|b|03|03|01|00|xx|xx|1|0|0|0|00
DBG|1|0|0a|2|01|03|01|00|xx|xx|1|0|0|0|00
DBG|1|0|0b|c|01|03|01|00|xx|xx|1|0|0|0|00
DBG|1|0|0d|a|01|03|01|00|xx|xx|1|0|0|0|00
DBG|1|0|0f|c|02|03|01|00|xx|xx|1|0|0|0|00
DBG|1|0|11|b|02|02|01|00|xx|xx|1|0|0|0|00
DBG|1|0|13|1|01|02|01|00|xx|xx|1|0|0|0|00
DBG|1|0|14|e|ff|02|01|00|xx|xx|1|0|0|0|00
DBG|1|0|04|a|ff|02|01|00|xx|xx|1|0|0|0|00
DBG|1|0|06|c|03|02|01|00|xx|xx|1|0|0|0|00
DBG|1|0|08|b|03|03|01|00|xx|xx|1|0|0|0|00
DBG|1|0|0a|2|01|03|01|00|xx|xx|1|0|0|0|00
DBG|1|0|0b|c|01|03|01|00|xx|xx|1|0|0|0|00
DBG|1|0|0d|a|01|03|01|00|xx|xx|1|0|0|0|00
DBG|1|0|0f|c|02|03|01|00|xx|xx|1|0|0|0|00
DBG|1|0|11|b|02|02|01|00|xx|xx|1|0|0|0|00
DBG|1|0|13|1|01|02|01|00|xx|xx|1|0|0|0|00
DBG|1|0|14|e|ff|02|01|00|xx|xx|1|0|0|0|00
DBG|1|0|04|a|ff|02|01|00|xx|xx|1|0|0|0|00
DBG|1|0|06|c|03|02|01|00|xx|xx|1|0|0|0|00
DBG|1|0|08|b|03|03|01|00|xx|xx|1|0|0|0|00
DBG|1|0|0a|2|01|03|01|00|xx|xx|1|0|0|0|00
DBG|1|0|0b|c|01|03|01|00|xx|xx|1|0|0|0|00
DBG|1|0|0d|a|01|03|01|00|xx|xx|1|0|0|0|00
DBG|1|0|0f|c|02|03|01|00|xx|xx|1|0|0|0|00
DBG|1|0|11|b|02|02|01|00|xx|xx|1|0|0|0|00
DBG|1|0|13|1|01|02|01|00|xx|xx|1|0|0|0|00
DBG|1|0|14|e|ff|02|01|00|xx|xx|1|0|0|0|00
DBG|1|0|04|a|ff|02|01|00|xx|xx|1|0|0|0|00
DBG|1|0|06|c|03|02|01|00|xx|xx|1|0|0|0|00
DBG|1|0|08|b|03|03|01|00|xx|xx|1|0|0|0|00
DBG|1|0|0a|2|01|03|01|00|xx|xx|1|0|0|0|00
DBG|1|0|0b|c|01|03|01|00|xx|xx|1|0|0|0|00
DBG|1|0|0d|a|01|03|01|00|xx|xx|1|0|0|0|00
DBG|1|0|0f|c|02|03|01|00|xx|xx|1|0|0|0|00
DBG|1|0|11|b|02|02|01|00|xx|xx|1|0|0|0|00
DBG|1|0|13|1|01|02|01|00|xx|xx|1|0|0|0|00
DBG|1|0|14|e|ff|02|01|00|xx|xx|1|0|0|0|00
DBG|1|0|04|a|ff|02|01|00|xx|xx|1|0|0|0|00
DBG|1|0|06|c|03|02|01|00|xx|xx|1|0|0|0|00
DBG|1|0|08|b|03|03|01|00|xx|xx|1|0|0|0|00
DBG|1|0|0a|2|01|03|01|00|xx|xx|1|0|0|0|00
DBG|1|0|0b|c|01|03|01|00|xx|xx|1|0|0|0|00
DBG|1|0|0d|a|01|03|01|00|xx|xx|1|0|0|0|00
DBG|1|0|0f|c|02|03|01|00|xx|xx|1|0|0|0|00
DBG|1|0|11|b|02|02|01|00|xx|xx|1|0|0|0|00
DBG|1|0|13|1|01|02|01|00|xx|xx|1|0|0|0|00
DBG|1|0|14|e|ff|02|01|00|xx|xx|1|0|0|0|00
DBG|1|0|04|a|ff|02|01|00|xx|xx|1|0|0|0|00
DBG|1|0|06|c|03|02|01|00|xx|xx|1|0|0|0|00
DBG|1|0|08|b|03|03|01|00|xx|xx|1|0|0|0|00
DBG|1|0|0a|2|01|03|01|00|xx|xx|1|0|0|0|00
DBG|1|0|0b|c|01|03|01|00|xx|xx|1|0|0|0|00
DBG|1|0|0d|a|01|03|01|00|xx|xx|1|0|0|0|00
DBG|1|0|0f|c|02|03|01|00|xx|xx|1|0|0|0|00
DBG|1|0|11|b|02|02|01|00|xx|xx|1|0|0|0|00
DBG|1|0|13|1|01|02|01|00|xx|xx|1|0|0|0|00
DBG|1|0|14|e|ff|02|01|00|xx|xx|1|0|0|0|00
DBG|1|0|04|a|ff|02|01|00|xx|xx|1|0|0|0|00
DBG|1|0|06|c|03|02|01|00|xx|xx|1|0|0|0|00
DBG|1|0|08|b|03|03|01|00|xx|xx|1|0|0|0|00
DBG|1|0|0a|2|01|03|01|00|xx|xx|1|0|0|0|00
DBG|1|0|0b|c|01|03|01|00|xx|xx|1|0|0|0|00
DBG|1|0|0d|a|01|03|01|00|xx|xx|1|0|0|0|00
DBG|1|0|0f|c|02|03|01|00|xx|xx|1|0|0|0|00
DBG|1|0|11|b|02|02|01|00|xx|xx|1|0|0|0|00
DBG|1|0|13|1|01|02|01|00|xx|xx|1|0|0|0|00
DBG|1|0|14|e|ff|02|01|00|xx|xx|1|0|0|0|00
DBG|1|0|04|a|ff|02|01|00|xx|xx|1|0|0|0|00
DBG|1|0|06|c|03|02|01|00|xx|xx|1|0|0|0|00
DBG|1|0|08|b|03|03|01|00|xx|xx|1|0|0|0|00
DBG|1|0|0a|2|01|03|01|00|xx|xx|1|0|0|0|00
DBG|1|0|0b|c|01|03|01|00|xx|xx|1|0|0|0|00
DBG|1|0|0d|a|01|03|01|00|xx|xx|1|0|0|0|00
DBG|1|0|0f|c|02|03|01|00|xx|xx|1|0|0|0|00
DBG|1|0|11|b|02|02|01|00|xx|xx|1|0|0|0|00
DBG|1|0|13|1|01|02|01|00|xx|xx|1|0|0|0|00
DBG|1|0|14|e|ff|02|01|00|xx|xx|1|0|0|0|00
DBG|1|0|04|a|ff|02|01|00|xx|xx|1|0|0|0|00
DBG|1|0|06|c|03|02|01|00|xx|xx|1|0|0|0|00
DBG|1|0|08|b|03|03|01|00|xx|xx|1|0|0|0|00
DBG|1|0|0a|2|01|03|01|00|xx|xx|1|0|0|0|00
DBG|1|0|0b|c|01|03|01|00|xx|xx|1|0|0|0|00
DBG|1|0|0d|a|01|03|01|00|xx|xx|1|0|0|0|00
DBG|1|0|0f|c|02|03|01|00|xx|xx|1|0|0|0|00
DBG|1|0|11|b|02|02|01|00|xx|xx|1|0|0|0|00
DBG|1|0|13|1|01|02|01|00|xx|xx|1|0|0|0|00
DBG|1|0|14|e|ff|02|01|00|xx|xx|1|0|0|0|00
DBG|1|0|04|a|ff|02|01|00|xx|xx|1|0|0|0|00
DBG|1|0|06|c|03|02|01|00|xx|xx|1|0|0|0|00
DBG|1|0|08|b|03|03|01|00|xx|xx|1|0|0|0|00
DBG|1|0|0a|2|01|03|01|00|xx|xx|1|0|0|0|00
DBG|1|0|0b|c|01|03|01|00|xx|xx|1|0|0|0|00
DBG|1|0|0d|a|01|03|01|00|xx|xx|1|0|0|0|00
DBG|1|0|0f|c|02|03|01|00|xx|xx|1|0|0|0|00
DBG|1|0|11|b|02|02|01|00|xx|xx|1|0|0|0|00
DBG|1|0|13|1|01|02|01|00|xx|xx|1|0|0|0|00
DBG|1|0|14|e|ff|02|01|00|xx|xx|1|0|0|0|00
DBG|1|0|04|a|ff|02|01|00|xx|xx|1|0|0|0|00
DBG|1|0|06|c|03|02|01|00|xx|xx|1|0|0|0|00
DBG|1|0|08|b|03|03|01|00|xx|xx|1|0|0|0|00
DBG|1|0|0a|2|01|03|01|00|xx|xx|1|0|0|0|00
DBG|1|0|0b|c|01|03|01|00|xx|xx|1|0|0|0|00
DBG|1|0|0d|a|01|03|01|00|xx|xx|1|0|0|0|00
DBG|1|0|0f|c|02|03|01|00|xx|xx|1|0|0|0|00
DBG|1|0|11|b|02|02|01|00|xx|xx|1|0|0|0|00
DBG|1|0|13|1|01|02|01|00|xx|xx|1|0|0|0|00
DBG|1|0|14|e|ff|02|01|00|xx|xx|1|0|0|0|00
DBG|1|0|04|a|ff|02|01|00|xx|xx|1|0|0|0|00
DBG|1|0|06|c|03|02|01|00|xx|xx|1|0|0|0|00
DBG|1|0|08|b|03|03|01|00|xx|xx|1|0|0|0|00
DBG|1|0|0a|2|01|03|01|00|xx|xx|1|0|0|0|00
DBG|1|0|0b|c|01|03|01|00|xx|xx|1|0|0|0|00
DBG|1|0|0d|a|01|03|01|00|xx|xx|1|0|0|0|00
DBG|1|0|0f|c|02|03|01|00|xx|xx|1|0|0|0|00
DBG|1|0|11|b|02|02|01|00|xx|xx|1|0|0|0|00
DBG|1|0|13|1|01|02|01|00|xx|xx|1|0|0|0|00
DBG|1|0|14|e|ff|02|01|00|xx|xx|1|0|0|0|00
DBG|1|0|04|a|ff|02|01|00|xx|xx|1|0|0|0|00
DBG|1|0|06|c|03|02|01|00|xx|xx|1|0|0|0|00
DBG|1|0|08|b|03|03|01|00|xx|xx|1|0|0|0|00
DBG|1|0|0a|2|01|03|01|00|xx|xx|1|0|0|0|00
DBG|1|0|0b|c|01|03|01|00|xx|xx|1|0|0|0|00
DBG|1|0|0d|a|01|03|01|00|xx|xx|1|0|0|0|00
DBG|1|0|0f|c|02|03|01|00|xx|xx|1|0|0|0|00
DBG|1|0|11|b|02|02|01|00|xx|xx|1|0|0|0|00
DBG|1|0|13|1|01|02|01|00|xx|xx|1|0|0|0|00
DBG|1|0|14|e|ff|02|01|00|xx|xx|1|0|0|0|00
DBG|1|0|04|a|ff|02|01|00|xx|xx|1|0|0|0|00
DBG|1|0|06|c|03|02|01|00|xx|xx|1|0|0|0|00
DBG|1|0|08|b|03|03|01|00|xx|xx|1|0|0|0|00
DBG|1|0|0a|2|01|03|01|00|xx|xx|1|0|0|0|00
DBG|1|0|0b|c|01|03|01|00|xx|xx|1|0|0|0|00
DBG|1|0|0d|a|01|03|01|00|xx|xx|1|0|0|0|00
DBG|1|0|0f|c|02|03|01|00|xx|xx|1|0|0|0|00
DBG|1|0|11|b|02|02|01|00|xx|xx|1|0|0|0|00
DBG|1|0|13|1|01|02|01|00|xx|xx|1|0|0|0|00
DBG|1|0|14|e|ff|02|01|00|xx|xx|1|0|0|0|00
DBG|1|0|04|a|ff|02|01|00|xx|xx|1|0|0|0|00
DBG|1|0|06|c|03|02|01|00|xx|xx|1|0|0|0|00
DBG|1|0|08|b|03|03|01|00|xx|xx|1|0|0|0|00
DBG|1|0|0a|2|01|03|01|00|xx|xx|1|0|0|0|00
DBG|1|0|0b|c|01|03|01|00|xx|xx|1|0|0|0|00
DBG|1|0|0d|a|01|03|01|00|xx|xx|1|0|0|0|00
DBG|1|0|0f|c|02|03|01|00|xx|xx|1|0|0|0|00
DBG|1|0|11|b|02|02|01|00|xx|xx|1|0|0|0|00
DBG|1|0|13|1|01|02|01|00|xx|xx|1|0|0|0|00
DBG|1|0|14|e|ff|02|01|00|xx|xx|1|0|0|0|00
DBG|1|0|04|a|ff|02|01|00|xx|xx|1|0|0|0|00
DBG|1|0|06|c|03|02|01|00|xx|xx|1|0|0|0|00
DBG|1|0|08|b|03|03|01|00|xx|xx|1|0|0|0|00
DBG|1|0|0a|2|01|03|01|00|xx|xx|1|0|0|0|00
DBG|1|0|0b|c|01|03|01|00|xx|xx|1|0|0|0|00
DBG|1|0|0d|a|01|03|01|00|xx|xx|1|0|0|0|00
DBG|1|0|0f|c|02|03|01|00|xx|xx|1|0|0|0|00
DBG|1|0|11|b|02|02|01|00|xx|xx|1|0|0|0|00
DBG|1|0|13|1|01|02|01|00|xx|xx|1|0|0|0|00
DBG|1|0|14|e|ff|02|01|00|xx|xx|1|0|0|0|00
DBG|1|0|04|a|ff|02|01|00|xx|xx|1|0|0|0|00
DBG|1|0|06|c|03|02|01|00|xx|xx|1|0|0|0|00
DBG|1|0|08|b|03|03|01|00|xx|xx|1|0|0|0|00
DBG|1|0|0a|2|01|03|01|00|xx|xx|1|0|0|0|00
DBG|1|0|0b|c|01|03|01|00|xx|xx|1|0|0|0|00
DBG|1|0|0d|a|01|03|01|00|xx|xx|1|0|0|0|00
DBG|1|0|0f|c|02|03|01|00|xx|xx|1|0|0|0|00
DBG|1|0|11|b|02|02|01|00|xx|xx|1|0|0|0|00
DBG|1|0|13|1|01|02|01|00|xx|xx|1|0|0|0|00
DBG|1|0|14|e|ff|02|01|00|xx|xx|1|0|0|0|00
DBG|1|0|04|a|ff|02|01|00|xx|xx|1|0|0|0|00
DBG|1|0|06|c|03|02|01|00|xx|xx|1|0|0|0|00
DBG|1|0|08|b|03|03|01|00|xx|xx|1|0|0|0|00
DBG|1|0|0a|2|01|03|01|00|xx|xx|1|0|0|0|00
DBG|1|0|0b|c|01|03|01|00|xx|xx|1|0|0|0|00
DBG|1|0|0d|a|01|03|01|00|xx|xx|1|0|0|0|00
DBG|1|0|0f|c|02|03|01|00|xx|xx|1|0|0|0|00
DBG|1|0|11|b|02|02|01|00|xx|xx|1|0|0|0|00
DBG|1|0|13|1|01|02|01|00|xx|xx|1|0|0|0|00
DBG|1|0|14|e|ff|02|01|00|xx|xx|1|0|0|0|00
DBG|1|0|04|a|ff|02|01|00|xx|xx|1|0|0|0|00
DBG|1|0|06|c|03|02|01|00|xx|xx|1|0|0|0|00
DBG|1|0|08|b|03|03|01|00|xx|xx|1|0|0|0|00
DBG|1|0|0a|2|01|03|01|00|xx|xx|1|0|0|0|00
DBG|1|0|0b|c|01|03|01|00|xx|xx|1|0|0|0|00
DBG|1|0|0d|a|01|03|01|00|xx|xx|1|0|0|0|00
DBG|1|0|0f|c|02|03|01|00|xx|xx|1|0|0|0|00
DBG|1|0|11|b|02|02|01|00|xx|xx|1|0|0|0|00
DBG|1|0|13|1|01|02|01|00|xx|xx|1|0|0|0|00
DBG|1|0|14|e|ff|02|01|00|xx|xx|1|0|0|0|00
DBG|1|0|04|a|ff|02|01|00|xx|xx|1|0|0|0|00
DBG|1|0|06|c|03|02|01|00|xx|xx|1|0|0|0|00
DBG|1|0|08|b|03|03|01|00|xx|xx|1|0|0|0|00
DBG|1|0|0a|2|01|03|01|00|xx|xx|1|0|0|0|00
DBG|1|0|0b|c|01|03|01|00|xx|xx|1|0|0|0|00
DBG|1|0|0d|a|01|03|01|00|xx|xx|1|0|0|0|00
DBG|1|0|0f|c|02|03|01|00|xx|xx|1|0|0|0|00
DBG|1|0|11|b|02|02|01|00|xx|xx|1|0|0|0|00
DBG|1|0|13|1|01|02|01|00|xx|xx|1|0|0|0|00
DBG|1|0|14|e|ff|02|01|00|xx|xx|1|0|0|0|00
DBG|1|0|04|a|ff|02|01|00|xx|xx|1|0|0|0|00
DBG|1|0|06|c|03|02|01|00|xx|xx|1|0|0|0|00
DBG|1|0|08|b|03|03|01|00|xx|xx|1|0|0|0|00
DBG|1|0|0a|2|01|03|01|00|xx|xx|1|0|0|0|00
DBG|1|0|0b|c|01|03|01|00|xx|xx|1|0|0|0|00
DBG|1|0|0d|a|01|03|01|00|xx|xx|1|0|0|0|00
DBG|1|0|0f|c|02|03|01|00|xx|xx|1|0|0|0|00
DBG|1|0|11|b|02|02|01|00|xx|xx|1|0|0|0|00
DBG|1|0|13|1|01|02|01|00|xx|xx|1|0|0|0|00
DBG|1|0|14|e|ff|02|01|00|xx|xx|1|0|0|0|00
DBG|1|0|04|a|ff|02|01|00|xx|xx|1|0|0|0|00
DBG|1|0|06|c|03|02|01|00|xx|xx|1|0|0|0|00
DBG|1|0|08|b|03|03|01|00|xx|xx|1|0|0|0|00
DBG|1|0|0a|2|01|03|01|00|xx|xx|1|0|0|0|00
DBG|1|0|0b|c|01|03|01|00|xx|xx|1|0|0|0|00
DBG|1|0|0d|a|01|03|01|00|xx|xx|1|0|0|0|00
DBG|1|0|0f|c|02|03|01|00|xx|xx|1|0|0|0|00
DBG|1|0|11|b|02|02|01|00|xx|xx|1|0|0|0|00
DBG|1|0|13|1|01|02|01|00|xx|xx|1|0|0|0|00
DBG|1|0|14|e|ff|02|01|00|xx|xx|1|0|0|0|00
DBG|1|0|04|a|ff|02|01|00|xx|xx|1|0|0|0|00
DBG|1|0|06|c|03|02|01|00|xx|xx|1|0|0|0|00
DBG|1|0|08|b|03|03|01|00|xx|xx|1|0|0|0|00
DBG|1|0|0a|2|01|03|01|00|xx|xx|1|0|0|0|00
DBG|1|0|0b|c|01|03|01|00|xx|xx|1|0|0|0|00
DBG|1|0|0d|a|01|03|01|00|xx|xx|1|0|0|0|00
DBG|1|0|0f|c|02|03|01|00|xx|xx|1|0|0|0|00
DBG|1|0|11|b|02|02|01|00|xx|xx|1|0|0|0|00
DBG|1|0|13|1|01|02|01|00|xx|xx|1|0|0|0|00
DBG|1|0|14|e|ff|02|01|00|xx|xx|1|0|0|0|00
DBG|1|0|04|a|ff|02|01|00|xx|xx|1|0|0|0|00
DBG|1|0|06|c|03|02|01|00|xx|xx|1|0|0|0|00
DBG|1|0|08|b|03|03|01|00|xx|xx|1|0|0|0|00
DBG|1|0|0a|2|01|03|01|00|xx|xx|1|0|0|0|00
DBG|1|0|0b|c|01|03|01|00|xx|xx|1|0|0|0|00
DBG|1|0|0d|a|01|03|01|00|xx|xx|1|0|0|0|00
DBG|1|0|0f|c|02|03|01|00|xx|xx|1|0|0|0|00
DBG|1|0|11|b|02|02|01|00|xx|xx|1|0|0|0|00
DBG|1|0|13|1|01|02|01|00|xx|xx|1|0|0|0|00
DBG|1|0|14|e|ff|02|01|00|xx|xx|1|0|0|0|00
DBG|1|0|04|a|ff|02|01|00|xx|xx|1|0|0|0|00
DBG|1|0|06|c|03|02|01|00|xx|xx|1|0|0|0|00
DBG|1|0|08|b|03|03|01|00|xx|xx|1|0|0|0|00
DBG|1|0|0a|2|01|03|01|00|xx|xx|1|0|0|0|00
DBG|1|0|0b|c|01|03|01|00|xx|xx|1|0|0|0|00
DBG|1|0|0d|a|01|03|01|00|xx|xx|1|0|0|0|00
DBG|1|0|0f|c|02|03|01|00|xx|xx|1|0|0|0|00
DBG|1|0|11|b|02|02|01|00|xx|xx|1|0|0|0|00
DBG|1|0|13|1|01|02|01|00|xx|xx|1|0|0|0|00
DBG|1|0|14|e|ff|02|01|00|xx|xx|1|0|0|0|00
DBG|1|0|04|a|ff|02|01|00|xx|xx|1|0|0|0|00
DBG|1|0|06|c|03|02|01|00|xx|xx|1|0|0|0|00
DBG|1|0|08|b|03|03|01|00|xx|xx|1|0|0|0|00
DBG|1|0|0a|2|01|03|01|00|xx|xx|1|0|0|0|00
DBG|1|0|0b|c|01|03|01|00|xx|xx|1|0|0|0|00
DBG|1|0|0d|a|01|03|01|00|xx|xx|1|0|0|0|00
DBG|1|0|0f|c|02|03|01|00|xx|xx|1|0|0|0|00
DBG|1|0|11|b|02|02|01|00|xx|xx|1|0|0|0|00
DBG|1|0|13|1|01|02|01|00|xx|xx|1|0|0|0|00
DBG|1|0|14|e|ff|02|01|00|xx|xx|1|0|0|0|00
DBG|1|0|04|a|ff|02|01|00|xx|xx|1|0|0|0|00
DBG|1|0|06|c|03|02|01|00|xx|xx|1|0|0|0|00
DBG|1|0|08|b|03|03|01|00|xx|xx|1|0|0|0|00
DBG|1|0|0a|2|01|03|01|00|xx|xx|1|0|0|0|00
DBG|1|0|0b|c|01|03|01|00|xx|xx|1|0|0|0|00
DBG|1|0|0d|a|01|03|01|00|xx|xx|1|0|0|0|00
DBG|1|0|0f|c|02|03|01|00|xx|xx|1|0|0|0|00
DBG|1|0|11|b|02|02|01|00|xx|xx|1|0|0|0|00
DBG|1|0|13|1|01|02|01|00|xx|xx|1|0|0|0|00
DBG|1|0|14|e|ff|02|01|00|xx|xx|1|0|0|0|00
DBG|1|0|04|a|ff|02|01|00|xx|xx|1|0|0|0|00
DBG|1|0|06|c|03|02|01|00|xx|xx|1|0|0|0|00
DBG|1|0|08|b|03|03|01|00|xx|xx|1|0|0|0|00
DBG|1|0|0a|2|01|03|01|00|xx|xx|1|0|0|0|00
DBG|1|0|0b|c|01|03|01|00|xx|xx|1|0|0|0|00
DBG|1|0|0d|a|01|03|01|00|xx|xx|1|0|0|0|00
DBG|1|0|0f|c|02|03|01|00|xx|xx|1|0|0|0|00
DBG|1|0|11|b|02|02|01|00|xx|xx|1|0|0|0|00
DBG|1|0|13|1|01|02|01|00|xx|xx|1|0|0|0|00
DBG|1|0|14|e|ff|02|01|00|xx|xx|1|0|0|0|00
DBG|1|0|04|a|ff|02|01|00|xx|xx|1|0|0|0|00
DBG|1|0|06|c|03|02|01|00|xx|xx|1|0|0|0|00
DBG|1|0|08|b|03|03|01|00|xx|xx|1|0|0|0|00
DBG|1|0|0a|2|01|03|01|00|xx|xx|1|0|0|0|00
DBG|1|0|0b|c|01|03|01|00|xx|xx|1|0|0|0|00
DBG|1|0|0d|a|01|03|01|00|xx|xx|1|0|0|0|00
DBG|1|0|0f|c|02|03|01|00|xx|xx|1|0|0|0|00
DBG|1|0|11|b|02|02|01|00|xx|xx|1|0|0|0|00
DBG|1|0|13|1|01|02|01|00|xx|xx|1|0|0|0|00
DBG|1|0|14|e|ff|02|01|00|xx|xx|1|0|0|0|00
DBG|1|0|04|a|ff|02|01|00|xx|xx|1|0|0|0|00
DBG|1|0|06|c|03|02|01|00|xx|xx|1|0|0|0|00
DBG|1|0|08|b|03|03|01|00|xx|xx|1|0|0|0|00
DBG|1|0|0a|2|01|03|01|00|xx|xx|1|0|0|0|00
DBG|1|0|0b|c|01|03|01|00|xx|xx|1|0|0|0|00
DBG|1|0|0d|a|01|03|01|00|xx|xx|1|0|0|0|00
DBG|1|0|0f|c|02|03|01|00|xx|xx|1|0|0|0|00
DBG|1|0|11|b|02|02|01|00|xx|xx|1|0|0|0|00
DBG|1|0|13|1|01|02|01|00|xx|xx|1|0|0|0|00
DBG|1|0|14|e|ff|02|01|00|xx|xx|1|0|0|0|00
DBG|1|0|04|a|ff|02|01|00|xx|xx|1|0|0|0|00
DBG|1|0|06|c|03|02|01|00|xx|xx|1|0|0|0|00
DBG|1|0|08|b|03|03|01|00|xx|xx|1|0|0|0|00
DBG|1|0|0a|2|01|03|01|00|xx|xx|1|0|0|0|00
DBG|1|0|0b|c|01|03|01|00|xx|xx|1|0|0|0|00
DBG|1|0|0d|a|01|03|01|00|xx|xx|1|0|0|0|00
DBG|1|0|0f|c|02|03|01|00|xx|xx|1|0|0|0|00
DBG|1|0|11|b|02|02|01|00|xx|xx|1|0|0|0|00
DBG|1|0|13|1|01|02|01|00|xx|xx|1|0|0|0|00
DBG|1|0|14|e|ff|02|01|00|xx|xx|1|0|0|0|00
DBG|1|0|04|a|ff|02|01|00|xx|xx|1|0|0|0|00
DBG|1|0|06|c|03|02|01|00|xx|xx|1|0|0|0|00
DBG|1|0|08|b|03|03|01|00|xx|xx|1|0|0|0|00
DBG|1|0|0a|2|01|03|01|00|xx|xx|1|0|0|0|00
DBG|1|0|0b|c|01|03|01|00|xx|xx|1|0|0|0|00
DBG|1|0|0d|a|01|03|01|00|xx|xx|1|0|0|0|00
DBG|1|0|0f|c|02|03|01|00|xx|xx|1|0|0|0|00
DBG|1|0|11|b|02|02|01|00|xx|xx|1|0|0|0|00
DBG|1|0|13|1|01|02|01|00|xx|xx|1|0|0|0|00
DBG|1|0|14|e|ff|02|01|00|xx|xx|1|0|0|0|00
DBG|1|0|04|a|ff|02|01|00|xx|xx|1|0|0|0|00
DBG|1|0|06|c|03|02|01|00|xx|xx|1|0|0|0|00
DBG|1|0|08|b|03|03|01|00|xx|xx|1|0|0|0|00
DBG|1|0|0a|2|01|03|01|00|xx|xx|1|0|0|0|00
DBG|1|0|0b|c|01|03|01|00|xx|xx|1|0|0|0|00
DBG|1|0|0d|a|01|03|01|00|xx|xx|1|0|0|0|00
DBG|1|0|0f|c|02|03|01|00|xx|xx|1|0|0|0|00
DBG|1|0|11|b|02|02|01|00|xx|xx|1|0|0|0|00
DBG|1|0|13|1|01|02|01|00|xx|xx|1|0|0|0|00
DBG|1|0|14|e|ff|02|01|00|xx|xx|1|0|0|0|00
DBG|1|0|04|a|ff|02|01|00|xx|xx|1|0|0|0|00
DBG|1|0|06|c|03|02|01|00|xx|xx|1|0|0|0|00
DBG|1|0|08|b|03|03|01|00|xx|xx|1|0|0|0|00
DBG|1|0|0a|2|01|03|01|00|xx|xx|1|0|0|0|00
DBG|1|0|0b|c|01|03|01|00|xx|xx|1|0|0|0|00
DBG|1|0|0d|a|01|03|01|00|xx|xx|1|0|0|0|00
DBG|1|0|0f|c|02|03|01|00|xx|xx|1|0|0|0|00
DBG|1|0|11|b|02|02|01|00|xx|xx|1|0|0|0|00
DBG|1|0|13|1|01|02|01|00|xx|xx|1|0|0|0|00
DBG|1|0|14|e|ff|02|01|00|xx|xx|1|0|0|0|00
DBG|1|0|04|a|ff|02|01|00|xx|xx|1|0|0|0|00
DBG|1|0|06|c|03|02|01|00|xx|xx|1|0|0|0|00
DBG|1|0|08|b|03|03|01|00|xx|xx|1|0|0|0|00
DBG|1|0|0a|2|01|03|01|00|xx|xx|1|0|0|0|00
DBG|1|0|0b|c|01|03|01|00|xx|xx|1|0|0|0|00
DBG|1|0|0d|a|01|03|01|00|xx|xx|1|0|0|0|00
DBG|1|0|0f|c|02|03|01|00|xx|xx|1|0|0|0|00
DBG|1|0|11|b|02|02|01|00|xx|xx|1|0|0|0|00
DBG|1|0|13|1|01|02|01|00|xx|xx|1|0|0|0|00
DBG|1|0|14|e|ff|02|01|00|xx|xx|1|0|0|0|00
DBG|1|0|04|a|ff|02|01|00|xx|xx|1|0|0|0|00
DBG|1|0|06|c|03|02|01|00|xx|xx|1|0|0|0|00
DBG|1|0|08|b|03|03|01|00|xx|xx|1|0|0|0|00
DBG|1|0|0a|2|01|03|01|00|xx|xx|1|0|0|0|00
DBG|1|0|0b|c|01|03|01|00|xx|xx|1|0|0|0|00
DBG|1|0|0d|a|01|03|01|00|xx|xx|1|0|0|0|00
DBG|1|0|0f|c|02|03|01|00|xx|xx|1|0|0|0|00
DBG|1|0|11|b|02|02|01|00|xx|xx|1|0|0|0|00
DBG|1|0|13|1|01|02|01|00|xx|xx|1|0|0|0|00
DBG|1|0|14|e|ff|02|01|00|xx|xx|1|0|0|0|00
DBG|1|0|04|a|ff|02|01|00|xx|xx|1|0|0|0|00
DBG|1|0|06|c|03|02|01|00|xx|xx|1|0|0|0|00
DBG|1|0|08|b|03|03|01|00|xx|xx|1|0|0|0|00
DBG|1|0|0a|2|01|03|01|00|xx|xx|1|0|0|0|00
DBG|1|0|0b|c|01|03|01|00|xx|xx|1|0|0|0|00
DBG|1|0|0d|a|01|03|01|00|xx|xx|1|0|0|0|00
DBG|1|0|0f|c|02|03|01|00|xx|xx|1|0|0|0|00
DBG|1|0|11|b|02|02|01|00|xx|xx|1|0|0|0|00
DBG|1|0|13|1|01|02|01|00|xx|xx|1|0|0|0|00
DBG|1|0|14|e|ff|02|01|00|xx|xx|1|0|0|0|00
DBG|1|0|04|a|ff|02|01|00|xx|xx|1|0|0|0|00
DBG|1|0|06|c|03|02|01|00|xx|xx|1|0|0|0|00
DBG|1|0|08|b|03|03|01|00|xx|xx|1|0|0|0|00
DBG|1|0|0a|2|01|03|01|00|xx|xx|1|0|0|0|00
DBG|1|0|0b|c|01|03|01|00|xx|xx|1|0|0|0|00
DBG|1|0|0d|a|01|03|01|00|xx|xx|1|0|0|0|00
DBG|1|0|0f|c|02|03|01|00|xx|xx|1|0|0|0|00
DBG|1|0|11|b|02|02|01|00|xx|xx|1|0|0|0|00
DBG|1|0|13|1|01|02|01|00|xx|xx|1|0|0|0|00
DBG|1|0|14|e|ff|02|01|00|xx|xx|1|0|0|0|00
DBG|1|0|04|a|ff|02|01|00|xx|xx|1|0|0|0|00
DBG|1|0|06|c|03|02|01|00|xx|xx|1|0|0|0|00
DBG|1|0|08|b|03|03|01|00|xx|xx|1|0|0|0|00
DBG|1|0|0a|2|01|03|01|00|xx|xx|1|0|0|0|00
DBG|1|0|0b|c|01|03|01|00|xx|xx|1|0|0|0|00
DBG|1|0|0d|a|01|03|01|00|xx|xx|1|0|0|0|00
DBG|1|0|0f|c|02|03|01|00|xx|xx|1|0|0|0|00
DBG|1|0|11|b|02|02|01|00|xx|xx|1|0|0|0|00
DBG|1|0|13|1|01|02|01|00|xx|xx|1|0|0|0|00
DBG|1|0|14|e|ff|02|01|00|xx|xx|1|0|0|0|00
DBG|1|0|04|a|ff|02|01|00|xx|xx|1|0|0|0|00
DBG|1|0|06|c|03|02|01|00|xx|xx|1|0|0|0|00
DBG|1|0|08|b|03|03|01|00|xx|xx|1|0|0|0|00
DBG|1|0|0a|2|01|03|01|00|xx|xx|1|0|0|0|00
DBG|1|0|0b|c|01|03|01|00|xx|xx|1|0|0|0|00
DBG|1|0|0d|a|01|03|01|00|xx|xx|1|0|0|0|00
DBG|1|0|0f|c|02|03|01|00|xx|xx|1|0|0|0|00
DBG|1|0|11|b|02|02|01|00|xx|xx|1|0|0|0|00
DBG|1|0|13|1|01|02|01|00|xx|xx|1|0|0|0|00
DBG|1|0|14|e|ff|02|01|00|xx|xx|1|0|0|0|00
DBG|1|0|04|a|ff|02|01|00|xx|xx|1|0|0|0|00
DBG|1|0|06|c|03|02|01|00|xx|xx|1|0|0|0|00
DBG|1|0|08|b|03|03|01|00|xx|xx|1|0|0|0|00
DBG|1|0|0a|2|01|03|01|00|xx|xx|1|0|0|0|00
DBG|1|0|0b|c|01|03|01|00|xx|xx|1|0|0|0|00
DBG|1|0|0d|a|01|03|01|00|xx|xx|1|0|0|0|00
DBG|1|0|0f|c|02|03|01|00|xx|xx|1|0|0|0|00
DBG|1|0|11|b|02|02|01|00|xx|xx|1|0|0|0|00
DBG|1|0|13|1|01|02|01|00|xx|xx|1|0|0|0|00
DBG|1|0|14|e|ff|02|01|00|xx|xx|1|0|0|0|00
DBG|1|0|04|a|ff|02|01|00|xx|xx|1|0|0|0|00
DBG|1|0|06|c|03|02|01|00|xx|xx|1|0|0|0|00
DBG|1|0|08|b|03|03|01|00|xx|xx|1|0|0|0|00
DBG|1|0|0a|2|01|03|01|00|xx|xx|1|0|0|0|00
DBG|1|0|0b|c|01|03|01|00|xx|xx|1|0|0|0|00
DBG|1|0|0d|a|01|03|01|00|xx|xx|1|0|0|0|00
DBG|1|0|0f|c|02|03|01|00|xx|xx|1|0|0|0|00
DBG|1|0|11|b|02|02|01|00|xx|xx|1|0|0|0|00
DBG|1|0|13|1|01|02|01|00|xx|xx|1|0|0|0|00
DBG|1|0|14|e|ff|02|01|00|xx|xx|1|0|0|0|00
DBG|1|0|04|a|ff|02|01|00|xx|xx|1|0|0|0|00
DBG|1|0|06|c|03|02|01|00|xx|xx|1|0|0|0|00
DBG|1|0|08|b|03|03|01|00|xx|xx|1|0|0|0|00
DBG|1|0|0a|2|01|03|01|00|xx|xx|1|0|0|0|00
DBG|1|0|0b|c|01|03|01|00|xx|xx|1|0|0|0|00
DBG|1|0|0d|a|01|03|01|00|xx|xx|1|0|0|0|00
DBG|1|0|0f|c|02|03|01|00|xx|xx|1|0|0|0|00
DBG|1|0|11|b|02|02|01|00|xx|xx|1|0|0|0|00
DBG|1|0|13|1|01|02|01|00|xx|xx|1|0|0|0|00
DBG|1|0|14|e|ff|02|01|00|xx|xx|1|0|0|0|00
DBG|1|0|04|a|ff|02|01|00|xx|xx|1|0|0|0|00
DBG|1|0|06|c|03|02|01|00|xx|xx|1|0|0|0|00
DBG|1|0|08|b|03|03|01|00|xx|xx|1|0|0|0|00
DBG|1|0|0a|2|01|03|01|00|xx|xx|1|0|0|0|00
DBG|1|0|0b|c|01|03|01|00|xx|xx|1|0|0|0|00
DBG|1|0|0d|a|01|03|01|00|xx|xx|1|0|0|0|00
DBG|1|0|0f|c|02|03|01|00|xx|xx|1|0|0|0|00
DBG|1|0|11|b|02|02|01|00|xx|xx|1|0|0|0|00
DBG|1|0|13|1|01|02|01|00|xx|xx|1|0|0|0|00
DBG|1|0|14|e|ff|02|01|00|xx|xx|1|0|0|0|00
DBG|1|0|04|a|ff|02|01|00|xx|xx|1|0|0|0|00
DBG|1|0|06|c|03|02|01|00|xx|xx|1|0|0|0|00
DBG|1|0|08|b|03|03|01|00|xx|xx|1|0|0|0|00
DBG|1|0|0a|2|01|03|01|00|xx|xx|1|0|0|0|00
DBG|1|0|0b|c|01|03|01|00|xx|xx|1|0|0|0|00
DBG|1|0|0d|a|01|03|01|00|xx|xx|1|0|0|0|00
DBG|1|0|0f|c|02|03|01|00|xx|xx|1|0|0|0|00
DBG|1|0|11|b|02|02|01|00|xx|xx|1|0|0|0|00
DBG|1|0|13|1|01|02|01|00|xx|xx|1|0|0|0|00
DBG|1|0|14|e|ff|02|01|00|xx|xx|1|0|0|0|00
DBG|1|0|04|a|ff|02|01|00|xx|xx|1|0|0|0|00
DBG|1|0|06|c|03|02|01|00|xx|xx|1|0|0|0|00
DBG|1|0|08|b|03|03|01|00|xx|xx|1|0|0|0|00
DBG|1|0|0a|2|01|03|01|00|xx|xx|1|0|0|0|00
DBG|1|0|0b|c|01|03|01|00|xx|xx|1|0|0|0|00
DBG|1|0|0d|a|01|03|01|00|xx|xx|1|0|0|0|00
DBG|1|0|0f|c|02|03|01|00|xx|xx|1|0|0|0|00
DBG|1|0|11|b|02|02|01|00|xx|xx|1|0|0|0|00
DBG|1|0|13|1|01|02|01|00|xx|xx|1|0|0|0|00
DBG|1|0|14|e|ff|02|01|00|xx|xx|1|0|0|0|00
DBG|1|0|04|a|ff|02|01|00|xx|xx|1|0|0|0|00
DBG|1|0|06|c|03|02|01|00|xx|xx|1|0|0|0|00
DBG|1|0|08|b|03|03|01|00|xx|xx|1|0|0|0|00
DBG|1|0|0a|2|01|03|01|00|xx|xx|1|0|0|0|00
DBG|1|0|0b|c|01|03|01|00|xx|xx|1|0|0|0|00
DBG|1|0|0d|a|01|03|01|00|xx|xx|1|0|0|0|00
DBG|1|0|0f|c|02|03|01|00|xx|xx|1|0|0|0|00
DBG|1|0|11|b|02|02|01|00|xx|xx|1|0|0|0|00
DBG|1|0|13|1|01|02|01|00|xx|xx|1|0|0|0|00
DBG|1|0|14|e|ff|02|01|00|xx|xx|1|0|0|0|00
DBG|1|0|04|a|ff|02|01|00|xx|xx|1|0|0|0|00
DBG|1|0|06|c|03|02|01|00|xx|xx|1|0|0|0|00
DBG|1|0|08|b|03|03|01|00|xx|xx|1|0|0|0|00
DBG|1|0|0a|2|01|03|01|00|xx|xx|1|0|0|0|00
DBG|1|0|0b|c|01|03|01|00|xx|xx|1|0|0|0|00
DBG|1|0|0d|a|01|03|01|00|xx|xx|1|0|0|0|00
DBG|1|0|0f|c|02|03|01|00|xx|xx|1|0|0|0|00
DBG|1|0|11|b|02|02|01|00|xx|xx|1|0|0|0|00
DBG|1|0|13|1|01|02|01|00|xx|xx|1|0|0|0|00
DBG|1|0|14|e|ff|02|01|00|xx|xx|1|0|0|0|00
DBG|1|0|04|a|ff|02|01|00|xx|xx|1|0|0|0|00
DBG|1|0|06|c|03|02|01|00|xx|xx|1|0|0|0|00
DBG|1|0|08|b|03|03|01|00|xx|xx|1|0|0|0|00
DBG|1|0|0a|2|01|03|01|00|xx|xx|1|0|0|0|00
DBG|1|0|0b|c|01|03|01|00|xx|xx|1|0|0|0|00
DBG|1|0|0d|a|01|03|01|00|xx|xx|1|0|0|0|00
DBG|1|0|0f|c|02|03|01|00|xx|xx|1|0|0|0|00
DBG|1|0|11|b|02|02|01|00|xx|xx|1|0|0|0|00
DBG|1|0|13|1|01|02|01|00|xx|xx|1|0|0|0|00
DBG|1|0|14|e|ff|02|01|00|xx|xx|1|0|0|0|00
DBG|1|0|04|a|ff|02|01|00|xx|xx|1|0|0|0|00
DBG|1|0|06|c|03|02|01|00|xx|xx|1|0|0|0|00
DBG|1|0|08|b|03|03|01|00|xx|xx|1|0|0|0|00
DBG|1|0|0a|2|01|03|01|00|xx|xx|1|0|0|0|00
DBG|1|0|0b|c|01|03|01|00|xx|xx|1|0|0|0|00
DBG|1|0|0d|a|01|03|01|00|xx|xx|1|0|0|0|00
DBG|1|0|0f|c|02|03|01|00|xx|xx|1|0|0|0|00
DBG|1|0|11|b|02|02|01|00|xx|xx|1|0|0|0|00
DBG|1|0|13|1|01|02|01|00|xx|xx|1|0|0|0|00
DBG|1|0|14|e|ff|02|01|00|xx|xx|1|0|0|0|00
DBG|1|0|04|a|ff|02|01|00|xx|xx|1|0|0|0|00
DBG|1|0|06|c|03|02|01|00|xx|xx|1|0|0|0|00
DBG|1|0|08|b|03|03|01|00|xx|xx|1|0|0|0|00
DBG|1|0|0a|2|01|03|01|00|xx|xx|1|0|0|0|00
DBG|1|0|0b|c|01|03|01|00|xx|xx|1|0|0|0|00
DBG|1|0|0d|a|01|03|01|00|xx|xx|1|0|0|0|00
DBG|1|0|0f|c|02|03|01|00|xx|xx|1|0|0|0|00
DBG|1|0|11|b|02|02|01|00|xx|xx|1|0|0|0|00
DBG|1|0|13|1|01|02|01|00|xx|xx|1|0|0|0|00
DBG|1|0|14|e|ff|02|01|00|xx|xx|1|0|0|0|00
DBG|1|0|04|a|ff|02|01|00|xx|xx|1|0|0|0|00
DBG|1|0|06|c|03|02|01|00|xx|xx|1|0|0|0|00
DBG|1|0|08|b|03|03|01|00|xx|xx|1|0|0|0|00
DBG|1|0|0a|2|01|03|01|00|xx|xx|1|0|0|0|00
DBG|1|0|0b|c|01|03|01|00|xx|xx|1|0|0|0|00
DBG|1|0|0d|a|01|03|01|00|xx|xx|1|0|0|0|00
DBG|1|0|0f|c|02|03|01|00|xx|xx|1|0|0|0|00
DBG|1|0|11|b|02|02|01|00|xx|xx|1|0|0|0|00
DBG|1|0|13|1|01|02|01|00|xx|xx|1|0|0|0|00
DBG|1|0|14|e|ff|02|01|00|xx|xx|1|0|0|0|00
DBG|1|0|04|a|ff|02|01|00|xx|xx|1|0|0|0|00
DBG|1|0|06|c|03|02|01|00|xx|xx|1|0|0|0|00
DBG|1|0|08|b|03|03|01|00|xx|xx|1|0|0|0|00
DBG|1|0|0a|2|01|03|01|00|xx|xx|1|0|0|0|00
DBG|1|0|0b|c|01|03|01|00|xx|xx|1|0|0|0|00
DBG|1|0|0d|a|01|03|01|00|xx|xx|1|0|0|0|00
DBG|1|0|0f|c|02|03|01|00|xx|xx|1|0|0|0|00
DBG|1|0|11|b|02|02|01|00|xx|xx|1|0|0|0|00
DBG|1|0|13|1|01|02|01|00|xx|xx|1|0|0|0|00
DBG|1|0|14|e|ff|02|01|00|xx|xx|1|0|0|0|00
DBG|1|0|04|a|ff|02|01|00|xx|xx|1|0|0|0|00
DBG|1|0|06|c|03|02|01|00|xx|xx|1|0|0|0|00
DBG|1|0|08|b|03|03|01|00|xx|xx|1|0|0|0|00
DBG|1|0|0a|2|01|03|01|00|xx|xx|1|0|0|0|00
DBG|1|0|0b|c|01|03|01|00|xx|xx|1|0|0|0|00
DBG|1|0|0d|a|01|03|01|00|xx|xx|1|0|0|0|00
DBG|1|0|0f|c|02|03|01|00|xx|xx|1|0|0|0|00
DBG|1|0|11|b|02|02|01|00|xx|xx|1|0|0|0|00
DBG|1|0|13|1|01|02|01|00|xx|xx|1|0|0|0|00
DBG|1|0|14|e|ff|02|01|00|xx|xx|1|0|0|0|00
DBG|1|0|04|a|ff|02|01|00|xx|xx|1|0|0|0|00
DBG|1|0|06|c|03|02|01|00|xx|xx|1|0|0|0|00
DBG|1|0|08|b|03|03|01|00|xx|xx|1|0|0|0|00
DBG|1|0|0a|2|01|03|01|00|xx|xx|1|0|0|0|00
DBG|1|0|0b|c|01|03|01|00|xx|xx|1|0|0|0|00
DBG|1|0|0d|a|01|03|01|00|xx|xx|1|0|0|0|00
DBG|1|0|0f|c|02|03|01|00|xx|xx|1|0|0|0|00
DBG|1|0|11|b|02|02|01|00|xx|xx|1|0|0|0|00
DBG|1|0|13|1|01|02|01|00|xx|xx|1|0|0|0|00
DBG|1|0|14|e|ff|02|01|00|xx|xx|1|0|0|0|00
DBG|1|0|04|a|ff|02|01|00|xx|xx|1|0|0|0|00
DBG|1|0|06|c|03|02|01|00|xx|xx|1|0|0|0|00
DBG|1|0|08|b|03|03|01|00|xx|xx|1|0|0|0|00
DBG|1|0|0a|2|01|03|01|00|xx|xx|1|0|0|0|00
DBG|1|0|0b|c|01|03|01|00|xx|xx|1|0|0|0|00
DBG|1|0|0d|a|01|03|01|00|xx|xx|1|0|0|0|00
DBG|1|0|0f|c|02|03|01|00|xx|xx|1|0|0|0|00
DBG|1|0|11|b|02|02|01|00|xx|xx|1|0|0|0|00
DBG|1|0|13|1|01|02|01|00|xx|xx|1|0|0|0|00
DBG|1|0|14|e|ff|02|01|00|xx|xx|1|0|0|0|00
DBG|1|0|04|a|ff|02|01|00|xx|xx|1|0|0|0|00
DBG|1|0|06|c|03|02|01|00|xx|xx|1|0|0|0|00
DBG|1|0|08|b|03|03|01|00|xx|xx|1|0|0|0|00
DBG|1|0|0a|2|01|03|01|00|xx|xx|1|0|0|0|00
DBG|1|0|0b|c|01|03|01|00|xx|xx|1|0|0|0|00
DBG|1|0|0d|a|01|03|01|00|xx|xx|1|0|0|0|00
DBG|1|0|0f|c|02|03|01|00|xx|xx|1|0|0|0|00
DBG|1|0|11|b|02|02|01|00|xx|xx|1|0|0|0|00
DBG|1|0|13|1|01|02|01|00|xx|xx|1|0|0|0|00
DBG|1|0|14|e|ff|02|01|00|xx|xx|1|0|0|0|00
DBG|1|0|04|a|ff|02|01|00|xx|xx|1|0|0|0|00
DBG|1|0|06|c|03|02|01|00|xx|xx|1|0|0|0|00
DBG|1|0|08|b|03|03|01|00|xx|xx|1|0|0|0|00
DBG|1|0|0a|2|01|03|01|00|xx|xx|1|0|0|0|00
DBG|1|0|0b|c|01|03|01|00|xx|xx|1|0|0|0|00
DBG|1|0|0d|a|01|03|01|00|xx|xx|1|0|0|0|00
DBG|1|0|0f|c|02|03|01|00|xx|xx|1|0|0|0|00
DBG|1|0|11|b|02|02|01|00|xx|xx|1|0|0|0|00
DBG|1|0|13|1|01|02|01|00|xx|xx|1|0|0|0|00
DBG|1|0|14|e|ff|02|01|00|xx|xx|1|0|0|0|00
DBG|1|0|04|a|ff|02|01|00|xx|xx|1|0|0|0|00
DBG|1|0|06|c|03|02|01|00|xx|xx|1|0|0|0|00
DBG|1|0|08|b|03|03|01|00|xx|xx|1|0|0|0|00
DBG|1|0|0a|2|01|03|01|00|xx|xx|1|0|0|0|00
DBG|1|0|0b|c|01|03|01|00|xx|xx|1|0|0|0|00
DBG|1|0|0d|a|01|03|01|00|xx|xx|1|0|0|0|00
DBG|1|0|0f|c|02|03|01|00|xx|xx|1|0|0|0|00
DBG|1|0|11|b|02|02|01|00|xx|xx|1|0|0|0|00
DBG|1|0|13|1|01|02|01|00|xx|xx|1|0|0|0|00
DBG|1|0|14|e|ff|02|01|00|xx|xx|1|0|0|0|00
DBG|1|0|04|a|ff|02|01|00|xx|xx|1|0|0|0|00
DBG|1|0|06|c|03|02|01|00|xx|xx|1|0|0|0|00
DBG|1|0|08|b|03|03|01|00|xx|xx|1|0|0|0|00
DBG|1|0|0a|2|01|03|01|00|xx|xx|1|0|0|0|00
DBG|1|0|0b|c|01|03|01|00|xx|xx|1|0|0|0|00
DBG|1|0|0d|a|01|03|01|00|xx|xx|1|0|0|0|00
DBG|1|0|0f|c|02|03|01|00|xx|xx|1|0|0|0|00
DBG|1|0|11|b|02|02|01|00|xx|xx|1|0|0|0|00
DBG|1|0|13|1|01|02|01|00|xx|xx|1|0|0|0|00
DBG|1|0|14|e|ff|02|01|00|xx|xx|1|0|0|0|00
DBG|1|0|04|a|ff|02|01|00|xx|xx|1|0|0|0|00
DBG|1|0|06|c|03|02|01|00|xx|xx|1|0|0|0|00
DBG|1|0|08|b|03|03|01|00|xx|xx|1|0|0|0|00
DBG|1|0|0a|2|01|03|01|00|xx|xx|1|0|0|0|00
DBG|1|0|0b|c|01|03|01|00|xx|xx|1|0|0|0|00
DBG|1|0|0d|a|01|03|01|00|xx|xx|1|0|0|0|00
DBG|1|0|0f|c|02|03|01|00|xx|xx|1|0|0|0|00
DBG|1|0|11|b|02|02|01|00|xx|xx|1|0|0|0|00
DBG|1|0|13|1|01|02|01|00|xx|xx|1|0|0|0|00
DBG|1|0|14|e|ff|02|01|00|xx|xx|1|0|0|0|00
DBG|1|0|04|a|ff|02|01|00|xx|xx|1|0|0|0|00
DBG|1|0|06|c|03|02|01|00|xx|xx|1|0|0|0|00
DBG|1|0|08|b|03|03|01|00|xx|xx|1|0|0|0|00
DBG|1|0|0a|2|01|03|01|00|xx|xx|1|0|0|0|00
DBG|1|0|0b|c|01|03|01|00|xx|xx|1|0|0|0|00
DBG|1|0|0d|a|01|03|01|00|xx|xx|1|0|0|0|00
DBG|1|0|0f|c|02|03|01|00|xx|xx|1|0|0|0|00
DBG|1|0|11|b|02|02|01|00|xx|xx|1|0|0|0|00
DBG|1|0|13|1|01|02|01|00|xx|xx|1|0|0|0|00
DBG|1|0|14|e|ff|02|01|00|xx|xx|1|0|0|0|00
DBG|1|0|04|a|ff|02|01|00|xx|xx|1|0|0|0|00
DBG|1|0|06|c|03|02|01|00|xx|xx|1|0|0|0|00
DBG|1|0|08|b|03|03|01|00|xx|xx|1|0|0|0|00
DBG|1|0|0a|2|01|03|01|00|xx|xx|1|0|0|0|00
DBG|1|0|0b|c|01|03|01|00|xx|xx|1|0|0|0|00
DBG|1|0|0d|a|01|03|01|00|xx|xx|1|0|0|0|00
DBG|1|0|0f|c|02|03|01|00|xx|xx|1|0|0|0|00
DBG|1|0|11|b|02|02|01|00|xx|xx|1|0|0|0|00
DBG|1|0|13|1|01|02|01|00|xx|xx|1|0|0|0|00
DBG|1|0|14|e|ff|02|01|00|xx|xx|1|0|0|0|00
DBG|1|0|04|a|ff|02|01|00|xx|xx|1|0|0|0|00
DBG|1|0|06|c|03|02|01|00|xx|xx|1|0|0|0|00
DBG|1|0|08|b|03|03|01|00|xx|xx|1|0|0|0|00
DBG|1|0|0a|2|01|03|01|00|xx|xx|1|0|0|0|00
DBG|1|0|0b|c|01|03|01|00|xx|xx|1|0|0|0|00
DBG|1|0|0d|a|01|03|01|00|xx|xx|1|0|0|0|00
DBG|1|0|0f|c|02|03|01|00|xx|xx|1|0|0|0|00
DBG|1|0|11|b|02|02|01|00|xx|xx|1|0|0|0|00
DBG|1|0|13|1|01|02|01|00|xx|xx|1|0|0|0|00
DBG|1|0|14|e|ff|02|01|00|xx|xx|1|0|0|0|00
DBG|1|0|04|a|ff|02|01|00|xx|xx|1|0|0|0|00
DBG|1|0|06|c|03|02|01|00|xx|xx|1|0|0|0|00
DBG|1|0|08|b|03|03|01|00|xx|xx|1|0|0|0|00
DBG|1|0|0a|2|01|03|01|00|xx|xx|1|0|0|0|00
DBG|1|0|0b|c|01|03|01|00|xx|xx|1|0|0|0|00
DBG|1|0|0d|a|01|03|01|00|xx|xx|1|0|0|0|00
DBG|1|0|0f|c|02|03|01|00|xx|xx|1|0|0|0|00
DBG|1|0|11|b|02|02|01|00|xx|xx|1|0|0|0|00
DBG|1|0|13|1|01|02|01|00|xx|xx|1|0|0|0|00
DBG|1|0|14|e|ff|02|01|00|xx|xx|1|0|0|0|00
DBG|1|0|04|a|ff|02|01|00|xx|xx|1|0|0|0|00
DBG|1|0|06|c|03|02|01|00|xx|xx|1|0|0|0|00
DBG|1|0|08|b|03|03|01|00|xx|xx|1|0|0|0|00
DBG|1|0|0a|2|01|03|01|00|xx|xx|1|0|0|0|00
DBG|1|0|0b|c|01|03|01|00|xx|xx|1|0|0|0|00
DBG|1|0|0d|a|01|03|01|00|xx|xx|1|0|0|0|00
DBG|1|0|0f|c|02|03|01|00|xx|xx|1|0|0|0|00
DBG|1|0|11|b|02|02|01|00|xx|xx|1|0|0|0|00
DBG|1|0|13|1|01|02|01|00|xx|xx|1|0|0|0|00
DBG|1|0|14|e|ff|02|01|00|xx|xx|1|0|0|0|00
DBG|1|0|04|a|ff|02|01|00|xx|xx|1|0|0|0|00
DBG|1|0|06|c|03|02|01|00|xx|xx|1|0|0|0|00
DBG|1|0|08|b|03|03|01|00|xx|xx|1|0|0|0|00
DBG|1|0|0a|2|01|03|01|00|xx|xx|1|0|0|0|00
DBG|1|0|0b|c|01|03|01|00|xx|xx|1|0|0|0|00
DBG|1|0|0d|a|01|03|01|00|xx|xx|1|0|0|0|00
DBG|1|0|0f|c|02|03|01|00|xx|xx|1|0|0|0|00
DBG|1|0|11|b|02|02|01|00|xx|xx|1|0|0|0|00
DBG|1|0|13|1|01|02|01|00|xx|xx|1|0|0|0|00
DBG|1|0|14|e|ff|02|01|00|xx|xx|1|0|0|0|00
DBG|1|0|04|a|ff|02|01|00|xx|xx|1|0|0|0|00
DBG|1|0|06|c|03|02|01|00|xx|xx|1|0|0|0|00
DBG|1|0|08|b|03|03|01|00|xx|xx|1|0|0|0|00
DBG|1|0|0a|2|01|03|01|00|xx|xx|1|0|0|0|00
DBG|1|0|0b|c|01|03|01|00|xx|xx|1|0|0|0|00
DBG|1|0|0d|a|01|03|01|00|xx|xx|1|0|0|0|00
DBG|1|0|0f|c|02|03|01|00|xx|xx|1|0|0|0|00
DBG|1|0|11|b|02|02|01|00|xx|xx|1|0|0|0|00
DBG|1|0|13|1|01|02|01|00|xx|xx|1|0|0|0|00
DBG|1|0|14|e|ff|02|01|00|xx|xx|1|0|0|0|00
DBG|1|0|04|a|ff|02|01|00|xx|xx|1|0|0|0|00
DBG|1|0|06|c|03|02|01|00|xx|xx|1|0|0|0|00
DBG|1|0|08|b|03|03|01|00|xx|xx|1|0|0|0|00
DBG|1|0|0a|2|01|03|01|00|xx|xx|1|0|0|0|00
DBG|1|0|0b|c|01|03|01|00|xx|xx|1|0|0|0|00
DBG|1|0|0d|a|01|03|01|00|xx|xx|1|0|0|0|00
DBG|1|0|0f|c|02|03|01|00|xx|xx|1|0|0|0|00
DBG|1|0|11|b|02|02|01|00|xx|xx|1|0|0|0|00
DBG|1|0|13|1|01|02|01|00|xx|xx|1|0|0|0|00
DBG|1|0|14|e|ff|02|01|00|xx|xx|1|0|0|0|00
DBG|1|0|04|a|ff|02|01|00|xx|xx|1|0|0|0|00
DBG|1|0|06|c|03|02|01|00|xx|xx|1|0|0|0|00
DBG|1|0|08|b|03|03|01|00|xx|xx|1|0|0|0|00
DBG|1|0|0a|2|01|03|01|00|xx|xx|1|0|0|0|00
DBG|1|0|0b|c|01|03|01|00|xx|xx|1|0|0|0|00
DBG|1|0|0d|a|01|03|01|00|xx|xx|1|0|0|0|00
DBG|1|0|0f|c|02|03|01|00|xx|xx|1|0|0|0|00
DBG|1|0|11|b|02|02|01|00|xx|xx|1|0|0|0|00
DBG|1|0|13|1|01|02|01|00|xx|xx|1|0|0|0|00
DBG|1|0|14|e|ff|02|01|00|xx|xx|1|0|0|0|00
DBG|1|0|04|a|ff|02|01|00|xx|xx|1|0|0|0|00
DBG|1|0|06|c|03|02|01|00|xx|xx|1|0|0|0|00
DBG|1|0|08|b|03|03|01|00|xx|xx|1|0|0|0|00
DBG|1|0|0a|2|01|03|01|00|xx|xx|1|0|0|0|00
DBG|1|0|0b|c|01|03|01|00|xx|xx|1|0|0|0|00
DBG|1|0|0d|a|01|03|01|00|xx|xx|1|0|0|0|00
DBG|1|0|0f|c|02|03|01|00|xx|xx|1|0|0|0|00
DBG|1|0|11|b|02|02|01|00|xx|xx|1|0|0|0|00
DBG|1|0|13|1|01|02|01|00|xx|xx|1|0|0|0|00
DBG|1|0|14|e|ff|02|01|00|xx|xx|1|0|0|0|00
DBG|1|0|04|a|ff|02|01|00|xx|xx|1|0|0|0|00
DBG|1|0|06|c|03|02|01|00|xx|xx|1|0|0|0|00
DBG|1|0|08|b|03|03|01|00|xx|xx|1|0|0|0|00
DBG|1|0|0a|2|01|03|01|00|xx|xx|1|0|0|0|00
DBG|1|0|0b|c|01|03|01|00|xx|xx|1|0|0|0|00
DBG|1|0|0d|a|01|03|01|00|xx|xx|1|0|0|0|00
DBG|1|0|0f|c|02|03|01|00|xx|xx|1|0|0|0|00
DBG|1|0|11|b|02|02|01|00|xx|xx|1|0|0|0|00
DBG|1|0|13|1|01|02|01|00|xx|xx|1|0|0|0|00
DBG|1|0|14|e|ff|02|01|00|xx|xx|1|0|0|0|00
DBG|1|0|04|a|ff|02|01|00|xx|xx|1|0|0|0|00
DBG|1|0|06|c|03|02|01|00|xx|xx|1|0|0|0|00
DBG|1|0|08|b|03|03|01|00|xx|xx|1|0|0|0|00
DBG|1|0|0a|2|01|03|01|00|xx|xx|1|0|0|0|00
DBG|1|0|0b|c|01|03|01|00|xx|xx|1|0|0|0|00
DBG|1|0|0d|a|01|03|01|00|xx|xx|1|0|0|0|00
DBG|1|0|0f|c|02|03|01|00|xx|xx|1|0|0|0|00
DBG|1|0|11|b|02|02|01|00|xx|xx|1|0|0|0|00
DBG|1|0|13|1|01|02|01|00|xx|xx|1|0|0|0|00
DBG|1|0|14|e|ff|02|01|00|xx|xx|1|0|0|0|00
DBG|1|0|04|a|ff|02|01|00|xx|xx|1|0|0|0|00
DBG|1|0|06|c|03|02|01|00|xx|xx|1|0|0|0|00
DBG|1|0|08|b|03|03|01|00|xx|xx|1|0|0|0|00
DBG|1|0|0a|2|01|03|01|00|xx|xx|1|0|0|0|00
DBG|1|0|0b|c|01|03|01|00|xx|xx|1|0|0|0|00
DBG|1|0|0d|a|01|03|01|00|xx|xx|1|0|0|0|00
DBG|1|0|0f|c|02|03|01|00|xx|xx|1|0|0|0|00
DBG|1|0|11|b|02|02|01|00|xx|xx|1|0|0|0|00
DBG|1|0|13|1|01|02|01|00|xx|xx|1|0|0|0|00
DBG|1|0|14|e|ff|02|01|00|xx|xx|1|0|0|0|00
DBG|1|0|04|a|ff|02|01|00|xx|xx|1|0|0|0|00
DBG|1|0|06|c|03|02|01|00|xx|xx|1|0|0|0|00
DBG|1|0|08|b|03|03|01|00|xx|xx|1|0|0|0|00
DBG|1|0|0a|2|01|03|01|00|xx|xx|1|0|0|0|00
DBG|1|0|0b|c|01|03|01|00|xx|xx|1|0|0|0|00
DBG|1|0|0d|a|01|03|01|00|xx|xx|1|0|0|0|00
DBG|1|0|0f|c|02|03|01|00|xx|xx|1|0|0|0|00
DBG|1|0|11|b|02|02|01|00|xx|xx|1|0|0|0|00
DBG|1|0|13|1|01|02|01|00|xx|xx|1|0|0|0|00
DBG|1|0|14|e|ff|02|01|00|xx|xx|1|0|0|0|00
DBG|1|0|04|a|ff|02|01|00|xx|xx|1|0|0|0|00
DBG|1|0|06|c|03|02|01|00|xx|xx|1|0|0|0|00
DBG|1|0|08|b|03|03|01|00|xx|xx|1|0|0|0|00
DBG|1|0|0a|2|01|03|01|00|xx|xx|1|0|0|0|00
DBG|1|0|0b|c|01|03|01|00|xx|xx|1|0|0|0|00
DBG|1|0|0d|a|01|03|01|00|xx|xx|1|0|0|0|00
DBG|1|0|0f|c|02|03|01|00|xx|xx|1|0|0|0|00
DBG|1|0|11|b|02|02|01|00|xx|xx|1|0|0|0|00
DBG|1|0|13|1|01|02|01|00|xx|xx|1|0|0|0|00
DBG|1|0|14|e|ff|02|01|00|xx|xx|1|0|0|0|00
DBG|1|0|04|a|ff|02|01|00|xx|xx|1|0|0|0|00
DBG|1|0|06|c|03|02|01|00|xx|xx|1|0|0|0|00
DBG|1|0|08|b|03|03|01|00|xx|xx|1|0|0|0|00
DBG|1|0|0a|2|01|03|01|00|xx|xx|1|0|0|0|00
DBG|1|0|0b|c|01|03|01|00|xx|xx|1|0|0|0|00
DBG|1|0|0d|a|01|03|01|00|xx|xx|1|0|0|0|00
DBG|1|0|0f|c|02|03|01|00|xx|xx|1|0|0|0|00
DBG|1|0|11|b|02|02|01|00|xx|xx|1|0|0|0|00
DBG|1|0|13|1|01|02|01|00|xx|xx|1|0|0|0|00
DBG|1|0|14|e|ff|02|01|00|xx|xx|1|0|0|0|00
DBG|1|0|04|a|ff|02|01|00|xx|xx|1|0|0|0|00
DBG|1|0|06|c|03|02|01|00|xx|xx|1|0|0|0|00
DBG|1|0|08|b|03|03|01|00|xx|xx|1|0|0|0|00
DBG|1|0|0a|2|01|03|01|00|xx|xx|1|0|0|0|00
DBG|1|0|0b|c|01|03|01|00|xx|xx|1|0|0|0|00
DBG|1|0|0d|a|01|03|01|00|xx|xx|1|0|0|0|00
DBG|1|0|0f|c|02|03|01|00|xx|xx|1|0|0|0|00
DBG|1|0|11|b|02|02|01|00|xx|xx|1|0|0|0|00
DBG|1|0|13|1|01|02|01|00|xx|xx|1|0|0|0|00
DBG|1|0|14|e|ff|02|01|00|xx|xx|1|0|0|0|00
DBG|1|0|04|a|ff|02|01|00|xx|xx|1|0|0|0|00
DBG|1|0|06|c|03|02|01|00|xx|xx|1|0|0|0|00
DBG|1|0|08|b|03|03|01|00|xx|xx|1|0|0|0|00
DBG|1|0|0a|2|01|03|01|00|xx|xx|1|0|0|0|00
DBG|1|0|0b|c|01|03|01|00|xx|xx|1|0|0|0|00
DBG|1|0|0d|a|01|03|01|00|xx|xx|1|0|0|0|00
DBG|1|0|0f|c|02|03|01|00|xx|xx|1|0|0|0|00
DBG|1|0|11|b|02|02|01|00|xx|xx|1|0|0|0|00
DBG|1|0|13|1|01|02|01|00|xx|xx|1|0|0|0|00
DBG|1|0|14|e|ff|02|01|00|xx|xx|1|0|0|0|00
DBG|1|0|04|a|ff|02|01|00|xx|xx|1|0|0|0|00
DBG|1|0|06|c|03|02|01|00|xx|xx|1|0|0|0|00
DBG|1|0|08|b|03|03|01|00|xx|xx|1|0|0|0|00
DBG|1|0|0a|2|01|03|01|00|xx|xx|1|0|0|0|00
DBG|1|0|0b|c|01|03|01|00|xx|xx|1|0|0|0|00
DBG|1|0|0d|a|01|03|01|00|xx|xx|1|0|0|0|00
DBG|1|0|0f|c|02|03|01|00|xx|xx|1|0|0|0|00
DBG|1|0|11|b|02|02|01|00|xx|xx|1|0|0|0|00
DBG|1|0|13|1|01|02|01|00|xx|xx|1|0|0|0|00
DBG|1|0|14|e|ff|02|01|00|xx|xx|1|0|0|0|00
DBG|1|0|04|a|ff|02|01|00|xx|xx|1|0|0|0|00
DBG|1|0|06|c|03|02|01|00|xx|xx|1|0|0|0|00
DBG|1|0|08|b|03|03|01|00|xx|xx|1|0|0|0|00
DBG|1|0|0a|2|01|03|01|00|xx|xx|1|0|0|0|00
DBG|1|0|0b|c|01|03|01|00|xx|xx|1|0|0|0|00
DBG|1|0|0d|a|01|03|01|00|xx|xx|1|0|0|0|00
DBG|1|0|0f|c|02|03|01|00|xx|xx|1|0|0|0|00
DBG|1|0|11|b|02|02|01|00|xx|xx|1|0|0|0|00
DBG|1|0|13|1|01|02|01|00|xx|xx|1|0|0|0|00
DBG|1|0|14|e|ff|02|01|00|xx|xx|1|0|0|0|00
DBG|1|0|04|a|ff|02|01|00|xx|xx|1|0|0|0|00
DBG|1|0|06|c|03|02|01|00|xx|xx|1|0|0|0|00
DBG|1|0|08|b|03|03|01|00|xx|xx|1|0|0|0|00
DBG|1|0|0a|2|01|03|01|00|xx|xx|1|0|0|0|00
DBG|1|0|0b|c|01|03|01|00|xx|xx|1|0|0|0|00
DBG|1|0|0d|a|01|03|01|00|xx|xx|1|0|0|0|00
DBG|1|0|0f|c|02|03|01|00|xx|xx|1|0|0|0|00
DBG|1|0|11|b|02|02|01|00|xx|xx|1|0|0|0|00
DBG|1|0|13|1|01|02|01|00|xx|xx|1|0|0|0|00
DBG|1|0|14|e|ff|02|01|00|xx|xx|1|0|0|0|00
DBG|1|0|04|a|ff|02|01|00|xx|xx|1|0|0|0|00
DBG|1|0|06|c|03|02|01|00|xx|xx|1|0|0|0|00
DBG|1|0|08|b|03|03|01|00|xx|xx|1|0|0|0|00
DBG|1|0|0a|2|01|03|01|00|xx|xx|1|0|0|0|00
DBG|1|0|0b|c|01|03|01|00|xx|xx|1|0|0|0|00
DBG|1|0|0d|a|01|03|01|00|xx|xx|1|0|0|0|00
DBG|1|0|0f|c|02|03|01|00|xx|xx|1|0|0|0|00
DBG|1|0|11|b|02|02|01|00|xx|xx|1|0|0|0|00
DBG|1|0|13|1|01|02|01|00|xx|xx|1|0|0|0|00
DBG|1|0|14|e|ff|02|01|00|xx|xx|1|0|0|0|00
DBG|1|0|04|a|ff|02|01|00|xx|xx|1|0|0|0|00
DBG|1|0|06|c|03|02|01|00|xx|xx|1|0|0|0|00
DBG|1|0|08|b|03|03|01|00|xx|xx|1|0|0|0|00
DBG|1|0|0a|2|01|03|01|00|xx|xx|1|0|0|0|00
DBG|1|0|0b|c|01|03|01|00|xx|xx|1|0|0|0|00
DBG|1|0|0d|a|01|03|01|00|xx|xx|1|0|0|0|00
DBG|1|0|0f|c|02|03|01|00|xx|xx|1|0|0|0|00
DBG|1|0|11|b|02|02|01|00|xx|xx|1|0|0|0|00
DBG|1|0|13|1|01|02|01|00|xx|xx|1|0|0|0|00
DBG|1|0|14|e|ff|02|01|00|xx|xx|1|0|0|0|00
DBG|1|0|04|a|ff|02|01|00|xx|xx|1|0|0|0|00
DBG|1|0|06|c|03|02|01|00|xx|xx|1|0|0|0|00
DBG|1|0|08|b|03|03|01|00|xx|xx|1|0|0|0|00
DBG|1|0|0a|2|01|03|01|00|xx|xx|1|0|0|0|00
DBG|1|0|0b|c|01|03|01|00|xx|xx|1|0|0|0|00
DBG|1|0|0d|a|01|03|01|00|xx|xx|1|0|0|0|00
DBG|1|0|0f|c|02|03|01|00|xx|xx|1|0|0|0|00
DBG|1|0|11|b|02|02|01|00|xx|xx|1|0|0|0|00
DBG|1|0|13|1|01|02|01|00|xx|xx|1|0|0|0|00
DBG|1|0|14|e|ff|02|01|00|xx|xx|1|0|0|0|00
DBG|1|0|04|a|ff|02|01|00|xx|xx|1|0|0|0|00
DBG|1|0|06|c|03|02|01|00|xx|xx|1|0|0|0|00
DBG|1|0|08|b|03|03|01|00|xx|xx|1|0|0|0|00
DBG|1|0|0a|2|01|03|01|00|xx|xx|1|0|0|0|00
DBG|1|0|0b|c|01|03|01|00|xx|xx|1|0|0|0|00
DBG|1|0|0d|a|01|03|01|00|xx|xx|1|0|0|0|00
DBG|1|0|0f|c|02|03|01|00|xx|xx|1|0|0|0|00
DBG|1|0|11|b|02|02|01|00|xx|xx|1|0|0|0|00
DBG|1|0|13|1|01|02|01|00|xx|xx|1|0|0|0|00
DBG|1|0|14|e|ff|02|01|00|xx|xx|1|0|0|0|00
DBG|1|0|04|a|ff|02|01|00|xx|xx|1|0|0|0|00
DBG|1|0|06|c|03|02|01|00|xx|xx|1|0|0|0|00
DBG|1|0|08|b|03|03|01|00|xx|xx|1|0|0|0|00
DBG|1|0|0a|2|01|03|01|00|xx|xx|1|0|0|0|00
DBG|1|0|0b|c|01|03|01|00|xx|xx|1|0|0|0|00
DBG|1|0|0d|a|01|03|01|00|xx|xx|1|0|0|0|00
DBG|1|0|0f|c|02|03|01|00|xx|xx|1|0|0|0|00
DBG|1|0|11|b|02|02|01|00|xx|xx|1|0|0|0|00
DBG|1|0|13|1|01|02|01|00|xx|xx|1|0|0|0|00
DBG|1|0|14|e|ff|02|01|00|xx|xx|1|0|0|0|00
DBG|1|0|04|a|ff|02|01|00|xx|xx|1|0|0|0|00
DBG|1|0|06|c|03|02|01|00|xx|xx|1|0|0|0|00
DBG|1|0|08|b|03|03|01|00|xx|xx|1|0|0|0|00
DBG|1|0|0a|2|01|03|01|00|xx|xx|1|0|0|0|00
DBG|1|0|0b|c|01|03|01|00|xx|xx|1|0|0|0|00
DBG|1|0|0d|a|01|03|01|00|xx|xx|1|0|0|0|00
DBG|1|0|0f|c|02|03|01|00|xx|xx|1|0|0|0|00
DBG|1|0|11|b|02|02|01|00|xx|xx|1|0|0|0|00
DBG|1|0|13|1|01|02|01|00|xx|xx|1|0|0|0|00
DBG|1|0|14|e|ff|02|01|00|xx|xx|1|0|0|0|00
DBG|1|0|04|a|ff|02|01|00|xx|xx|1|0|0|0|00
DBG|1|0|06|c|03|02|01|00|xx|xx|1|0|0|0|00
DBG|1|0|08|b|03|03|01|00|xx|xx|1|0|0|0|00
DBG|1|0|0a|2|01|03|01|00|xx|xx|1|0|0|0|00
DBG|1|0|0b|c|01|03|01|00|xx|xx|1|0|0|0|00
DBG|1|0|0d|a|01|03|01|00|xx|xx|1|0|0|0|00
DBG|1|0|0f|c|02|03|01|00|xx|xx|1|0|0|0|00
DBG|1|0|11|b|02|02|01|00|xx|xx|1|0|0|0|00
DBG|1|0|13|1|01|02|01|00|xx|xx|1|0|0|0|00
DBG|1|0|14|e|ff|02|01|00|xx|xx|1|0|0|0|00
DBG|1|0|04|a|ff|02|01|00|xx|xx|1|0|0|0|00
DBG|1|0|06|c|03|02|01|00|xx|xx|1|0|0|0|00
DBG|1|0|08|b|03|03|01|00|xx|xx|1|0|0|0|00
DBG|1|0|0a|2|01|03|01|00|xx|xx|1|0|0|0|00
DBG|1|0|0b|c|01|03|01|00|xx|xx|1|0|0|0|00
DBG|1|0|0d|a|01|03|01|00|xx|xx|1|0|0|0|00
DBG|1|0|0f|c|02|03|01|00|xx|xx|1|0|0|0|00
DBG|1|0|11|b|02|02|01|00|xx|xx|1|0|0|0|00
DBG|1|0|13|1|01|02|01|00|xx|xx|1|0|0|0|00
DBG|1|0|14|e|ff|02|01|00|xx|xx|1|0|0|0|00
DBG|1|0|04|a|ff|02|01|00|xx|xx|1|0|0|0|00
DBG|1|0|06|c|03|02|01|00|xx|xx|1|0|0|0|00
DBG|1|0|08|b|03|03|01|00|xx|xx|1|0|0|0|00
DBG|1|0|0a|2|01|03|01|00|xx|xx|1|0|0|0|00
DBG|1|0|0b|c|01|03|01|00|xx|xx|1|0|0|0|00
DBG|1|0|0d|a|01|03|01|00|xx|xx|1|0|0|0|00
DBG|1|0|0f|c|02|03|01|00|xx|xx|1|0|0|0|00
DBG|1|0|11|b|02|02|01|00|xx|xx|1|0|0|0|00
DBG|1|0|13|1|01|02|01|00|xx|xx|1|0|0|0|00
DBG|1|0|14|e|ff|02|01|00|xx|xx|1|0|0|0|00
DBG|1|0|04|a|ff|02|01|00|xx|xx|1|0|0|0|00
DBG|1|0|06|c|03|02|01|00|xx|xx|1|0|0|0|00
DBG|1|0|08|b|03|03|01|00|xx|xx|1|0|0|0|00
DBG|1|0|0a|2|01|03|01|00|xx|xx|1|0|0|0|00
DBG|1|0|0b|c|01|03|01|00|xx|xx|1|0|0|0|00
DBG|1|0|0d|a|01|03|01|00|xx|xx|1|0|0|0|00
DBG|1|0|0f|c|02|03|01|00|xx|xx|1|0|0|0|00
DBG|1|0|11|b|02|02|01|00|xx|xx|1|0|0|0|00
DBG|1|0|13|1|01|02|01|00|xx|xx|1|0|0|0|00
DBG|1|0|14|e|ff|02|01|00|xx|xx|1|0|0|0|00
DBG|1|0|04|a|ff|02|01|00|xx|xx|1|0|0|0|00
DBG|1|0|06|c|03|02|01|00|xx|xx|1|0|0|0|00
DBG|1|0|08|b|03|03|01|00|xx|xx|1|0|0|0|00
DBG|1|0|0a|2|01|03|01|00|xx|xx|1|0|0|0|00
DBG|1|0|0b|c|01|03|01|00|xx|xx|1|0|0|0|00
DBG|1|0|0d|a|01|03|01|00|xx|xx|1|0|0|0|00
DBG|1|0|0f|c|02|03|01|00|xx|xx|1|0|0|0|00
DBG|1|0|11|b|02|02|01|00|xx|xx|1|0|0|0|00
DBG|1|0|13|1|01|02|01|00|xx|xx|1|0|0|0|00
DBG|1|0|14|e|ff|02|01|00|xx|xx|1|0|0|0|00
DBG|1|0|04|a|ff|02|01|00|xx|xx|1|0|0|0|00
DBG|1|0|06|c|03|02|01|00|xx|xx|1|0|0|0|00
DBG|1|0|08|b|03|03|01|00|xx|xx|1|0|0|0|00
DBG|1|0|0a|2|01|03|01|00|xx|xx|1|0|0|0|00
DBG|1|0|0b|c|01|03|01|00|xx|xx|1|0|0|0|00
DBG|1|0|0d|a|01|03|01|00|xx|xx|1|0|0|0|00
DBG|1|0|0f|c|02|03|01|00|xx|xx|1|0|0|0|00
DBG|1|0|11|b|02|02|01|00|xx|xx|1|0|0|0|00
DBG|1|0|13|1|01|02|01|00|xx|xx|1|0|0|0|00
DBG|1|0|14|e|ff|02|01|00|xx|xx|1|0|0|0|00
DBG|1|0|04|a|ff|02|01|00|xx|xx|1|0|0|0|00
DBG|1|0|06|c|03|02|01|00|xx|xx|1|0|0|0|00
DBG|1|0|08|b|03|03|01|00|xx|xx|1|0|0|0|00
DBG|1|0|0a|2|01|03|01|00|xx|xx|1|0|0|0|00
DBG|1|0|0b|c|01|03|01|00|xx|xx|1|0|0|0|00
DBG|1|0|0d|a|01|03|01|00|xx|xx|1|0|0|0|00
DBG|1|0|0f|c|02|03|01|00|xx|xx|1|0|0|0|00
DBG|1|0|11|b|02|02|01|00|xx|xx|1|0|0|0|00
DBG|1|0|13|1|01|02|01|00|xx|xx|1|0|0|0|00
DBG|1|0|14|e|ff|02|01|00|xx|xx|1|0|0|0|00
DBG|1|0|04|a|ff|02|01|00|xx|xx|1|0|0|0|00
DBG|1|0|06|c|03|02|01|00|xx|xx|1|0|0|0|00
DBG|1|0|08|b|03|03|01|00|xx|xx|1|0|0|0|00
DBG|1|0|0a|2|01|03|01|00|xx|xx|1|0|0|0|00
DBG|1|0|0b|c|01|03|01|00|xx|xx|1|0|0|0|00
DBG|1|0|0d|a|01|03|01|00|xx|xx|1|0|0|0|00
DBG|1|0|0f|c|02|03|01|00|xx|xx|1|0|0|0|00
DBG|1|0|11|b|02|02|01|00|xx|xx|1|0|0|0|00
DBG|1|0|13|1|01|02|01|00|xx|xx|1|0|0|0|00
DBG|1|0|14|e|ff|02|01|00|xx|xx|1|0|0|0|00
DBG|1|0|04|a|ff|02|01|00|xx|xx|1|0|0|0|00
DBG|1|0|06|c|03|02|01|00|xx|xx|1|0|0|0|00
DBG|1|0|08|b|03|03|01|00|xx|xx|1|0|0|0|00
DBG|1|0|0a|2|01|03|01|00|xx|xx|1|0|0|0|00
DBG|1|0|0b|c|01|03|01|00|xx|xx|1|0|0|0|00
DBG|1|0|0d|a|01|03|01|00|xx|xx|1|0|0|0|00
DBG|1|0|0f|c|02|03|01|00|xx|xx|1|0|0|0|00
DBG|1|0|11|b|02|02|01|00|xx|xx|1|0|0|0|00
DBG|1|0|13|1|01|02|01|00|xx|xx|1|0|0|0|00
DBG|1|0|14|e|ff|02|01|00|xx|xx|1|0|0|0|00
DBG|1|0|04|a|ff|02|01|00|xx|xx|1|0|0|0|00
DBG|1|0|06|c|03|02|01|00|xx|xx|1|0|0|0|00
DBG|1|0|08|b|03|03|01|00|xx|xx|1|0|0|0|00
DBG|1|0|0a|2|01|03|01|00|xx|xx|1|0|0|0|00
DBG|1|0|0b|c|01|03|01|00|xx|xx|1|0|0|0|00
DBG|1|0|0d|a|01|03|01|00|xx|xx|1|0|0|0|00
DBG|1|0|0f|c|02|03|01|00|xx|xx|1|0|0|0|00
DBG|1|0|11|b|02|02|01|00|xx|xx|1|0|0|0|00
DBG|1|0|13|1|01|02|01|00|xx|xx|1|0|0|0|00
DBG|1|0|14|e|ff|02|01|00|xx|xx|1|0|0|0|00
DBG|1|0|04|a|ff|02|01|00|xx|xx|1|0|0|0|00
DBG|1|0|06|c|03|02|01|00|xx|xx|1|0|0|0|00
DBG|1|0|08|b|03|03|01|00|xx|xx|1|0|0|0|00
DBG|1|0|0a|2|01|03|01|00|xx|xx|1|0|0|0|00
DBG|1|0|0b|c|01|03|01|00|xx|xx|1|0|0|0|00
DBG|1|0|0d|a|01|03|01|00|xx|xx|1|0|0|0|00
DBG|1|0|0f|c|02|03|01|00|xx|xx|1|0|0|0|00
DBG|1|0|11|b|02|02|01|00|xx|xx|1|0|0|0|00
DBG|1|0|13|1|01|02|01|00|xx|xx|1|0|0|0|00
DBG|1|0|14|e|ff|02|01|00|xx|xx|1|0|0|0|00
DBG|1|0|04|a|ff|02|01|00|xx|xx|1|0|0|0|00
DBG|1|0|06|c|03|02|01|00|xx|xx|1|0|0|0|00
DBG|1|0|08|b|03|03|01|00|xx|xx|1|0|0|0|00
DBG|1|0|0a|2|01|03|01|00|xx|xx|1|0|0|0|00
DBG|1|0|0b|c|01|03|01|00|xx|xx|1|0|0|0|00
DBG|1|0|0d|a|01|03|01|00|xx|xx|1|0|0|0|00
DBG|1|0|0f|c|02|03|01|00|xx|xx|1|0|0|0|00
DBG|1|0|11|b|02|02|01|00|xx|xx|1|0|0|0|00
DBG|1|0|13|1|01|02|01|00|xx|xx|1|0|0|0|00
DBG|1|0|14|e|ff|02|01|00|xx|xx|1|0|0|0|00
DBG|1|0|04|a|ff|02|01|00|xx|xx|1|0|0|0|00
DBG|1|0|06|c|03|02|01|00|xx|xx|1|0|0|0|00
DBG|1|0|08|b|03|03|01|00|xx|xx|1|0|0|0|00
DBG|1|0|0a|2|01|03|01|00|xx|xx|1|0|0|0|00
DBG|1|0|0b|c|01|03|01|00|xx|xx|1|0|0|0|00
DBG|1|0|0d|a|01|03|01|00|xx|xx|1|0|0|0|00
DBG|1|0|0f|c|02|03|01|00|xx|xx|1|0|0|0|00
DBG|1|0|11|b|02|02|01|00|xx|xx|1|0|0|0|00
DBG|1|0|13|1|01|02|01|00|xx|xx|1|0|0|0|00
DBG|1|0|14|e|ff|02|01|00|xx|xx|1|0|0|0|00
DBG|1|0|04|a|ff|02|01|00|xx|xx|1|0|0|0|00
DBG|1|0|06|c|03|02|01|00|xx|xx|1|0|0|0|00
DBG|1|0|08|b|03|03|01|00|xx|xx|1|0|0|0|00
DBG|1|0|0a|2|01|03|01|00|xx|xx|1|0|0|0|00
DBG|1|0|0b|c|01|03|01|00|xx|xx|1|0|0|0|00
DBG|1|0|0d|a|01|03|01|00|xx|xx|1|0|0|0|00
DBG|1|0|0f|c|02|03|01|00|xx|xx|1|0|0|0|00
DBG|1|0|11|b|02|02|01|00|xx|xx|1|0|0|0|00
DBG|1|0|13|1|01|02|01|00|xx|xx|1|0|0|0|00
DBG|1|0|14|e|ff|02|01|00|xx|xx|1|0|0|0|00
DBG|1|0|04|a|ff|02|01|00|xx|xx|1|0|0|0|00
DBG|1|0|06|c|03|02|01|00|xx|xx|1|0|0|0|00
DBG|1|0|08|b|03|03|01|00|xx|xx|1|0|0|0|00
DBG|1|0|0a|2|01|03|01|00|xx|xx|1|0|0|0|00
DBG|1|0|0b|c|01|03|01|00|xx|xx|1|0|0|0|00
DBG|1|0|0d|a|01|03|01|00|xx|xx|1|0|0|0|00
DBG|1|0|0f|c|02|03|01|00|xx|xx|1|0|0|0|00
DBG|1|0|11|b|02|02|01|00|xx|xx|1|0|0|0|00
DBG|1|0|13|1|01|02|01|00|xx|xx|1|0|0|0|00
DBG|1|0|14|e|ff|02|01|00|xx|xx|1|0|0|0|00
DBG|1|0|04|a|ff|02|01|00|xx|xx|1|0|0|0|00
DBG|1|0|06|c|03|02|01|00|xx|xx|1|0|0|0|00
DBG|1|0|08|b|03|03|01|00|xx|xx|1|0|0|0|00
DBG|1|0|0a|2|01|03|01|00|xx|xx|1|0|0|0|00
DBG|1|0|0b|c|01|03|01|00|xx|xx|1|0|0|0|00
DBG|1|0|0d|a|01|03|01|00|xx|xx|1|0|0|0|00
DBG|1|0|0f|c|02|03|01|00|xx|xx|1|0|0|0|00
DBG|1|0|11|b|02|02|01|00|xx|xx|1|0|0|0|00
DBG|1|0|13|1|01|02|01|00|xx|xx|1|0|0|0|00
DBG|1|0|14|e|ff|02|01|00|xx|xx|1|0|0|0|00
DBG|1|0|04|a|ff|02|01|00|xx|xx|1|0|0|0|00
DBG|1|0|06|c|03|02|01|00|xx|xx|1|0|0|0|00
DBG|1|0|08|b|03|03|01|00|xx|xx|1|0|0|0|00
DBG|1|0|0a|2|01|03|01|00|xx|xx|1|0|0|0|00
DBG|1|0|0b|c|01|03|01|00|xx|xx|1|0|0|0|00
DBG|1|0|0d|a|01|03|01|00|xx|xx|1|0|0|0|00
DBG|1|0|0f|c|02|03|01|00|xx|xx|1|0|0|0|00
DBG|1|0|11|b|02|02|01|00|xx|xx|1|0|0|0|00
DBG|1|0|13|1|01|02|01|00|xx|xx|1|0|0|0|00
DBG|1|0|14|e|ff|02|01|00|xx|xx|1|0|0|0|00
DBG|1|0|04|a|ff|02|01|00|xx|xx|1|0|0|0|00
DBG|1|0|06|c|03|02|01|00|xx|xx|1|0|0|0|00
DBG|1|0|08|b|03|03|01|00|xx|xx|1|0|0|0|00
DBG|1|0|0a|2|01|03|01|00|xx|xx|1|0|0|0|00
DBG|1|0|0b|c|01|03|01|00|xx|xx|1|0|0|0|00
DBG|1|0|0d|a|01|03|01|00|xx|xx|1|0|0|0|00
DBG|1|0|0f|c|02|03|01|00|xx|xx|1|0|0|0|00
DBG|1|0|11|b|02|02|01|00|xx|xx|1|0|0|0|00
DBG|1|0|13|1|01|02|01|00|xx|xx|1|0|0|0|00
DBG|1|0|14|e|ff|02|01|00|xx|xx|1|0|0|0|00
DBG|1|0|04|a|ff|02|01|00|xx|xx|1|0|0|0|00
DBG|1|0|06|c|03|02|01|00|xx|xx|1|0|0|0|00
DBG|1|0|08|b|03|03|01|00|xx|xx|1|0|0|0|00
DBG|1|0|0a|2|01|03|01|00|xx|xx|1|0|0|0|00
DBG|1|0|0b|c|01|03|01|00|xx|xx|1|0|0|0|00
DBG|1|0|0d|a|01|03|01|00|xx|xx|1|0|0|0|00
DBG|1|0|0f|c|02|03|01|00|xx|xx|1|0|0|0|00
DBG|1|0|11|b|02|02|01|00|xx|xx|1|0|0|0|00
DBG|1|0|13|1|01|02|01|00|xx|xx|1|0|0|0|00
DBG|1|0|14|e|ff|02|01|00|xx|xx|1|0|0|0|00
DBG|1|0|04|a|ff|02|01|00|xx|xx|1|0|0|0|00
DBG|1|0|06|c|03|02|01|00|xx|xx|1|0|0|0|00
DBG|1|0|08|b|03|03|01|00|xx|xx|1|0|0|0|00
DBG|1|0|0a|2|01|03|01|00|xx|xx|1|0|0|0|00
DBG|1|0|0b|c|01|03|01|00|xx|xx|1|0|0|0|00
DBG|1|0|0d|a|01|03|01|00|xx|xx|1|0|0|0|00
DBG|1|0|0f|c|02|03|01|00|xx|xx|1|0|0|0|00
DBG|1|0|11|b|02|02|01|00|xx|xx|1|0|0|0|00
DBG|1|0|13|1|01|02|01|00|xx|xx|1|0|0|0|00
DBG|1|0|14|e|ff|02|01|00|xx|xx|1|0|0|0|00
DBG|1|0|04|a|ff|02|01|00|xx|xx|1|0|0|0|00
DBG|1|0|06|c|03|02|01|00|xx|xx|1|0|0|0|00
DBG|1|0|08|b|03|03|01|00|xx|xx|1|0|0|0|00
DBG|1|0|0a|2|01|03|01|00|xx|xx|1|0|0|0|00
DBG|1|0|0b|c|01|03|01|00|xx|xx|1|0|0|0|00
DBG|1|0|0d|a|01|03|01|00|xx|xx|1|0|0|0|00
DBG|1|0|0f|c|02|03|01|00|xx|xx|1|0|0|0|00
DBG|1|0|11|b|02|02|01|00|xx|xx|1|0|0|0|00
DBG|1|0|13|1|01|02|01|00|xx|xx|1|0|0|0|00
DBG|1|0|14|e|ff|02|01|00|xx|xx|1|0|0|0|00
DBG|1|0|04|a|ff|02|01|00|xx|xx|1|0|0|0|00
DBG|1|0|06|c|03|02|01|00|xx|xx|1|0|0|0|00
DBG|1|0|08|b|03|03|01|00|xx|xx|1|0|0|0|00
DBG|1|0|0a|2|01|03|01|00|xx|xx|1|0|0|0|00
DBG|1|0|0b|c|01|03|01|00|xx|xx|1|0|0|0|00
DBG|1|0|0d|a|01|03|01|00|xx|xx|1|0|0|0|00
DBG|1|0|0f|c|02|03|01|00|xx|xx|1|0|0|0|00
DBG|1|0|11|b|02|02|01|00|xx|xx|1|0|0|0|00
DBG|1|0|13|1|01|02|01|00|xx|xx|1|0|0|0|00
DBG|1|0|14|e|ff|02|01|00|xx|xx|1|0|0|0|00
DBG|1|0|04|a|ff|02|01|00|xx|xx|1|0|0|0|00
DBG|1|0|06|c|03|02|01|00|xx|xx|1|0|0|0|00
DBG|1|0|08|b|03|03|01|00|xx|xx|1|0|0|0|00
DBG|1|0|0a|2|01|03|01|00|xx|xx|1|0|0|0|00
DBG|1|0|0b|c|01|03|01|00|xx|xx|1|0|0|0|00
DBG|1|0|0d|a|01|03|01|00|xx|xx|1|0|0|0|00
DBG|1|0|0f|c|02|03|01|00|xx|xx|1|0|0|0|00
DBG|1|0|11|b|02|02|01|00|xx|xx|1|0|0|0|00
DBG|1|0|13|1|01|02|01|00|xx|xx|1|0|0|0|00
DBG|1|0|14|e|ff|02|01|00|xx|xx|1|0|0|0|00
DBG|1|0|04|a|ff|02|01|00|xx|xx|1|0|0|0|00
DBG|1|0|06|c|03|02|01|00|xx|xx|1|0|0|0|00
DBG|1|0|08|b|03|03|01|00|xx|xx|1|0|0|0|00
DBG|1|0|0a|2|01|03|01|00|xx|xx|1|0|0|0|00
DBG|1|0|0b|c|01|03|01|00|xx|xx|1|0|0|0|00
DBG|1|0|0d|a|01|03|01|00|xx|xx|1|0|0|0|00
DBG|1|0|0f|c|02|03|01|00|xx|xx|1|0|0|0|00
DBG|1|0|11|b|02|02|01|00|xx|xx|1|0|0|0|00
DBG|1|0|13|1|01|02|01|00|xx|xx|1|0|0|0|00
DBG|1|0|14|e|ff|02|01|00|xx|xx|1|0|0|0|00
DBG|1|0|04|a|ff|02|01|00|xx|xx|1|0|0|0|00
DBG|1|0|06|c|03|02|01|00|xx|xx|1|0|0|0|00
DBG|1|0|08|b|03|03|01|00|xx|xx|1|0|0|0|00
DBG|1|0|0a|2|01|03|01|00|xx|xx|1|0|0|0|00
DBG|1|0|0b|c|01|03|01|00|xx|xx|1|0|0|0|00
DBG|1|0|0d|a|01|03|01|00|xx|xx|1|0|0|0|00
DBG|1|0|0f|c|02|03|01|00|xx|xx|1|0|0|0|00
DBG|1|0|11|b|02|02|01|00|xx|xx|1|0|0|0|00
DBG|1|0|13|1|01|02|01|00|xx|xx|1|0|0|0|00
DBG|1|0|14|e|ff|02|01|00|xx|xx|1|0|0|0|00
DBG|1|0|04|a|ff|02|01|00|xx|xx|1|0|0|0|00
DBG|1|0|06|c|03|02|01|00|xx|xx|1|0|0|0|00
DBG|1|0|08|b|03|03|01|00|xx|xx|1|0|0|0|00
DBG|1|0|0a|2|01|03|01|00|xx|xx|1|0|0|0|00
DBG|1|0|0b|c|01|03|01|00|xx|xx|1|0|0|0|00
DBG|1|0|0d|a|01|03|01|00|xx|xx|1|0|0|0|00
DBG|1|0|0f|c|02|03|01|00|xx|xx|1|0|0|0|00
DBG|1|0|11|b|02|02|01|00|xx|xx|1|0|0|0|00
DBG|1|0|13|1|01|02|01|00|xx|xx|1|0|0|0|00
DBG|1|0|14|e|ff|02|01|00|xx|xx|1|0|0|0|00
DBG|1|0|04|a|ff|02|01|00|xx|xx|1|0|0|0|00
DBG|1|0|06|c|03|02|01|00|xx|xx|1|0|0|0|00
DBG|1|0|08|b|03|03|01|00|xx|xx|1|0|0|0|00
DBG|1|0|0a|2|01|03|01|00|xx|xx|1|0|0|0|00
DBG|1|0|0b|c|01|03|01|00|xx|xx|1|0|0|0|00
DBG|1|0|0d|a|01|03|01|00|xx|xx|1|0|0|0|00
DBG|1|0|0f|c|02|03|01|00|xx|xx|1|0|0|0|00
DBG|1|0|11|b|02|02|01|00|xx|xx|1|0|0|0|00
DBG|1|0|13|1|01|02|01|00|xx|xx|1|0|0|0|00
DBG|1|0|14|e|ff|02|01|00|xx|xx|1|0|0|0|00
DBG|1|0|04|a|ff|02|01|00|xx|xx|1|0|0|0|00
DBG|1|0|06|c|03|02|01|00|xx|xx|1|0|0|0|00
DBG|1|0|08|b|03|03|01|00|xx|xx|1|0|0|0|00
DBG|1|0|0a|2|01|03|01|00|xx|xx|1|0|0|0|00
DBG|1|0|0b|c|01|03|01|00|xx|xx|1|0|0|0|00
DBG|1|0|0d|a|01|03|01|00|xx|xx|1|0|0|0|00
DBG|1|0|0f|c|02|03|01|00|xx|xx|1|0|0|0|00
DBG|1|0|11|b|02|02|01|00|xx|xx|1|0|0|0|00
DBG|1|0|13|1|01|02|01|00|xx|xx|1|0|0|0|00
DBG|1|0|14|e|ff|02|01|00|xx|xx|1|0|0|0|00
DBG|1|0|04|a|ff|02|01|00|xx|xx|1|0|0|0|00
DBG|1|0|06|c|03|02|01|00|xx|xx|1|0|0|0|00
DBG|1|0|08|b|03|03|01|00|xx|xx|1|0|0|0|00
DBG|1|0|0a|2|01|03|01|00|xx|xx|1|0|0|0|00
DBG|1|0|0b|c|01|03|01|00|xx|xx|1|0|0|0|00
DBG|1|0|0d|a|01|03|01|00|xx|xx|1|0|0|0|00
DBG|1|0|0f|c|02|03|01|00|xx|xx|1|0|0|0|00
DBG|1|0|11|b|02|02|01|00|xx|xx|1|0|0|0|00
DBG|1|0|13|1|01|02|01|00|xx|xx|1|0|0|0|00
DBG|1|0|14|e|ff|02|01|00|xx|xx|1|0|0|0|00
DBG|1|0|04|a|ff|02|01|00|xx|xx|1|0|0|0|00
DBG|1|0|06|c|03|02|01|00|xx|xx|1|0|0|0|00
DBG|1|0|08|b|03|03|01|00|xx|xx|1|0|0|0|00
DBG|1|0|0a|2|01|03|01|00|xx|xx|1|0|0|0|00
DBG|1|0|0b|c|01|03|01|00|xx|xx|1|0|0|0|00
DBG|1|0|0d|a|01|03|01|00|xx|xx|1|0|0|0|00
DBG|1|0|0f|c|02|03|01|00|xx|xx|1|0|0|0|00
DBG|1|0|11|b|02|02|01|00|xx|xx|1|0|0|0|00
DBG|1|0|13|1|01|02|01|00|xx|xx|1|0|0|0|00
DBG|1|0|14|e|ff|02|01|00|xx|xx|1|0|0|0|00
DBG|1|0|04|a|ff|02|01|00|xx|xx|1|0|0|0|00
DBG|1|0|06|c|03|02|01|00|xx|xx|1|0|0|0|00
DBG|1|0|08|b|03|03|01|00|xx|xx|1|0|0|0|00
DBG|1|0|0a|2|01|03|01|00|xx|xx|1|0|0|0|00
DBG|1|0|0b|c|01|03|01|00|xx|xx|1|0|0|0|00
DBG|1|0|0d|a|01|03|01|00|xx|xx|1|0|0|0|00
DBG|1|0|0f|c|02|03|01|00|xx|xx|1|0|0|0|00
DBG|1|0|11|b|02|02|01|00|xx|xx|1|0|0|0|00
DBG|1|0|13|1|01|02|01|00|xx|xx|1|0|0|0|00
DBG|1|0|14|e|ff|02|01|00|xx|xx|1|0|0|0|00
DBG|1|0|04|a|ff|02|01|00|xx|xx|1|0|0|0|00
DBG|1|0|06|c|03|02|01|00|xx|xx|1|0|0|0|00
DBG|1|0|08|b|03|03|01|00|xx|xx|1|0|0|0|00
DBG|1|0|0a|2|01|03|01|00|xx|xx|1|0|0|0|00
DBG|1|0|0b|c|01|03|01|00|xx|xx|1|0|0|0|00
DBG|1|0|0d|a|01|03|01|00|xx|xx|1|0|0|0|00
DBG|1|0|0f|c|02|03|01|00|xx|xx|1|0|0|0|00
DBG|1|0|11|b|02|02|01|00|xx|xx|1|0|0|0|00
DBG|1|0|13|1|01|02|01|00|xx|xx|1|0|0|0|00
DBG|1|0|14|e|ff|02|01|00|xx|xx|1|0|0|0|00
DBG|1|0|04|a|ff|02|01|00|xx|xx|1|0|0|0|00
DBG|1|0|06|c|03|02|01|00|xx|xx|1|0|0|0|00
DBG|1|0|08|b|03|03|01|00|xx|xx|1|0|0|0|00
DBG|1|0|0a|2|01|03|01|00|xx|xx|1|0|0|0|00
DBG|1|0|0b|c|01|03|01|00|xx|xx|1|0|0|0|00
DBG|1|0|0d|a|01|03|01|00|xx|xx|1|0|0|0|00
DBG|1|0|0f|c|02|03|01|00|xx|xx|1|0|0|0|00
DBG|1|0|11|b|02|02|01|00|xx|xx|1|0|0|0|00
DBG|1|0|13|1|01|02|01|00|xx|xx|1|0|0|0|00
DBG|1|0|14|e|ff|02|01|00|xx|xx|1|0|0|0|00
DBG|1|0|04|a|ff|02|01|00|xx|xx|1|0|0|0|00
DBG|1|0|06|c|03|02|01|00|xx|xx|1|0|0|0|00
DBG|1|0|08|b|03|03|01|00|xx|xx|1|0|0|0|00
DBG|1|0|0a|2|01|03|01|00|xx|xx|1|0|0|0|00
DBG|1|0|0b|c|01|03|01|00|xx|xx|1|0|0|0|00
DBG|1|0|0d|a|01|03|01|00|xx|xx|1|0|0|0|00
DBG|1|0|0f|c|02|03|01|00|xx|xx|1|0|0|0|00
DBG|1|0|11|b|02|02|01|00|xx|xx|1|0|0|0|00
DBG|1|0|13|1|01|02|01|00|xx|xx|1|0|0|0|00
DBG|1|0|14|e|ff|02|01|00|xx|xx|1|0|0|0|00
DBG|1|0|04|a|ff|02|01|00|xx|xx|1|0|0|0|00
DBG|1|0|06|c|03|02|01|00|xx|xx|1|0|0|0|00
DBG|1|0|08|b|03|03|01|00|xx|xx|1|0|0|0|00
DBG|1|0|0a|2|01|03|01|00|xx|xx|1|0|0|0|00
DBG|1|0|0b|c|01|03|01|00|xx|xx|1|0|0|0|00
DBG|1|0|0d|a|01|03|01|00|xx|xx|1|0|0|0|00
DBG|1|0|0f|c|02|03|01|00|xx|xx|1|0|0|0|00
DBG|1|0|11|b|02|02|01|00|xx|xx|1|0|0|0|00
DBG|1|0|13|1|01|02|01|00|xx|xx|1|0|0|0|00
DBG|1|0|14|e|ff|02|01|00|xx|xx|1|0|0|0|00
DBG|1|0|04|a|ff|02|01|00|xx|xx|1|0|0|0|00
DBG|1|0|06|c|03|02|01|00|xx|xx|1|0|0|0|00
DBG|1|0|08|b|03|03|01|00|xx|xx|1|0|0|0|00
DBG|1|0|0a|2|01|03|01|00|xx|xx|1|0|0|0|00
DBG|1|0|0b|c|01|03|01|00|xx|xx|1|0|0|0|00
DBG|1|0|0d|a|01|03|01|00|xx|xx|1|0|0|0|00
DBG|1|0|0f|c|02|03|01|00|xx|xx|1|0|0|0|00
DBG|1|0|11|b|02|02|01|00|xx|xx|1|0|0|0|00
DBG|1|0|13|1|01|02|01|00|xx|xx|1|0|0|0|00
DBG|1|0|14|e|ff|02|01|00|xx|xx|1|0|0|0|00
DBG|1|0|04|a|ff|02|01|00|xx|xx|1|0|0|0|00
DBG|1|0|06|c|03|02|01|00|xx|xx|1|0|0|0|00
DBG|1|0|08|b|03|03|01|00|xx|xx|1|0|0|0|00
DBG|1|0|0a|2|01|03|01|00|xx|xx|1|0|0|0|00
DBG|1|0|0b|c|01|03|01|00|xx|xx|1|0|0|0|00
DBG|1|0|0d|a|01|03|01|00|xx|xx|1|0|0|0|00
DBG|1|0|0f|c|02|03|01|00|xx|xx|1|0|0|0|00
DBG|1|0|11|b|02|02|01|00|xx|xx|1|0|0|0|00
DBG|1|0|13|1|01|02|01|00|xx|xx|1|0|0|0|00
DBG|1|0|14|e|ff|02|01|00|xx|xx|1|0|0|0|00
DBG|1|0|04|a|ff|02|01|00|xx|xx|1|0|0|0|00
DBG|1|0|06|c|03|02|01|00|xx|xx|1|0|0|0|00
DBG|1|0|08|b|03|03|01|00|xx|xx|1|0|0|0|00
DBG|1|0|0a|2|01|03|01|00|xx|xx|1|0|0|0|00
DBG|1|0|0b|c|01|03|01|00|xx|xx|1|0|0|0|00
DBG|1|0|0d|a|01|03|01|00|xx|xx|1|0|0|0|00
DBG|1|0|0f|c|02|03|01|00|xx|xx|1|0|0|0|00
DBG|1|0|11|b|02|02|01|00|xx|xx|1|0|0|0|00
DBG|1|0|13|1|01|02|01|00|xx|xx|1|0|0|0|00
DBG|1|0|14|e|ff|02|01|00|xx|xx|1|0|0|0|00
DBG|1|0|04|a|ff|02|01|00|xx|xx|1|0|0|0|00
DBG|1|0|06|c|03|02|01|00|xx|xx|1|0|0|0|00
DBG|1|0|08|b|03|03|01|00|xx|xx|1|0|0|0|00
DBG|1|0|0a|2|01|03|01|00|xx|xx|1|0|0|0|00
DBG|1|0|0b|c|01|03|01|00|xx|xx|1|0|0|0|00
DBG|1|0|0d|a|01|03|01|00|xx|xx|1|0|0|0|00
DBG|1|0|0f|c|02|03|01|00|xx|xx|1|0|0|0|00
DBG|1|0|11|b|02|02|01|00|xx|xx|1|0|0|0|00
DBG|1|0|13|1|01|02|01|00|xx|xx|1|0|0|0|00
DBG|1|0|14|e|ff|02|01|00|xx|xx|1|0|0|0|00
DBG|1|0|04|a|ff|02|01|00|xx|xx|1|0|0|0|00
DBG|1|0|06|c|03|02|01|00|xx|xx|1|0|0|0|00
DBG|1|0|08|b|03|03|01|00|xx|xx|1|0|0|0|00
DBG|1|0|0a|2|01|03|01|00|xx|xx|1|0|0|0|00
DBG|1|0|0b|c|01|03|01|00|xx|xx|1|0|0|0|00
DBG|1|0|0d|a|01|03|01|00|xx|xx|1|0|0|0|00
DBG|1|0|0f|c|02|03|01|00|xx|xx|1|0|0|0|00
DBG|1|0|11|b|02|02|01|00|xx|xx|1|0|0|0|00
DBG|1|0|13|1|01|02|01|00|xx|xx|1|0|0|0|00
DBG|1|0|14|e|ff|02|01|00|xx|xx|1|0|0|0|00
DBG|1|0|04|a|ff|02|01|00|xx|xx|1|0|0|0|00
DBG|1|0|06|c|03|02|01|00|xx|xx|1|0|0|0|00
DBG|1|0|08|b|03|03|01|00|xx|xx|1|0|0|0|00
DBG|1|0|0a|2|01|03|01|00|xx|xx|1|0|0|0|00
DBG|1|0|0b|c|01|03|01|00|xx|xx|1|0|0|0|00
DBG|1|0|0d|a|01|03|01|00|xx|xx|1|0|0|0|00
DBG|1|0|0f|c|02|03|01|00|xx|xx|1|0|0|0|00
DBG|1|0|11|b|02|02|01|00|xx|xx|1|0|0|0|00
DBG|1|0|13|1|01|02|01|00|xx|xx|1|0|0|0|00
DBG|1|0|14|e|ff|02|01|00|xx|xx|1|0|0|0|00
DBG|1|0|04|a|ff|02|01|00|xx|xx|1|0|0|0|00
DBG|1|0|06|c|03|02|01|00|xx|xx|1|0|0|0|00
DBG|1|0|08|b|03|03|01|00|xx|xx|1|0|0|0|00
DBG|1|0|0a|2|01|03|01|00|xx|xx|1|0|0|0|00
DBG|1|0|0b|c|01|03|01|00|xx|xx|1|0|0|0|00
DBG|1|0|0d|a|01|03|01|00|xx|xx|1|0|0|0|00
DBG|1|0|0f|c|02|03|01|00|xx|xx|1|0|0|0|00
DBG|1|0|11|b|02|02|01|00|xx|xx|1|0|0|0|00
DBG|1|0|13|1|01|02|01|00|xx|xx|1|0|0|0|00
DBG|1|0|14|e|ff|02|01|00|xx|xx|1|0|0|0|00
DBG|1|0|04|a|ff|02|01|00|xx|xx|1|0|0|0|00
DBG|1|0|06|c|03|02|01|00|xx|xx|1|0|0|0|00
DBG|1|0|08|b|03|03|01|00|xx|xx|1|0|0|0|00
DBG|1|0|0a|2|01|03|01|00|xx|xx|1|0|0|0|00
DBG|1|0|0b|c|01|03|01|00|xx|xx|1|0|0|0|00
DBG|1|0|0d|a|01|03|01|00|xx|xx|1|0|0|0|00
DBG|1|0|0f|c|02|03|01|00|xx|xx|1|0|0|0|00
DBG|1|0|11|b|02|02|01|00|xx|xx|1|0|0|0|00
DBG|1|0|13|1|01|02|01|00|xx|xx|1|0|0|0|00
DBG|1|0|14|e|ff|02|01|00|xx|xx|1|0|0|0|00
DBG|1|0|04|a|ff|02|01|00|xx|xx|1|0|0|0|00
DBG|1|0|06|c|03|02|01|00|xx|xx|1|0|0|0|00
DBG|1|0|08|b|03|03|01|00|xx|xx|1|0|0|0|00
DBG|1|0|0a|2|01|03|01|00|xx|xx|1|0|0|0|00
DBG|1|0|0b|c|01|03|01|00|xx|xx|1|0|0|0|00
DBG|1|0|0d|a|01|03|01|00|xx|xx|1|0|0|0|00
DBG|1|0|0f|c|02|03|01|00|xx|xx|1|0|0|0|00
DBG|1|0|11|b|02|02|01|00|xx|xx|1|0|0|0|00
DBG|1|0|13|1|01|02|01|00|xx|xx|1|0|0|0|00
DBG|1|0|14|e|ff|02|01|00|xx|xx|1|0|0|0|00
DBG|1|0|04|a|ff|02|01|00|xx|xx|1|0|0|0|00
DBG|1|0|06|c|03|02|01|00|xx|xx|1|0|0|0|00
DBG|1|0|08|b|03|03|01|00|xx|xx|1|0|0|0|00
DBG|1|0|0a|2|01|03|01|00|xx|xx|1|0|0|0|00
DBG|1|0|0b|c|01|03|01|00|xx|xx|1|0|0|0|00
DBG|1|0|0d|a|01|03|01|00|xx|xx|1|0|0|0|00
DBG|1|0|0f|c|02|03|01|00|xx|xx|1|0|0|0|00
DBG|1|0|11|b|02|02|01|00|xx|xx|1|0|0|0|00
DBG|1|0|13|1|01|02|01|00|xx|xx|1|0|0|0|00
DBG|1|0|14|e|ff|02|01|00|xx|xx|1|0|0|0|00
DBG|1|0|04|a|ff|02|01|00|xx|xx|1|0|0|0|00
DBG|1|0|06|c|03|02|01|00|xx|xx|1|0|0|0|00
DBG|1|0|08|b|03|03|01|00|xx|xx|1|0|0|0|00
DBG|1|0|0a|2|01|03|01|00|xx|xx|1|0|0|0|00
DBG|1|0|0b|c|01|03|01|00|xx|xx|1|0|0|0|00
DBG|1|0|0d|a|01|03|01|00|xx|xx|1|0|0|0|00
DBG|1|0|0f|c|02|03|01|00|xx|xx|1|0|0|0|00
DBG|1|0|11|b|02|02|01|00|xx|xx|1|0|0|0|00
DBG|1|0|13|1|01|02|01|00|xx|xx|1|0|0|0|00
DBG|1|0|14|e|ff|02|01|00|xx|xx|1|0|0|0|00
DBG|1|0|04|a|ff|02|01|00|xx|xx|1|0|0|0|00
DBG|1|0|06|c|03|02|01|00|xx|xx|1|0|0|0|00
DBG|1|0|08|b|03|03|01|00|xx|xx|1|0|0|0|00
DBG|1|0|0a|2|01|03|01|00|xx|xx|1|0|0|0|00
DBG|1|0|0b|c|01|03|01|00|xx|xx|1|0|0|0|00
DBG|1|0|0d|a|01|03|01|00|xx|xx|1|0|0|0|00
DBG|1|0|0f|c|02|03|01|00|xx|xx|1|0|0|0|00
DBG|1|0|11|b|02|02|01|00|xx|xx|1|0|0|0|00
DBG|1|0|13|1|01|02|01|00|xx|xx|1|0|0|0|00
DBG|1|0|14|e|ff|02|01|00|xx|xx|1|0|0|0|00
DBG|1|0|04|a|ff|02|01|00|xx|xx|1|0|0|0|00
DBG|1|0|06|c|03|02|01|00|xx|xx|1|0|0|0|00
DBG|1|0|08|b|03|03|01|00|xx|xx|1|0|0|0|00
DBG|1|0|0a|2|01|03|01|00|xx|xx|1|0|0|0|00
DBG|1|0|0b|c|01|03|01|00|xx|xx|1|0|0|0|00
DBG|1|0|0d|a|01|03|01|00|xx|xx|1|0|0|0|00
DBG|1|0|0f|c|02|03|01|00|xx|xx|1|0|0|0|00
DBG|1|0|11|b|02|02|01|00|xx|xx|1|0|0|0|00
DBG|1|0|13|1|01|02|01|00|xx|xx|1|0|0|0|00
DBG|1|0|14|e|ff|02|01|00|xx|xx|1|0|0|0|00
DBG|1|0|04|a|ff|02|01|00|xx|xx|1|0|0|0|00
DBG|1|0|06|c|03|02|01|00|xx|xx|1|0|0|0|00
DBG|1|0|08|b|03|03|01|00|xx|xx|1|0|0|0|00
DBG|1|0|0a|2|01|03|01|00|xx|xx|1|0|0|0|00
DBG|1|0|0b|c|01|03|01|00|xx|xx|1|0|0|0|00
DBG|1|0|0d|a|01|03|01|00|xx|xx|1|0|0|0|00
DBG|1|0|0f|c|02|03|01|00|xx|xx|1|0|0|0|00
DBG|1|0|11|b|02|02|01|00|xx|xx|1|0|0|0|00
DBG|1|0|13|1|01|02|01|00|xx|xx|1|0|0|0|00
DBG|1|0|14|e|ff|02|01|00|xx|xx|1|0|0|0|00
DBG|1|0|04|a|ff|02|01|00|xx|xx|1|0|0|0|00
DBG|1|0|06|c|03|02|01|00|xx|xx|1|0|0|0|00
DBG|1|0|08|b|03|03|01|00|xx|xx|1|0|0|0|00
DBG|1|0|0a|2|01|03|01|00|xx|xx|1|0|0|0|00
DBG|1|0|0b|c|01|03|01|00|xx|xx|1|0|0|0|00
DBG|1|0|0d|a|01|03|01|00|xx|xx|1|0|0|0|00
DBG|1|0|0f|c|02|03|01|00|xx|xx|1|0|0|0|00
DBG|1|0|11|b|02|02|01|00|xx|xx|1|0|0|0|00
DBG|1|0|13|1|01|02|01|00|xx|xx|1|0|0|0|00
DBG|1|0|14|e|ff|02|01|00|xx|xx|1|0|0|0|00
DBG|1|0|04|a|ff|02|01|00|xx|xx|1|0|0|0|00
DBG|1|0|06|c|03|02|01|00|xx|xx|1|0|0|0|00
DBG|1|0|08|b|03|03|01|00|xx|xx|1|0|0|0|00
DBG|1|0|0a|2|01|03|01|00|xx|xx|1|0|0|0|00
DBG|1|0|0b|c|01|03|01|00|xx|xx|1|0|0|0|00
DBG|1|0|0d|a|01|03|01|00|xx|xx|1|0|0|0|00
DBG|1|0|0f|c|02|03|01|00|xx|xx|1|0|0|0|00
DBG|1|0|11|b|02|02|01|00|xx|xx|1|0|0|0|00
DBG|1|0|13|1|01|02|01|00|xx|xx|1|0|0|0|00
DBG|1|0|14|e|ff|02|01|00|xx|xx|1|0|0|0|00
DBG|1|0|04|a|ff|02|01|00|xx|xx|1|0|0|0|00
DBG|1|0|06|c|03|02|01|00|xx|xx|1|0|0|0|00
DBG|1|0|08|b|03|03|01|00|xx|xx|1|0|0|0|00
DBG|1|0|0a|2|01|03|01|00|xx|xx|1|0|0|0|00
DBG|1|0|0b|c|01|03|01|00|xx|xx|1|0|0|0|00
DBG|1|0|0d|a|01|03|01|00|xx|xx|1|0|0|0|00
DBG|1|0|0f|c|02|03|01|00|xx|xx|1|0|0|0|00
DBG|1|0|11|b|02|02|01|00|xx|xx|1|0|0|0|00
DBG|1|0|13|1|01|02|01|00|xx|xx|1|0|0|0|00
DBG|1|0|14|e|ff|02|01|00|xx|xx|1|0|0|0|00
DBG|1|0|04|a|ff|02|01|00|xx|xx|1|0|0|0|00
DBG|1|0|06|c|03|02|01|00|xx|xx|1|0|0|0|00
DBG|1|0|08|b|03|03|01|00|xx|xx|1|0|0|0|00
DBG|1|0|0a|2|01|03|01|00|xx|xx|1|0|0|0|00
DBG|1|0|0b|c|01|03|01|00|xx|xx|1|0|0|0|00
DBG|1|0|0d|a|01|03|01|00|xx|xx|1|0|0|0|00
DBG|1|0|0f|c|02|03|01|00|xx|xx|1|0|0|0|00
DBG|1|0|11|b|02|02|01|00|xx|xx|1|0|0|0|00
DBG|1|0|13|1|01|02|01|00|xx|xx|1|0|0|0|00
DBG|1|0|14|e|ff|02|01|00|xx|xx|1|0|0|0|00
DBG|1|0|04|a|ff|02|01|00|xx|xx|1|0|0|0|00
DBG|1|0|06|c|03|02|01|00|xx|xx|1|0|0|0|00
DBG|1|0|08|b|03|03|01|00|xx|xx|1|0|0|0|00
DBG|1|0|0a|2|01|03|01|00|xx|xx|1|0|0|0|00
DBG|1|0|0b|c|01|03|01|00|xx|xx|1|0|0|0|00
DBG|1|0|0d|a|01|03|01|00|xx|xx|1|0|0|0|00
DBG|1|0|0f|c|02|03|01|00|xx|xx|1|0|0|0|00
DBG|1|0|11|b|02|02|01|00|xx|xx|1|0|0|0|00
DBG|1|0|13|1|01|02|01|00|xx|xx|1|0|0|0|00
DBG|1|0|14|e|ff|02|01|00|xx|xx|1|0|0|0|00
DBG|1|0|04|a|ff|02|01|00|xx|xx|1|0|0|0|00
DBG|1|0|06|c|03|02|01|00|xx|xx|1|0|0|0|00
DBG|1|0|08|b|03|03|01|00|xx|xx|1|0|0|0|00
DBG|1|0|0a|2|01|03|01|00|xx|xx|1|0|0|0|00
DBG|1|0|0b|c|01|03|01|00|xx|xx|1|0|0|0|00
DBG|1|0|0d|a|01|03|01|00|xx|xx|1|0|0|0|00
DBG|1|0|0f|c|02|03|01|00|xx|xx|1|0|0|0|00
DBG|1|0|11|b|02|02|01|00|xx|xx|1|0|0|0|00
DBG|1|0|13|1|01|02|01|00|xx|xx|1|0|0|0|00
DBG|1|0|14|e|ff|02|01|00|xx|xx|1|0|0|0|00
DBG|1|0|04|a|ff|02|01|00|xx|xx|1|0|0|0|00
DBG|1|0|06|c|03|02|01|00|xx|xx|1|0|0|0|00
DBG|1|0|08|b|03|03|01|00|xx|xx|1|0|0|0|00
DBG|1|0|0a|2|01|03|01|00|xx|xx|1|0|0|0|00
DBG|1|0|0b|c|01|03|01|00|xx|xx|1|0|0|0|00
DBG|1|0|0d|a|01|03|01|00|xx|xx|1|0|0|0|00
DBG|1|0|0f|c|02|03|01|00|xx|xx|1|0|0|0|00
DBG|1|0|11|b|02|02|01|00|xx|xx|1|0|0|0|00
DBG|1|0|13|1|01|02|01|00|xx|xx|1|0|0|0|00
DBG|1|0|14|e|ff|02|01|00|xx|xx|1|0|0|0|00
DBG|1|0|04|a|ff|02|01|00|xx|xx|1|0|0|0|00
DBG|1|0|06|c|03|02|01|00|xx|xx|1|0|0|0|00
DBG|1|0|08|b|03|03|01|00|xx|xx|1|0|0|0|00
DBG|1|0|0a|2|01|03|01|00|xx|xx|1|0|0|0|00
DBG|1|0|0b|c|01|03|01|00|xx|xx|1|0|0|0|00
DBG|1|0|0d|a|01|03|01|00|xx|xx|1|0|0|0|00
DBG|1|0|0f|c|02|03|01|00|xx|xx|1|0|0|0|00
DBG|1|0|11|b|02|02|01|00|xx|xx|1|0|0|0|00
DBG|1|0|13|1|01|02|01|00|xx|xx|1|0|0|0|00
DBG|1|0|14|e|ff|02|01|00|xx|xx|1|0|0|0|00
DBG|1|0|04|a|ff|02|01|00|xx|xx|1|0|0|0|00
DBG|1|0|06|c|03|02|01|00|xx|xx|1|0|0|0|00
DBG|1|0|08|b|03|03|01|00|xx|xx|1|0|0|0|00
DBG|1|0|0a|2|01|03|01|00|xx|xx|1|0|0|0|00
DBG|1|0|0b|c|01|03|01|00|xx|xx|1|0|0|0|00
DBG|1|0|0d|a|01|03|01|00|xx|xx|1|0|0|0|00
DBG|1|0|0f|c|02|03|01|00|xx|xx|1|0|0|0|00
DBG|1|0|11|b|02|02|01|00|xx|xx|1|0|0|0|00
DBG|1|0|13|1|01|02|01|00|xx|xx|1|0|0|0|00
DBG|1|0|14|e|ff|02|01|00|xx|xx|1|0|0|0|00
DBG|1|0|04|a|ff|02|01|00|xx|xx|1|0|0|0|00
DBG|1|0|06|c|03|02|01|00|xx|xx|1|0|0|0|00
DBG|1|0|08|b|03|03|01|00|xx|xx|1|0|0|0|00
DBG|1|0|0a|2|01|03|01|00|xx|xx|1|0|0|0|00
DBG|1|0|0b|c|01|03|01|00|xx|xx|1|0|0|0|00
DBG|1|0|0d|a|01|03|01|00|xx|xx|1|0|0|0|00
DBG|1|0|0f|c|02|03|01|00|xx|xx|1|0|0|0|00
DBG|1|0|11|b|02|02|01|00|xx|xx|1|0|0|0|00
DBG|1|0|13|1|01|02|01|00|xx|xx|1|0|0|0|00
DBG|1|0|14|e|ff|02|01|00|xx|xx|1|0|0|0|00
DBG|1|0|04|a|ff|02|01|00|xx|xx|1|0|0|0|00
DBG|1|0|06|c|03|02|01|00|xx|xx|1|0|0|0|00
DBG|1|0|08|b|03|03|01|00|xx|xx|1|0|0|0|00
DBG|1|0|0a|2|01|03|01|00|xx|xx|1|0|0|0|00
DBG|1|0|0b|c|01|03|01|00|xx|xx|1|0|0|0|00
DBG|1|0|0d|a|01|03|01|00|xx|xx|1|0|0|0|00
DBG|1|0|0f|c|02|03|01|00|xx|xx|1|0|0|0|00
DBG|1|0|11|b|02|02|01|00|xx|xx|1|0|0|0|00
DBG|1|0|13|1|01|02|01|00|xx|xx|1|0|0|0|00
DBG|1|0|14|e|ff|02|01|00|xx|xx|1|0|0|0|00
DBG|1|0|04|a|ff|02|01|00|xx|xx|1|0|0|0|00
DBG|1|0|06|c|03|02|01|00|xx|xx|1|0|0|0|00
DBG|1|0|08|b|03|03|01|00|xx|xx|1|0|0|0|00
DBG|1|0|0a|2|01|03|01|00|xx|xx|1|0|0|0|00
DBG|1|0|0b|c|01|03|01|00|xx|xx|1|0|0|0|00
DBG|1|0|0d|a|01|03|01|00|xx|xx|1|0|0|0|00
DBG|1|0|0f|c|02|03|01|00|xx|xx|1|0|0|0|00
DBG|1|0|11|b|02|02|01|00|xx|xx|1|0|0|0|00
DBG|1|0|13|1|01|02|01|00|xx|xx|1|0|0|0|00
DBG|1|0|14|e|ff|02|01|00|xx|xx|1|0|0|0|00
DBG|1|0|04|a|ff|02|01|00|xx|xx|1|0|0|0|00
DBG|1|0|06|c|03|02|01|00|xx|xx|1|0|0|0|00
DBG|1|0|08|b|03|03|01|00|xx|xx|1|0|0|0|00
DBG|1|0|0a|2|01|03|01|00|xx|xx|1|0|0|0|00
DBG|1|0|0b|c|01|03|01|00|xx|xx|1|0|0|0|00
DBG|1|0|0d|a|01|03|01|00|xx|xx|1|0|0|0|00
DBG|1|0|0f|c|02|03|01|00|xx|xx|1|0|0|0|00
DBG|1|0|11|b|02|02|01|00|xx|xx|1|0|0|0|00
DBG|1|0|13|1|01|02|01|00|xx|xx|1|0|0|0|00
DBG|1|0|14|e|ff|02|01|00|xx|xx|1|0|0|0|00
DBG|1|0|04|a|ff|02|01|00|xx|xx|1|0|0|0|00
DBG|1|0|06|c|03|02|01|00|xx|xx|1|0|0|0|00
DBG|1|0|08|b|03|03|01|00|xx|xx|1|0|0|0|00
DBG|1|0|0a|2|01|03|01|00|xx|xx|1|0|0|0|00
DBG|1|0|0b|c|01|03|01|00|xx|xx|1|0|0|0|00
DBG|1|0|0d|a|01|03|01|00|xx|xx|1|0|0|0|00
DBG|1|0|0f|c|02|03|01|00|xx|xx|1|0|0|0|00
DBG|1|0|11|b|02|02|01|00|xx|xx|1|0|0|0|00
DBG|1|0|13|1|01|02|01|00|xx|xx|1|0|0|0|00
DBG|1|0|14|e|ff|02|01|00|xx|xx|1|0|0|0|00
DBG|1|0|04|a|ff|02|01|00|xx|xx|1|0|0|0|00
DBG|1|0|06|c|03|02|01|00|xx|xx|1|0|0|0|00
DBG|1|0|08|b|03|03|01|00|xx|xx|1|0|0|0|00
DBG|1|0|0a|2|01|03|01|00|xx|xx|1|0|0|0|00
DBG|1|0|0b|c|01|03|01|00|xx|xx|1|0|0|0|00
DBG|1|0|0d|a|01|03|01|00|xx|xx|1|0|0|0|00
DBG|1|0|0f|c|02|03|01|00|xx|xx|1|0|0|0|00
DBG|1|0|11|b|02|02|01|00|xx|xx|1|0|0|0|00
DBG|1|0|13|1|01|02|01|00|xx|xx|1|0|0|0|00
DBG|1|0|14|e|ff|02|01|00|xx|xx|1|0|0|0|00
DBG|1|0|04|a|ff|02|01|00|xx|xx|1|0|0|0|00
DBG|1|0|06|c|03|02|01|00|xx|xx|1|0|0|0|00
DBG|1|0|08|b|03|03|01|00|xx|xx|1|0|0|0|00
DBG|1|0|0a|2|01|03|01|00|xx|xx|1|0|0|0|00
DBG|1|0|0b|c|01|03|01|00|xx|xx|1|0|0|0|00
DBG|1|0|0d|a|01|03|01|00|xx|xx|1|0|0|0|00
DBG|1|0|0f|c|02|03|01|00|xx|xx|1|0|0|0|00
DBG|1|0|11|b|02|02|01|00|xx|xx|1|0|0|0|00
DBG|1|0|13|1|01|02|01|00|xx|xx|1|0|0|0|00
DBG|1|0|14|e|ff|02|01|00|xx|xx|1|0|0|0|00
DBG|1|0|04|a|ff|02|01|00|xx|xx|1|0|0|0|00
DBG|1|0|06|c|03|02|01|00|xx|xx|1|0|0|0|00
DBG|1|0|08|b|03|03|01|00|xx|xx|1|0|0|0|00
DBG|1|0|0a|2|01|03|01|00|xx|xx|1|0|0|0|00
DBG|1|0|0b|c|01|03|01|00|xx|xx|1|0|0|0|00
DBG|1|0|0d|a|01|03|01|00|xx|xx|1|0|0|0|00
DBG|1|0|0f|c|02|03|01|00|xx|xx|1|0|0|0|00
DBG|1|0|11|b|02|02|01|00|xx|xx|1|0|0|0|00
DBG|1|0|13|1|01|02|01|00|xx|xx|1|0|0|0|00
DBG|1|0|14|e|ff|02|01|00|xx|xx|1|0|0|0|00
DBG|1|0|04|a|ff|02|01|00|xx|xx|1|0|0|0|00
DBG|1|0|06|c|03|02|01|00|xx|xx|1|0|0|0|00
DBG|1|0|08|b|03|03|01|00|xx|xx|1|0|0|0|00
DBG|1|0|0a|2|01|03|01|00|xx|xx|1|0|0|0|00
DBG|1|0|0b|c|01|03|01|00|xx|xx|1|0|0|0|00
DBG|1|0|0d|a|01|03|01|00|xx|xx|1|0|0|0|00
DBG|1|0|0f|c|02|03|01|00|xx|xx|1|0|0|0|00
DBG|1|0|11|b|02|02|01|00|xx|xx|1|0|0|0|00
DBG|1|0|13|1|01|02|01|00|xx|xx|1|0|0|0|00
DBG|1|0|14|e|ff|02|01|00|xx|xx|1|0|0|0|00
DBG|1|0|04|a|ff|02|01|00|xx|xx|1|0|0|0|00
DBG|1|0|06|c|03|02|01|00|xx|xx|1|0|0|0|00
DBG|1|0|08|b|03|03|01|00|xx|xx|1|0|0|0|00
DBG|1|0|0a|2|01|03|01|00|xx|xx|1|0|0|0|00
DBG|1|0|0b|c|01|03|01|00|xx|xx|1|0|0|0|00
DBG|1|0|0d|a|01|03|01|00|xx|xx|1|0|0|0|00
DBG|1|0|0f|c|02|03|01|00|xx|xx|1|0|0|0|00
DBG|1|0|11|b|02|02|01|00|xx|xx|1|0|0|0|00
DBG|1|0|13|1|01|02|01|00|xx|xx|1|0|0|0|00
DBG|1|0|14|e|ff|02|01|00|xx|xx|1|0|0|0|00
DBG|1|0|04|a|ff|02|01|00|xx|xx|1|0|0|0|00
DBG|1|0|06|c|03|02|01|00|xx|xx|1|0|0|0|00
DBG|1|0|08|b|03|03|01|00|xx|xx|1|0|0|0|00
DBG|1|0|0a|2|01|03|01|00|xx|xx|1|0|0|0|00
DBG|1|0|0b|c|01|03|01|00|xx|xx|1|0|0|0|00
DBG|1|0|0d|a|01|03|01|00|xx|xx|1|0|0|0|00
DBG|1|0|0f|c|02|03|01|00|xx|xx|1|0|0|0|00
DBG|1|0|11|b|02|02|01|00|xx|xx|1|0|0|0|00
DBG|1|0|13|1|01|02|01|00|xx|xx|1|0|0|0|00
DBG|1|0|14|e|ff|02|01|00|xx|xx|1|0|0|0|00
DBG|1|0|04|a|ff|02|01|00|xx|xx|1|0|0|0|00
DBG|1|0|06|c|03|02|01|00|xx|xx|1|0|0|0|00
DBG|1|0|08|b|03|03|01|00|xx|xx|1|0|0|0|00
DBG|1|0|0a|2|01|03|01|00|xx|xx|1|0|0|0|00
DBG|1|0|0b|c|01|03|01|00|xx|xx|1|0|0|0|00
DBG|1|0|0d|a|01|03|01|00|xx|xx|1|0|0|0|00
DBG|1|0|0f|c|02|03|01|00|xx|xx|1|0|0|0|00
DBG|1|0|11|b|02|02|01|00|xx|xx|1|0|0|0|00
DBG|1|0|13|1|01|02|01|00|xx|xx|1|0|0|0|00
DBG|1|0|14|e|ff|02|01|00|xx|xx|1|0|0|0|00
DBG|1|0|04|a|ff|02|01|00|xx|xx|1|0|0|0|00
DBG|1|0|06|c|03|02|01|00|xx|xx|1|0|0|0|00
DBG|1|0|08|b|03|03|01|00|xx|xx|1|0|0|0|00
DBG|1|0|0a|2|01|03|01|00|xx|xx|1|0|0|0|00
DBG|1|0|0b|c|01|03|01|00|xx|xx|1|0|0|0|00
DBG|1|0|0d|a|01|03|01|00|xx|xx|1|0|0|0|00
DBG|1|0|0f|c|02|03|01|00|xx|xx|1|0|0|0|00
DBG|1|0|11|b|02|02|01|00|xx|xx|1|0|0|0|00
DBG|1|0|13|1|01|02|01|00|xx|xx|1|0|0|0|00
DBG|1|0|14|e|ff|02|01|00|xx|xx|1|0|0|0|00
DBG|1|0|04|a|ff|02|01|00|xx|xx|1|0|0|0|00
DBG|1|0|06|c|03|02|01|00|xx|xx|1|0|0|0|00
DBG|1|0|08|b|03|03|01|00|xx|xx|1|0|0|0|00
DBG|1|0|0a|2|01|03|01|00|xx|xx|1|0|0|0|00
DBG|1|0|0b|c|01|03|01|00|xx|xx|1|0|0|0|00
DBG|1|0|0d|a|01|03|01|00|xx|xx|1|0|0|0|00
DBG|1|0|0f|c|02|03|01|00|xx|xx|1|0|0|0|00
DBG|1|0|11|b|02|02|01|00|xx|xx|1|0|0|0|00
DBG|1|0|13|1|01|02|01|00|xx|xx|1|0|0|0|00
DBG|1|0|14|e|ff|02|01|00|xx|xx|1|0|0|0|00
DBG|1|0|04|a|ff|02|01|00|xx|xx|1|0|0|0|00
DBG|1|0|06|c|03|02|01|00|xx|xx|1|0|0|0|00
DBG|1|0|08|b|03|03|01|00|xx|xx|1|0|0|0|00
DBG|1|0|0a|2|01|03|01|00|xx|xx|1|0|0|0|00
DBG|1|0|0b|c|01|03|01|00|xx|xx|1|0|0|0|00
DBG|1|0|0d|a|01|03|01|00|xx|xx|1|0|0|0|00
DBG|1|0|0f|c|02|03|01|00|xx|xx|1|0|0|0|00
DBG|1|0|11|b|02|02|01|00|xx|xx|1|0|0|0|00
DBG|1|0|13|1|01|02|01|00|xx|xx|1|0|0|0|00
DBG|1|0|14|e|ff|02|01|00|xx|xx|1|0|0|0|00
DBG|1|0|04|a|ff|02|01|00|xx|xx|1|0|0|0|00
DBG|1|0|06|c|03|02|01|00|xx|xx|1|0|0|0|00
DBG|1|0|08|b|03|03|01|00|xx|xx|1|0|0|0|00
DBG|1|0|0a|2|01|03|01|00|xx|xx|1|0|0|0|00
DBG|1|0|0b|c|01|03|01|00|xx|xx|1|0|0|0|00
DBG|1|0|0d|a|01|03|01|00|xx|xx|1|0|0|0|00
DBG|1|0|0f|c|02|03|01|00|xx|xx|1|0|0|0|00
DBG|1|0|11|b|02|02|01|00|xx|xx|1|0|0|0|00
DBG|1|0|13|1|01|02|01|00|xx|xx|1|0|0|0|00
DBG|1|0|14|e|ff|02|01|00|xx|xx|1|0|0|0|00
DBG|1|0|04|a|ff|02|01|00|xx|xx|1|0|0|0|00
DBG|1|0|06|c|03|02|01|00|xx|xx|1|0|0|0|00
DBG|1|0|08|b|03|03|01|00|xx|xx|1|0|0|0|00
DBG|1|0|0a|2|01|03|01|00|xx|xx|1|0|0|0|00
DBG|1|0|0b|c|01|03|01|00|xx|xx|1|0|0|0|00
DBG|1|0|0d|a|01|03|01|00|xx|xx|1|0|0|0|00
DBG|1|0|0f|c|02|03|01|00|xx|xx|1|0|0|0|00
DBG|1|0|11|b|02|02|01|00|xx|xx|1|0|0|0|00
DBG|1|0|13|1|01|02|01|00|xx|xx|1|0|0|0|00
DBG|1|0|14|e|ff|02|01|00|xx|xx|1|0|0|0|00
DBG|1|0|04|a|ff|02|01|00|xx|xx|1|0|0|0|00
DBG|1|0|06|c|03|02|01|00|xx|xx|1|0|0|0|00
DBG|1|0|08|b|03|03|01|00|xx|xx|1|0|0|0|00
DBG|1|0|0a|2|01|03|01|00|xx|xx|1|0|0|0|00
DBG|1|0|0b|c|01|03|01|00|xx|xx|1|0|0|0|00
DBG|1|0|0d|a|01|03|01|00|xx|xx|1|0|0|0|00
DBG|1|0|0f|c|02|03|01|00|xx|xx|1|0|0|0|00
DBG|1|0|11|b|02|02|01|00|xx|xx|1|0|0|0|00
DBG|1|0|13|1|01|02|01|00|xx|xx|1|0|0|0|00
DBG|1|0|14|e|ff|02|01|00|xx|xx|1|0|0|0|00
DBG|1|0|04|a|ff|02|01|00|xx|xx|1|0|0|0|00
DBG|1|0|06|c|03|02|01|00|xx|xx|1|0|0|0|00
DBG|1|0|08|b|03|03|01|00|xx|xx|1|0|0|0|00
DBG|1|0|0a|2|01|03|01|00|xx|xx|1|0|0|0|00
DBG|1|0|0b|c|01|03|01|00|xx|xx|1|0|0|0|00
DBG|1|0|0d|a|01|03|01|00|xx|xx|1|0|0|0|00
DBG|1|0|0f|c|02|03|01|00|xx|xx|1|0|0|0|00
DBG|1|0|11|b|02|02|01|00|xx|xx|1|0|0|0|00
DBG|1|0|13|1|01|02|01|00|xx|xx|1|0|0|0|00
DBG|1|0|14|e|ff|02|01|00|xx|xx|1|0|0|0|00
DBG|1|0|04|a|ff|02|01|00|xx|xx|1|0|0|0|00
DBG|1|0|06|c|03|02|01|00|xx|xx|1|0|0|0|00
DBG|1|0|08|b|03|03|01|00|xx|xx|1|0|0|0|00
DBG|1|0|0a|2|01|03|01|00|xx|xx|1|0|0|0|00
DBG|1|0|0b|c|01|03|01|00|xx|xx|1|0|0|0|00
DBG|1|0|0d|a|01|03|01|00|xx|xx|1|0|0|0|00
DBG|1|0|0f|c|02|03|01|00|xx|xx|1|0|0|0|00
DBG|1|0|11|b|02|02|01|00|xx|xx|1|0|0|0|00
DBG|1|0|13|1|01|02|01|00|xx|xx|1|0|0|0|00
DBG|1|0|14|e|ff|02|01|00|xx|xx|1|0|0|0|00
DBG|1|0|04|a|ff|02|01|00|xx|xx|1|0|0|0|00
DBG|1|0|06|c|03|02|01|00|xx|xx|1|0|0|0|00
DBG|1|0|08|b|03|03|01|00|xx|xx|1|0|0|0|00
DBG|1|0|0a|2|01|03|01|00|xx|xx|1|0|0|0|00
DBG|1|0|0b|c|01|03|01|00|xx|xx|1|0|0|0|00
DBG|1|0|0d|a|01|03|01|00|xx|xx|1|0|0|0|00
DBG|1|0|0f|c|02|03|01|00|xx|xx|1|0|0|0|00
DBG|1|0|11|b|02|02|01|00|xx|xx|1|0|0|0|00
DBG|1|0|13|1|01|02|01|00|xx|xx|1|0|0|0|00
DBG|1|0|14|e|ff|02|01|00|xx|xx|1|0|0|0|00
DBG|1|0|04|a|ff|02|01|00|xx|xx|1|0|0|0|00
DBG|1|0|06|c|03|02|01|00|xx|xx|1|0|0|0|00
DBG|1|0|08|b|03|03|01|00|xx|xx|1|0|0|0|00
DBG|1|0|0a|2|01|03|01|00|xx|xx|1|0|0|0|00
DBG|1|0|0b|c|01|03|01|00|xx|xx|1|0|0|0|00
DBG|1|0|0d|a|01|03|01|00|xx|xx|1|0|0|0|00
DBG|1|0|0f|c|02|03|01|00|xx|xx|1|0|0|0|00
DBG|1|0|11|b|02|02|01|00|xx|xx|1|0|0|0|00
DBG|1|0|13|1|01|02|01|00|xx|xx|1|0|0|0|00
DBG|1|0|14|e|ff|02|01|00|xx|xx|1|0|0|0|00
DBG|1|0|04|a|ff|02|01|00|xx|xx|1|0|0|0|00
DBG|1|0|06|c|03|02|01|00|xx|xx|1|0|0|0|00
DBG|1|0|08|b|03|03|01|00|xx|xx|1|0|0|0|00
DBG|1|0|0a|2|01|03|01|00|xx|xx|1|0|0|0|00
DBG|1|0|0b|c|01|03|01|00|xx|xx|1|0|0|0|00
DBG|1|0|0d|a|01|03|01|00|xx|xx|1|0|0|0|00
DBG|1|0|0f|c|02|03|01|00|xx|xx|1|0|0|0|00
DBG|1|0|11|b|02|02|01|00|xx|xx|1|0|0|0|00
DBG|1|0|13|1|01|02|01|00|xx|xx|1|0|0|0|00
DBG|1|0|14|e|ff|02|01|00|xx|xx|1|0|0|0|00
DBG|1|0|04|a|ff|02|01|00|xx|xx|1|0|0|0|00
DBG|1|0|06|c|03|02|01|00|xx|xx|1|0|0|0|00
DBG|1|0|08|b|03|03|01|00|xx|xx|1|0|0|0|00
DBG|1|0|0a|2|01|03|01|00|xx|xx|1|0|0|0|00
Reading from CPU 1 (Slave) TX FIFO...
DBG|1|0|0b|c|01|03|01|00|xx|xx|1|0|0|0|00
DBG|1|0|0d|a|01|03|01|00|xx|xx|1|0|0|0|00
DBG|1|0|0f|c|02|03|01|00|xx|xx|1|0|0|0|00
DBG|1|0|11|b|02|02|01|00|xx|xx|1|0|0|0|00
DBG|1|0|13|1|01|02|01|00|xx|xx|1|0|0|0|00
DBG|1|0|14|e|ff|02|01|00|xx|xx|1|0|0|0|00
DBG|1|0|04|a|ff|02|01|00|xx|xx|1|0|0|0|00
DBG|1|0|06|c|03|02|01|00|xx|xx|1|0|0|0|00
DBG|1|0|08|b|03|03|01|00|xx|xx|1|0|0|0|00
DBG|1|0|0a|2|01|03|01|00|xx|xx|1|0|0|0|00
DBG|1|0|0b|c|01|03|01|00|xx|xx|1|0|0|0|00
DBG|1|0|0d|a|01|03|01|00|xx|xx|1|0|0|0|00
DBG|1|0|0f|c|02|03|01|00|xx|xx|1|0|0|0|00
DBG|1|0|11|b|02|02|01|00|xx|xx|1|0|0|0|00
DBG|1|0|13|1|01|02|01|00|xx|xx|1|0|0|0|00
DBG|1|0|14|e|ff|02|01|00|xx|xx|1|0|0|0|00
DBG|1|0|04|a|ff|02|01|00|xx|xx|1|0|0|0|00
DBG|1|0|06|c|03|02|01|00|xx|xx|1|0|0|0|00
DBG|1|0|08|b|03|03|01|00|xx|xx|1|0|0|0|00
DBG|1|0|0a|2|01|03|01|00|xx|xx|1|0|0|0|00
DBG|1|0|0b|c|01|03|01|00|xx|xx|1|0|0|0|00
DBG|1|0|0d|a|01|03|01|00|xx|xx|1|0|0|0|00
DBG|1|0|0f|c|02|03|01|00|xx|xx|1|0|0|0|00
DBG|1|0|11|b|02|02|01|00|xx|xx|1|0|0|0|00
DBG|1|0|13|1|01|02|01|00|xx|xx|1|0|0|0|00
DBG|1|0|14|e|ff|02|01|00|xx|xx|1|0|0|0|00
DBG|1|0|04|a|ff|02|01|00|xx|xx|1|0|0|0|00
DBG|1|0|06|c|03|02|01|00|xx|xx|1|0|0|0|00
DBG|1|0|08|b|03|03|01|00|xx|xx|1|0|0|0|00
DBG|1|0|0a|2|01|03|01|00|xx|xx|1|0|0|0|00
DBG|1|0|0b|c|01|03|01|00|xx|xx|1|0|0|0|00
DBG|1|0|0d|a|01|03|01|00|xx|xx|1|0|0|0|00
DBG|1|0|0f|c|02|03|01|00|xx|xx|1|0|0|0|00
DBG|1|0|11|b|02|02|01|00|xx|xx|1|0|0|0|00
DBG|1|0|13|1|01|02|01|00|xx|xx|1|0|0|0|00
DBG|1|0|14|e|ff|02|01|00|xx|xx|1|0|0|0|00
DBG|1|0|04|a|ff|02|01|00|xx|xx|1|0|0|0|00
DBG|1|0|06|c|03|02|01|00|xx|xx|1|0|0|0|00
DBG|1|0|08|b|03|03|01|00|xx|xx|1|0|0|0|00
DBG|1|0|0a|2|01|03|01|00|xx|xx|1|0|0|0|00
DBG|1|0|0b|c|01|03|01|00|xx|xx|1|0|0|0|00
DBG|1|0|0d|a|01|03|01|00|xx|xx|1|0|0|0|00
DBG|1|0|0f|c|02|03|01|00|xx|xx|1|0|0|0|00
DBG|1|0|11|b|02|02|01|00|xx|xx|1|0|0|0|00
DBG|1|0|13|1|01|02|01|00|xx|xx|1|0|0|0|00
DBG|1|0|14|e|ff|02|01|00|xx|xx|1|0|0|0|00
DBG|1|0|04|a|ff|02|01|00|xx|xx|1|0|0|0|00
DBG|1|0|06|c|03|02|01|00|xx|xx|1|0|0|0|00
DBG|1|0|08|b|03|03|01|00|xx|xx|1|0|0|0|00
DBG|1|0|0a|2|01|03|01|00|xx|xx|1|0|0|0|00
DBG|1|0|0b|c|01|03|01|00|xx|xx|1|0|0|0|00
DBG|1|0|0d|a|01|03|01|00|xx|xx|1|0|0|0|00
DBG|1|0|0f|c|02|03|01|00|xx|xx|1|0|0|0|00
DBG|1|0|11|b|02|02|01|00|xx|xx|1|0|0|0|00
DBG|1|0|13|1|01|02|01|00|xx|xx|1|0|0|0|00
Received Data: 0x77
LOOPBACK PASSED!
DBG|1|0|14|e|ff|02|01|00|xx|xx|1|0|0|0|00
DBG|1|0|04|a|ff|02|01|00|xx|xx|1|0|0|0|00
DBG|1|0|06|c|03|02|01|00|xx|xx|1|0|0|0|00
DBG|1|0|08|b|03|03|01|00|xx|xx|1|0|0|0|00
DBG|1|0|0a|2|01|03|01|00|xx|xx|1|0|0|0|00
DBG|1|0|0b|c|01|03|01|00|xx|xx|1|0|0|0|00
DBG|1|0|0d|a|01|03|01|00|xx|xx|1|0|0|0|00
DBG|1|0|0f|c|02|03|01|00|xx|xx|1|0|0|0|00
DBG|1|0|11|b|02|02|01|00|xx|xx|1|0|0|0|00
DBG|1|0|13|1|01|02|01|00|xx|xx|1|0|0|0|00
DBG|1|0|14|e|ff|02|01|00|xx|xx|1|0|0|0|00
DBG|1|0|04|a|ff|02|01|00|xx|xx|1|0|0|0|00
DBG|1|0|06|c|03|02|01|00|xx|xx|1|0|0|0|00
DBG|1|0|08|b|03|03|01|00|xx|xx|1|0|0|0|00
DBG|1|0|0a|2|01|03|01|00|xx|xx|1|0|0|0|00
DBG|1|0|0b|c|01|03|01|00|xx|xx|1|0|0|0|00
DBG|1|0|0d|a|01|03|01|00|xx|xx|1|0|0|0|00
[Test 3.3] Completed. Check test_3_3_i2c_loopback.vcd
tests/test_3_3_i2c_loopback.v:110: $finish called at 878320000 (1ps)
